solid ASCII
  facet normal 1.000000e+00 -0.000000e+00 0.000000e+00
    outer loop
      vertex   8.500000e-03 8.506859e-02 -3.000000e-03
      vertex   8.500000e-03 8.506859e-02 -3.200000e-03
      vertex   8.500000e-03 9.026474e-02 -3.000000e-03
    endloop
  endfacet
  facet normal 1.000000e+00 0.000000e+00 0.000000e+00
    outer loop
      vertex   8.500000e-03 9.026474e-02 -3.000000e-03
      vertex   8.500000e-03 8.506859e-02 -3.200000e-03
      vertex   8.500000e-03 9.026474e-02 -3.200000e-03
    endloop
  endfacet
  facet normal 3.826834e-01 9.238795e-01 -0.000000e+00
    outer loop
      vertex   8.500000e-03 8.506859e-02 -3.200000e-03
      vertex   8.500000e-03 8.506859e-02 -3.000000e-03
      vertex   9.223543e-03 8.476889e-02 -3.200000e-03
    endloop
  endfacet
  facet normal 3.826834e-01 9.238795e-01 -0.000000e+00
    outer loop
      vertex   9.223543e-03 8.476889e-02 -3.200000e-03
      vertex   8.500000e-03 8.506859e-02 -3.000000e-03
      vertex   9.223543e-03 8.476889e-02 -3.000000e-03
    endloop
  endfacet
  facet normal 1.305262e-01 9.914449e-01 -0.000000e+00
    outer loop
      vertex   9.223543e-03 8.476889e-02 -3.200000e-03
      vertex   9.223543e-03 8.476889e-02 -3.000000e-03
      vertex   1.000000e-02 8.466667e-02 -3.200000e-03
    endloop
  endfacet
  facet normal 1.305262e-01 9.914449e-01 -0.000000e+00
    outer loop
      vertex   1.000000e-02 8.466667e-02 -3.200000e-03
      vertex   9.223543e-03 8.476889e-02 -3.000000e-03
      vertex   1.000000e-02 8.466667e-02 -3.000000e-03
    endloop
  endfacet
  facet normal -1.305262e-01 9.914449e-01 0.000000e+00
    outer loop
      vertex   1.000000e-02 8.466667e-02 -3.200000e-03
      vertex   1.000000e-02 8.466667e-02 -3.000000e-03
      vertex   1.077646e-02 8.476889e-02 -3.200000e-03
    endloop
  endfacet
  facet normal -1.305262e-01 9.914449e-01 0.000000e+00
    outer loop
      vertex   1.077646e-02 8.476889e-02 -3.200000e-03
      vertex   1.000000e-02 8.466667e-02 -3.000000e-03
      vertex   1.077646e-02 8.476889e-02 -3.000000e-03
    endloop
  endfacet
  facet normal -3.826834e-01 9.238795e-01 0.000000e+00
    outer loop
      vertex   1.077646e-02 8.476889e-02 -3.200000e-03
      vertex   1.077646e-02 8.476889e-02 -3.000000e-03
      vertex   1.150000e-02 8.506859e-02 -3.200000e-03
    endloop
  endfacet
  facet normal -3.826834e-01 9.238795e-01 0.000000e+00
    outer loop
      vertex   1.150000e-02 8.506859e-02 -3.200000e-03
      vertex   1.077646e-02 8.476889e-02 -3.000000e-03
      vertex   1.150000e-02 8.506859e-02 -3.000000e-03
    endloop
  endfacet
  facet normal -1.000000e+00 -0.000000e+00 -0.000000e+00
    outer loop
      vertex   1.150000e-02 9.026474e-02 -3.000000e-03
      vertex   1.150000e-02 9.026474e-02 -3.200000e-03
      vertex   1.150000e-02 8.506859e-02 -3.000000e-03
    endloop
  endfacet
  facet normal -1.000000e+00 0.000000e+00 0.000000e+00
    outer loop
      vertex   1.150000e-02 8.506859e-02 -3.000000e-03
      vertex   1.150000e-02 9.026474e-02 -3.200000e-03
      vertex   1.150000e-02 8.506859e-02 -3.200000e-03
    endloop
  endfacet
  facet normal -3.826834e-01 -9.238795e-01 0.000000e+00
    outer loop
      vertex   1.150000e-02 9.026474e-02 -3.200000e-03
      vertex   1.150000e-02 9.026474e-02 -3.000000e-03
      vertex   1.077646e-02 9.056444e-02 -3.200000e-03
    endloop
  endfacet
  facet normal -3.826834e-01 -9.238795e-01 0.000000e+00
    outer loop
      vertex   1.077646e-02 9.056444e-02 -3.200000e-03
      vertex   1.150000e-02 9.026474e-02 -3.000000e-03
      vertex   1.077646e-02 9.056444e-02 -3.000000e-03
    endloop
  endfacet
  facet normal -1.305262e-01 -9.914449e-01 0.000000e+00
    outer loop
      vertex   1.077646e-02 9.056444e-02 -3.200000e-03
      vertex   1.077646e-02 9.056444e-02 -3.000000e-03
      vertex   1.000000e-02 9.066667e-02 -3.200000e-03
    endloop
  endfacet
  facet normal -1.305262e-01 -9.914449e-01 0.000000e+00
    outer loop
      vertex   1.000000e-02 9.066667e-02 -3.200000e-03
      vertex   1.077646e-02 9.056444e-02 -3.000000e-03
      vertex   1.000000e-02 9.066667e-02 -3.000000e-03
    endloop
  endfacet
  facet normal 1.305262e-01 -9.914449e-01 0.000000e+00
    outer loop
      vertex   1.000000e-02 9.066667e-02 -3.200000e-03
      vertex   1.000000e-02 9.066667e-02 -3.000000e-03
      vertex   9.223543e-03 9.056444e-02 -3.200000e-03
    endloop
  endfacet
  facet normal 1.305262e-01 -9.914449e-01 0.000000e+00
    outer loop
      vertex   9.223543e-03 9.056444e-02 -3.200000e-03
      vertex   1.000000e-02 9.066667e-02 -3.000000e-03
      vertex   9.223543e-03 9.056444e-02 -3.000000e-03
    endloop
  endfacet
  facet normal 3.826834e-01 -9.238795e-01 0.000000e+00
    outer loop
      vertex   9.223543e-03 9.056444e-02 -3.200000e-03
      vertex   9.223543e-03 9.056444e-02 -3.000000e-03
      vertex   8.500000e-03 9.026474e-02 -3.200000e-03
    endloop
  endfacet
  facet normal 3.826834e-01 -9.238795e-01 0.000000e+00
    outer loop
      vertex   8.500000e-03 9.026474e-02 -3.200000e-03
      vertex   9.223543e-03 9.056444e-02 -3.000000e-03
      vertex   8.500000e-03 9.026474e-02 -3.000000e-03
    endloop
  endfacet
  facet normal -0.000000e+00 0.000000e+00 1.000000e+00
    outer loop
      vertex   8.500000e-03 9.026474e-02 -3.200000e-03
      vertex   8.500000e-03 8.506859e-02 -3.200000e-03
      vertex   9.223543e-03 9.056444e-02 -3.200000e-03
    endloop
  endfacet
  facet normal 0.000000e+00 0.000000e+00 1.000000e+00
    outer loop
      vertex   9.223543e-03 9.056444e-02 -3.200000e-03
      vertex   8.500000e-03 8.506859e-02 -3.200000e-03
      vertex   9.223543e-03 8.476889e-02 -3.200000e-03
    endloop
  endfacet
  facet normal -0.000000e+00 0.000000e+00 1.000000e+00
    outer loop
      vertex   9.223543e-03 9.056444e-02 -3.200000e-03
      vertex   9.223543e-03 8.476889e-02 -3.200000e-03
      vertex   1.000000e-02 9.066667e-02 -3.200000e-03
    endloop
  endfacet
  facet normal 0.000000e+00 0.000000e+00 1.000000e+00
    outer loop
      vertex   1.000000e-02 9.066667e-02 -3.200000e-03
      vertex   9.223543e-03 8.476889e-02 -3.200000e-03
      vertex   1.000000e-02 8.466667e-02 -3.200000e-03
    endloop
  endfacet
  facet normal 0.000000e+00 0.000000e+00 1.000000e+00
    outer loop
      vertex   1.000000e-02 9.066667e-02 -3.200000e-03
      vertex   1.000000e-02 8.466667e-02 -3.200000e-03
      vertex   1.077646e-02 8.476889e-02 -3.200000e-03
    endloop
  endfacet
  facet normal 0.000000e+00 0.000000e+00 1.000000e+00
    outer loop
      vertex   1.000000e-02 9.066667e-02 -3.200000e-03
      vertex   1.077646e-02 8.476889e-02 -3.200000e-03
      vertex   1.077646e-02 9.056444e-02 -3.200000e-03
    endloop
  endfacet
  facet normal 0.000000e+00 0.000000e+00 1.000000e+00
    outer loop
      vertex   1.077646e-02 9.056444e-02 -3.200000e-03
      vertex   1.077646e-02 8.476889e-02 -3.200000e-03
      vertex   1.150000e-02 8.506859e-02 -3.200000e-03
    endloop
  endfacet
  facet normal 0.000000e+00 0.000000e+00 1.000000e+00
    outer loop
      vertex   1.077646e-02 9.056444e-02 -3.200000e-03
      vertex   1.150000e-02 8.506859e-02 -3.200000e-03
      vertex   1.150000e-02 9.026474e-02 -3.200000e-03
    endloop
  endfacet
  facet normal 0.000000e+00 0.000000e+00 -1.000000e+00
    outer loop
      vertex   8.500000e-03 9.026474e-02 -3.000000e-03
      vertex   9.223543e-03 9.056444e-02 -3.000000e-03
      vertex   8.500000e-03 8.506859e-02 -3.000000e-03
    endloop
  endfacet
  facet normal 0.000000e+00 0.000000e+00 -1.000000e+00
    outer loop
      vertex   8.500000e-03 8.506859e-02 -3.000000e-03
      vertex   9.223543e-03 9.056444e-02 -3.000000e-03
      vertex   9.223543e-03 8.476889e-02 -3.000000e-03
    endloop
  endfacet
  facet normal 0.000000e+00 0.000000e+00 -1.000000e+00
    outer loop
      vertex   9.223543e-03 8.476889e-02 -3.000000e-03
      vertex   9.223543e-03 9.056444e-02 -3.000000e-03
      vertex   1.000000e-02 9.066667e-02 -3.000000e-03
    endloop
  endfacet
  facet normal 0.000000e+00 0.000000e+00 -1.000000e+00
    outer loop
      vertex   9.223543e-03 8.476889e-02 -3.000000e-03
      vertex   1.000000e-02 9.066667e-02 -3.000000e-03
      vertex   1.000000e-02 8.466667e-02 -3.000000e-03
    endloop
  endfacet
  facet normal 0.000000e+00 0.000000e+00 -1.000000e+00
    outer loop
      vertex   1.000000e-02 8.466667e-02 -3.000000e-03
      vertex   1.000000e-02 9.066667e-02 -3.000000e-03
      vertex   1.077646e-02 8.476889e-02 -3.000000e-03
    endloop
  endfacet
  facet normal 0.000000e+00 0.000000e+00 -1.000000e+00
    outer loop
      vertex   1.077646e-02 8.476889e-02 -3.000000e-03
      vertex   1.000000e-02 9.066667e-02 -3.000000e-03
      vertex   1.077646e-02 9.056444e-02 -3.000000e-03
    endloop
  endfacet
  facet normal 0.000000e+00 0.000000e+00 -1.000000e+00
    outer loop
      vertex   1.077646e-02 8.476889e-02 -3.000000e-03
      vertex   1.077646e-02 9.056444e-02 -3.000000e-03
      vertex   1.150000e-02 8.506859e-02 -3.000000e-03
    endloop
  endfacet
  facet normal 0.000000e+00 0.000000e+00 -1.000000e+00
    outer loop
      vertex   1.150000e-02 8.506859e-02 -3.000000e-03
      vertex   1.077646e-02 9.056444e-02 -3.000000e-03
      vertex   1.150000e-02 9.026474e-02 -3.000000e-03
    endloop
  endfacet
  facet normal 9.914449e-01 -1.305262e-01 -8.086673e-17
    outer loop
      vertex   -1.454489e-01 -9.611771e-03 -6.000000e-03
      vertex   -1.454489e-01 -9.611771e-03 -3.200000e-03
      vertex   -1.455000e-01 -1.000000e-02 -6.000000e-03
    endloop
  endfacet
  facet normal 9.914449e-01 -1.305262e-01 0.000000e+00
    outer loop
      vertex   -1.455000e-01 -1.000000e-02 -6.000000e-03
      vertex   -1.454489e-01 -9.611771e-03 -3.200000e-03
      vertex   -1.455000e-01 -1.000000e-02 -3.200000e-03
    endloop
  endfacet
  facet normal 9.914449e-01 1.305262e-01 -0.000000e+00
    outer loop
      vertex   -1.455000e-01 -1.000000e-02 -6.000000e-03
      vertex   -1.455000e-01 -1.000000e-02 -3.200000e-03
      vertex   -1.454489e-01 -1.038823e-02 -6.000000e-03
    endloop
  endfacet
  facet normal 9.914449e-01 1.305262e-01 -0.000000e+00
    outer loop
      vertex   -1.454489e-01 -1.038823e-02 -6.000000e-03
      vertex   -1.455000e-01 -1.000000e-02 -3.200000e-03
      vertex   -1.454489e-01 -1.038823e-02 -3.200000e-03
    endloop
  endfacet
  facet normal 9.238795e-01 3.826834e-01 -0.000000e+00
    outer loop
      vertex   -1.454489e-01 -1.038823e-02 -6.000000e-03
      vertex   -1.454489e-01 -1.038823e-02 -3.200000e-03
      vertex   -1.452990e-01 -1.075000e-02 -6.000000e-03
    endloop
  endfacet
  facet normal 9.238795e-01 3.826834e-01 -4.741785e-16
    outer loop
      vertex   -1.452990e-01 -1.075000e-02 -6.000000e-03
      vertex   -1.454489e-01 -1.038823e-02 -3.200000e-03
      vertex   -1.452990e-01 -1.075000e-02 -3.200000e-03
    endloop
  endfacet
  facet normal 7.933533e-01 6.087614e-01 -7.543091e-16
    outer loop
      vertex   -1.452990e-01 -1.075000e-02 -6.000000e-03
      vertex   -1.452990e-01 -1.075000e-02 -3.200000e-03
      vertex   -1.450607e-01 -1.106066e-02 -6.000000e-03
    endloop
  endfacet
  facet normal 7.933533e-01 6.087614e-01 -0.000000e+00
    outer loop
      vertex   -1.450607e-01 -1.106066e-02 -6.000000e-03
      vertex   -1.452990e-01 -1.075000e-02 -3.200000e-03
      vertex   -1.450607e-01 -1.106066e-02 -3.200000e-03
    endloop
  endfacet
  facet normal 6.087614e-01 7.933533e-01 -0.000000e+00
    outer loop
      vertex   -1.450607e-01 -1.106066e-02 -6.000000e-03
      vertex   -1.450607e-01 -1.106066e-02 -3.200000e-03
      vertex   -1.447500e-01 -1.129904e-02 -6.000000e-03
    endloop
  endfacet
  facet normal 6.087614e-01 7.933533e-01 -0.000000e+00
    outer loop
      vertex   -1.447500e-01 -1.129904e-02 -6.000000e-03
      vertex   -1.450607e-01 -1.106066e-02 -3.200000e-03
      vertex   -1.447500e-01 -1.129904e-02 -3.200000e-03
    endloop
  endfacet
  facet normal 3.826834e-01 9.238795e-01 -0.000000e+00
    outer loop
      vertex   -1.447500e-01 -1.129904e-02 -6.000000e-03
      vertex   -1.447500e-01 -1.129904e-02 -3.200000e-03
      vertex   -1.443882e-01 -1.144889e-02 -6.000000e-03
    endloop
  endfacet
  facet normal 3.826834e-01 9.238795e-01 -0.000000e+00
    outer loop
      vertex   -1.443882e-01 -1.144889e-02 -6.000000e-03
      vertex   -1.447500e-01 -1.129904e-02 -3.200000e-03
      vertex   -1.443882e-01 -1.144889e-02 -3.200000e-03
    endloop
  endfacet
  facet normal 1.305262e-01 9.914449e-01 -0.000000e+00
    outer loop
      vertex   -1.443882e-01 -1.144889e-02 -6.000000e-03
      vertex   -1.443882e-01 -1.144889e-02 -3.200000e-03
      vertex   -1.440000e-01 -1.150000e-02 -6.000000e-03
    endloop
  endfacet
  facet normal 1.305262e-01 9.914449e-01 -0.000000e+00
    outer loop
      vertex   -1.440000e-01 -1.150000e-02 -6.000000e-03
      vertex   -1.443882e-01 -1.144889e-02 -3.200000e-03
      vertex   -1.440000e-01 -1.150000e-02 -3.200000e-03
    endloop
  endfacet
  facet normal -1.305262e-01 9.914449e-01 0.000000e+00
    outer loop
      vertex   -1.440000e-01 -1.150000e-02 -6.000000e-03
      vertex   -1.440000e-01 -1.150000e-02 -3.200000e-03
      vertex   -1.436118e-01 -1.144889e-02 -6.000000e-03
    endloop
  endfacet
  facet normal -1.305262e-01 9.914449e-01 0.000000e+00
    outer loop
      vertex   -1.436118e-01 -1.144889e-02 -6.000000e-03
      vertex   -1.440000e-01 -1.150000e-02 -3.200000e-03
      vertex   -1.436118e-01 -1.144889e-02 -3.200000e-03
    endloop
  endfacet
  facet normal -3.826834e-01 9.238795e-01 0.000000e+00
    outer loop
      vertex   -1.436118e-01 -1.144889e-02 -6.000000e-03
      vertex   -1.436118e-01 -1.144889e-02 -3.200000e-03
      vertex   -1.432500e-01 -1.129904e-02 -6.000000e-03
    endloop
  endfacet
  facet normal -3.826834e-01 9.238795e-01 0.000000e+00
    outer loop
      vertex   -1.432500e-01 -1.129904e-02 -6.000000e-03
      vertex   -1.436118e-01 -1.144889e-02 -3.200000e-03
      vertex   -1.432500e-01 -1.129904e-02 -3.200000e-03
    endloop
  endfacet
  facet normal -6.087614e-01 7.933533e-01 0.000000e+00
    outer loop
      vertex   -1.432500e-01 -1.129904e-02 -6.000000e-03
      vertex   -1.432500e-01 -1.129904e-02 -3.200000e-03
      vertex   -1.429393e-01 -1.106066e-02 -6.000000e-03
    endloop
  endfacet
  facet normal -6.087614e-01 7.933533e-01 0.000000e+00
    outer loop
      vertex   -1.429393e-01 -1.106066e-02 -6.000000e-03
      vertex   -1.432500e-01 -1.129904e-02 -3.200000e-03
      vertex   -1.429393e-01 -1.106066e-02 -3.200000e-03
    endloop
  endfacet
  facet normal -7.933533e-01 6.087614e-01 0.000000e+00
    outer loop
      vertex   -1.429393e-01 -1.106066e-02 -6.000000e-03
      vertex   -1.429393e-01 -1.106066e-02 -3.200000e-03
      vertex   -1.427010e-01 -1.075000e-02 -6.000000e-03
    endloop
  endfacet
  facet normal -7.933533e-01 6.087614e-01 0.000000e+00
    outer loop
      vertex   -1.427010e-01 -1.075000e-02 -6.000000e-03
      vertex   -1.429393e-01 -1.106066e-02 -3.200000e-03
      vertex   -1.427010e-01 -1.075000e-02 -3.200000e-03
    endloop
  endfacet
  facet normal -9.238795e-01 3.826834e-01 0.000000e+00
    outer loop
      vertex   -1.427010e-01 -1.075000e-02 -6.000000e-03
      vertex   -1.427010e-01 -1.075000e-02 -3.200000e-03
      vertex   -1.425511e-01 -1.038823e-02 -6.000000e-03
    endloop
  endfacet
  facet normal -9.238795e-01 3.826834e-01 0.000000e+00
    outer loop
      vertex   -1.425511e-01 -1.038823e-02 -6.000000e-03
      vertex   -1.427010e-01 -1.075000e-02 -3.200000e-03
      vertex   -1.425511e-01 -1.038823e-02 -3.200000e-03
    endloop
  endfacet
  facet normal -9.914449e-01 1.305262e-01 0.000000e+00
    outer loop
      vertex   -1.425511e-01 -1.038823e-02 -6.000000e-03
      vertex   -1.425511e-01 -1.038823e-02 -3.200000e-03
      vertex   -1.425000e-01 -1.000000e-02 -6.000000e-03
    endloop
  endfacet
  facet normal -9.914449e-01 1.305262e-01 0.000000e+00
    outer loop
      vertex   -1.425000e-01 -1.000000e-02 -6.000000e-03
      vertex   -1.425511e-01 -1.038823e-02 -3.200000e-03
      vertex   -1.425000e-01 -1.000000e-02 -3.200000e-03
    endloop
  endfacet
  facet normal -9.914449e-01 -1.305262e-01 0.000000e+00
    outer loop
      vertex   -1.425000e-01 -1.000000e-02 -6.000000e-03
      vertex   -1.425000e-01 -1.000000e-02 -3.200000e-03
      vertex   -1.425511e-01 -9.611771e-03 -6.000000e-03
    endloop
  endfacet
  facet normal -9.914449e-01 -1.305262e-01 0.000000e+00
    outer loop
      vertex   -1.425511e-01 -9.611771e-03 -6.000000e-03
      vertex   -1.425000e-01 -1.000000e-02 -3.200000e-03
      vertex   -1.425511e-01 -9.611771e-03 -3.200000e-03
    endloop
  endfacet
  facet normal -9.238795e-01 -3.826834e-01 0.000000e+00
    outer loop
      vertex   -1.425511e-01 -9.611771e-03 -6.000000e-03
      vertex   -1.425511e-01 -9.611771e-03 -3.200000e-03
      vertex   -1.427010e-01 -9.250000e-03 -6.000000e-03
    endloop
  endfacet
  facet normal -9.238795e-01 -3.826834e-01 0.000000e+00
    outer loop
      vertex   -1.427010e-01 -9.250000e-03 -6.000000e-03
      vertex   -1.425511e-01 -9.611771e-03 -3.200000e-03
      vertex   -1.427010e-01 -9.250000e-03 -3.200000e-03
    endloop
  endfacet
  facet normal -7.933533e-01 -6.087614e-01 0.000000e+00
    outer loop
      vertex   -1.427010e-01 -9.250000e-03 -6.000000e-03
      vertex   -1.427010e-01 -9.250000e-03 -3.200000e-03
      vertex   -1.429393e-01 -8.939340e-03 -6.000000e-03
    endloop
  endfacet
  facet normal -7.933533e-01 -6.087614e-01 0.000000e+00
    outer loop
      vertex   -1.429393e-01 -8.939340e-03 -6.000000e-03
      vertex   -1.427010e-01 -9.250000e-03 -3.200000e-03
      vertex   -1.429393e-01 -8.939340e-03 -3.200000e-03
    endloop
  endfacet
  facet normal -6.087614e-01 -7.933533e-01 0.000000e+00
    outer loop
      vertex   -1.429393e-01 -8.939340e-03 -6.000000e-03
      vertex   -1.429393e-01 -8.939340e-03 -3.200000e-03
      vertex   -1.432500e-01 -8.700962e-03 -6.000000e-03
    endloop
  endfacet
  facet normal -6.087614e-01 -7.933533e-01 0.000000e+00
    outer loop
      vertex   -1.432500e-01 -8.700962e-03 -6.000000e-03
      vertex   -1.429393e-01 -8.939340e-03 -3.200000e-03
      vertex   -1.432500e-01 -8.700962e-03 -3.200000e-03
    endloop
  endfacet
  facet normal -3.826834e-01 -9.238795e-01 0.000000e+00
    outer loop
      vertex   -1.432500e-01 -8.700962e-03 -6.000000e-03
      vertex   -1.432500e-01 -8.700962e-03 -3.200000e-03
      vertex   -1.436118e-01 -8.551111e-03 -6.000000e-03
    endloop
  endfacet
  facet normal -3.826834e-01 -9.238795e-01 0.000000e+00
    outer loop
      vertex   -1.436118e-01 -8.551111e-03 -6.000000e-03
      vertex   -1.432500e-01 -8.700962e-03 -3.200000e-03
      vertex   -1.436118e-01 -8.551111e-03 -3.200000e-03
    endloop
  endfacet
  facet normal -1.305262e-01 -9.914449e-01 0.000000e+00
    outer loop
      vertex   -1.436118e-01 -8.551111e-03 -6.000000e-03
      vertex   -1.436118e-01 -8.551111e-03 -3.200000e-03
      vertex   -1.440000e-01 -8.500000e-03 -6.000000e-03
    endloop
  endfacet
  facet normal -1.305262e-01 -9.914449e-01 0.000000e+00
    outer loop
      vertex   -1.440000e-01 -8.500000e-03 -6.000000e-03
      vertex   -1.436118e-01 -8.551111e-03 -3.200000e-03
      vertex   -1.440000e-01 -8.500000e-03 -3.200000e-03
    endloop
  endfacet
  facet normal 1.305262e-01 -9.914449e-01 0.000000e+00
    outer loop
      vertex   -1.440000e-01 -8.500000e-03 -6.000000e-03
      vertex   -1.440000e-01 -8.500000e-03 -3.200000e-03
      vertex   -1.443882e-01 -8.551111e-03 -6.000000e-03
    endloop
  endfacet
  facet normal 1.305262e-01 -9.914449e-01 0.000000e+00
    outer loop
      vertex   -1.443882e-01 -8.551111e-03 -6.000000e-03
      vertex   -1.440000e-01 -8.500000e-03 -3.200000e-03
      vertex   -1.443882e-01 -8.551111e-03 -3.200000e-03
    endloop
  endfacet
  facet normal 3.826834e-01 -9.238795e-01 0.000000e+00
    outer loop
      vertex   -1.443882e-01 -8.551111e-03 -6.000000e-03
      vertex   -1.443882e-01 -8.551111e-03 -3.200000e-03
      vertex   -1.447500e-01 -8.700962e-03 -6.000000e-03
    endloop
  endfacet
  facet normal 3.826834e-01 -9.238795e-01 -5.723841e-16
    outer loop
      vertex   -1.447500e-01 -8.700962e-03 -6.000000e-03
      vertex   -1.443882e-01 -8.551111e-03 -3.200000e-03
      vertex   -1.447500e-01 -8.700962e-03 -3.200000e-03
    endloop
  endfacet
  facet normal 6.087614e-01 -7.933533e-01 -4.915174e-16
    outer loop
      vertex   -1.447500e-01 -8.700962e-03 -6.000000e-03
      vertex   -1.447500e-01 -8.700962e-03 -3.200000e-03
      vertex   -1.450607e-01 -8.939340e-03 -6.000000e-03
    endloop
  endfacet
  facet normal 6.087614e-01 -7.933533e-01 0.000000e+00
    outer loop
      vertex   -1.450607e-01 -8.939340e-03 -6.000000e-03
      vertex   -1.447500e-01 -8.700962e-03 -3.200000e-03
      vertex   -1.450607e-01 -8.939340e-03 -3.200000e-03
    endloop
  endfacet
  facet normal 7.933533e-01 -6.087614e-01 0.000000e+00
    outer loop
      vertex   -1.450607e-01 -8.939340e-03 -6.000000e-03
      vertex   -1.450607e-01 -8.939340e-03 -3.200000e-03
      vertex   -1.452990e-01 -9.250000e-03 -6.000000e-03
    endloop
  endfacet
  facet normal 7.933533e-01 -6.087614e-01 0.000000e+00
    outer loop
      vertex   -1.452990e-01 -9.250000e-03 -6.000000e-03
      vertex   -1.450607e-01 -8.939340e-03 -3.200000e-03
      vertex   -1.452990e-01 -9.250000e-03 -3.200000e-03
    endloop
  endfacet
  facet normal 9.238795e-01 -3.826834e-01 0.000000e+00
    outer loop
      vertex   -1.452990e-01 -9.250000e-03 -6.000000e-03
      vertex   -1.452990e-01 -9.250000e-03 -3.200000e-03
      vertex   -1.454489e-01 -9.611771e-03 -6.000000e-03
    endloop
  endfacet
  facet normal 9.238795e-01 -3.826834e-01 -2.370893e-16
    outer loop
      vertex   -1.454489e-01 -9.611771e-03 -6.000000e-03
      vertex   -1.452990e-01 -9.250000e-03 -3.200000e-03
      vertex   -1.454489e-01 -9.611771e-03 -3.200000e-03
    endloop
  endfacet
  facet normal 0.000000e+00 0.000000e+00 1.000000e+00
    outer loop
      vertex   -1.465981e-01 -8.500000e-03 -3.000000e-03
      vertex   -1.414019e-01 -8.500000e-03 -3.000000e-03
      vertex   -1.461213e-01 -7.878680e-03 -3.000000e-03
    endloop
  endfacet
  facet normal -0.000000e+00 0.000000e+00 1.000000e+00
    outer loop
      vertex   -1.461213e-01 -7.878680e-03 -3.000000e-03
      vertex   -1.414019e-01 -8.500000e-03 -3.000000e-03
      vertex   -1.418787e-01 -7.878680e-03 -3.000000e-03
    endloop
  endfacet
  facet normal 0.000000e+00 0.000000e+00 1.000000e+00
    outer loop
      vertex   -1.461213e-01 -7.878680e-03 -3.000000e-03
      vertex   -1.418787e-01 -7.878680e-03 -3.000000e-03
      vertex   -1.455000e-01 -7.401924e-03 -3.000000e-03
    endloop
  endfacet
  facet normal -0.000000e+00 0.000000e+00 1.000000e+00
    outer loop
      vertex   -1.455000e-01 -7.401924e-03 -3.000000e-03
      vertex   -1.418787e-01 -7.878680e-03 -3.000000e-03
      vertex   -1.425000e-01 -7.401924e-03 -3.000000e-03
    endloop
  endfacet
  facet normal 0.000000e+00 0.000000e+00 1.000000e+00
    outer loop
      vertex   -1.455000e-01 -7.401924e-03 -3.000000e-03
      vertex   -1.425000e-01 -7.401924e-03 -3.000000e-03
      vertex   -1.447765e-01 -7.102223e-03 -3.000000e-03
    endloop
  endfacet
  facet normal -0.000000e+00 0.000000e+00 1.000000e+00
    outer loop
      vertex   -1.447765e-01 -7.102223e-03 -3.000000e-03
      vertex   -1.425000e-01 -7.401924e-03 -3.000000e-03
      vertex   -1.432235e-01 -7.102223e-03 -3.000000e-03
    endloop
  endfacet
  facet normal 0.000000e+00 0.000000e+00 1.000000e+00
    outer loop
      vertex   -1.447765e-01 -7.102223e-03 -3.000000e-03
      vertex   -1.432235e-01 -7.102223e-03 -3.000000e-03
      vertex   -1.440000e-01 -7.000000e-03 -3.000000e-03
    endloop
  endfacet
  facet normal 0.000000e+00 0.000000e+00 1.000000e+00
    outer loop
      vertex   -6.401924e-03 -1.150000e-02 -3.000000e-03
      vertex   -1.159808e-02 -1.150000e-02 -3.000000e-03
      vertex   -6.878680e-03 -1.212132e-02 -3.000000e-03
    endloop
  endfacet
  facet normal 0.000000e+00 0.000000e+00 1.000000e+00
    outer loop
      vertex   -6.878680e-03 -1.212132e-02 -3.000000e-03
      vertex   -1.159808e-02 -1.150000e-02 -3.000000e-03
      vertex   -1.112132e-02 -1.212132e-02 -3.000000e-03
    endloop
  endfacet
  facet normal 0.000000e+00 0.000000e+00 1.000000e+00
    outer loop
      vertex   -6.878680e-03 -1.212132e-02 -3.000000e-03
      vertex   -1.112132e-02 -1.212132e-02 -3.000000e-03
      vertex   -7.500000e-03 -1.259808e-02 -3.000000e-03
    endloop
  endfacet
  facet normal 0.000000e+00 0.000000e+00 1.000000e+00
    outer loop
      vertex   -7.500000e-03 -1.259808e-02 -3.000000e-03
      vertex   -1.112132e-02 -1.212132e-02 -3.000000e-03
      vertex   -1.050000e-02 -1.259808e-02 -3.000000e-03
    endloop
  endfacet
  facet normal 0.000000e+00 0.000000e+00 1.000000e+00
    outer loop
      vertex   -7.500000e-03 -1.259808e-02 -3.000000e-03
      vertex   -1.050000e-02 -1.259808e-02 -3.000000e-03
      vertex   -8.223543e-03 -1.289778e-02 -3.000000e-03
    endloop
  endfacet
  facet normal 0.000000e+00 0.000000e+00 1.000000e+00
    outer loop
      vertex   -8.223543e-03 -1.289778e-02 -3.000000e-03
      vertex   -1.050000e-02 -1.259808e-02 -3.000000e-03
      vertex   -9.776457e-03 -1.289778e-02 -3.000000e-03
    endloop
  endfacet
  facet normal 0.000000e+00 0.000000e+00 1.000000e+00
    outer loop
      vertex   -8.223543e-03 -1.289778e-02 -3.000000e-03
      vertex   -9.776457e-03 -1.289778e-02 -3.000000e-03
      vertex   -9.000000e-03 -1.300000e-02 -3.000000e-03
    endloop
  endfacet
  facet normal 9.914449e-01 -1.305262e-01 -8.086673e-17
    outer loop
      vertex   8.551111e-03 9.388229e-03 -6.000000e-03
      vertex   8.551111e-03 9.388229e-03 -3.200000e-03
      vertex   8.500000e-03 9.000000e-03 -6.000000e-03
    endloop
  endfacet
  facet normal 9.914449e-01 -1.305262e-01 0.000000e+00
    outer loop
      vertex   8.500000e-03 9.000000e-03 -6.000000e-03
      vertex   8.551111e-03 9.388229e-03 -3.200000e-03
      vertex   8.500000e-03 9.000000e-03 -3.200000e-03
    endloop
  endfacet
  facet normal 9.914449e-01 1.305262e-01 -0.000000e+00
    outer loop
      vertex   8.500000e-03 9.000000e-03 -6.000000e-03
      vertex   8.500000e-03 9.000000e-03 -3.200000e-03
      vertex   8.551111e-03 8.611771e-03 -6.000000e-03
    endloop
  endfacet
  facet normal 9.914449e-01 1.305262e-01 -0.000000e+00
    outer loop
      vertex   8.551111e-03 8.611771e-03 -6.000000e-03
      vertex   8.500000e-03 9.000000e-03 -3.200000e-03
      vertex   8.551111e-03 8.611771e-03 -3.200000e-03
    endloop
  endfacet
  facet normal 9.238795e-01 3.826834e-01 -0.000000e+00
    outer loop
      vertex   8.551111e-03 8.611771e-03 -6.000000e-03
      vertex   8.551111e-03 8.611771e-03 -3.200000e-03
      vertex   8.700962e-03 8.250000e-03 -6.000000e-03
    endloop
  endfacet
  facet normal 9.238795e-01 3.826834e-01 -2.370893e-16
    outer loop
      vertex   8.700962e-03 8.250000e-03 -6.000000e-03
      vertex   8.551111e-03 8.611771e-03 -3.200000e-03
      vertex   8.700962e-03 8.250000e-03 -3.200000e-03
    endloop
  endfacet
  facet normal 7.933533e-01 6.087614e-01 -3.771546e-16
    outer loop
      vertex   8.700962e-03 8.250000e-03 -6.000000e-03
      vertex   8.700962e-03 8.250000e-03 -3.200000e-03
      vertex   8.939340e-03 7.939340e-03 -6.000000e-03
    endloop
  endfacet
  facet normal 7.933533e-01 6.087614e-01 -0.000000e+00
    outer loop
      vertex   8.939340e-03 7.939340e-03 -6.000000e-03
      vertex   8.700962e-03 8.250000e-03 -3.200000e-03
      vertex   8.939340e-03 7.939340e-03 -3.200000e-03
    endloop
  endfacet
  facet normal 6.087614e-01 7.933533e-01 -0.000000e+00
    outer loop
      vertex   8.939340e-03 7.939340e-03 -6.000000e-03
      vertex   8.939340e-03 7.939340e-03 -3.200000e-03
      vertex   9.250000e-03 7.700962e-03 -6.000000e-03
    endloop
  endfacet
  facet normal 6.087614e-01 7.933533e-01 3.771546e-16
    outer loop
      vertex   9.250000e-03 7.700962e-03 -6.000000e-03
      vertex   8.939340e-03 7.939340e-03 -3.200000e-03
      vertex   9.250000e-03 7.700962e-03 -3.200000e-03
    endloop
  endfacet
  facet normal 3.826834e-01 9.238795e-01 2.370893e-16
    outer loop
      vertex   9.250000e-03 7.700962e-03 -6.000000e-03
      vertex   9.250000e-03 7.700962e-03 -3.200000e-03
      vertex   9.611771e-03 7.551111e-03 -6.000000e-03
    endloop
  endfacet
  facet normal 3.826834e-01 9.238795e-01 -0.000000e+00
    outer loop
      vertex   9.611771e-03 7.551111e-03 -6.000000e-03
      vertex   9.250000e-03 7.700962e-03 -3.200000e-03
      vertex   9.611771e-03 7.551111e-03 -3.200000e-03
    endloop
  endfacet
  facet normal 1.305262e-01 9.914449e-01 -0.000000e+00
    outer loop
      vertex   9.611771e-03 7.551111e-03 -6.000000e-03
      vertex   9.611771e-03 7.551111e-03 -3.200000e-03
      vertex   1.000000e-02 7.500000e-03 -6.000000e-03
    endloop
  endfacet
  facet normal 1.305262e-01 9.914449e-01 -0.000000e+00
    outer loop
      vertex   1.000000e-02 7.500000e-03 -6.000000e-03
      vertex   9.611771e-03 7.551111e-03 -3.200000e-03
      vertex   1.000000e-02 7.500000e-03 -3.200000e-03
    endloop
  endfacet
  facet normal -1.305262e-01 9.914449e-01 0.000000e+00
    outer loop
      vertex   1.000000e-02 7.500000e-03 -6.000000e-03
      vertex   1.000000e-02 7.500000e-03 -3.200000e-03
      vertex   1.038823e-02 7.551111e-03 -6.000000e-03
    endloop
  endfacet
  facet normal -1.305262e-01 9.914449e-01 0.000000e+00
    outer loop
      vertex   1.038823e-02 7.551111e-03 -6.000000e-03
      vertex   1.000000e-02 7.500000e-03 -3.200000e-03
      vertex   1.038823e-02 7.551111e-03 -3.200000e-03
    endloop
  endfacet
  facet normal -3.826834e-01 9.238795e-01 0.000000e+00
    outer loop
      vertex   1.038823e-02 7.551111e-03 -6.000000e-03
      vertex   1.038823e-02 7.551111e-03 -3.200000e-03
      vertex   1.075000e-02 7.700962e-03 -6.000000e-03
    endloop
  endfacet
  facet normal -3.826834e-01 9.238795e-01 0.000000e+00
    outer loop
      vertex   1.075000e-02 7.700962e-03 -6.000000e-03
      vertex   1.038823e-02 7.551111e-03 -3.200000e-03
      vertex   1.075000e-02 7.700962e-03 -3.200000e-03
    endloop
  endfacet
  facet normal -6.087614e-01 7.933533e-01 0.000000e+00
    outer loop
      vertex   1.075000e-02 7.700962e-03 -6.000000e-03
      vertex   1.075000e-02 7.700962e-03 -3.200000e-03
      vertex   1.106066e-02 7.939340e-03 -6.000000e-03
    endloop
  endfacet
  facet normal -6.087614e-01 7.933533e-01 0.000000e+00
    outer loop
      vertex   1.106066e-02 7.939340e-03 -6.000000e-03
      vertex   1.075000e-02 7.700962e-03 -3.200000e-03
      vertex   1.106066e-02 7.939340e-03 -3.200000e-03
    endloop
  endfacet
  facet normal -7.933533e-01 6.087614e-01 0.000000e+00
    outer loop
      vertex   1.106066e-02 7.939340e-03 -6.000000e-03
      vertex   1.106066e-02 7.939340e-03 -3.200000e-03
      vertex   1.129904e-02 8.250000e-03 -6.000000e-03
    endloop
  endfacet
  facet normal -7.933533e-01 6.087614e-01 3.771546e-16
    outer loop
      vertex   1.129904e-02 8.250000e-03 -6.000000e-03
      vertex   1.106066e-02 7.939340e-03 -3.200000e-03
      vertex   1.129904e-02 8.250000e-03 -3.200000e-03
    endloop
  endfacet
  facet normal -9.238795e-01 3.826834e-01 2.370893e-16
    outer loop
      vertex   1.129904e-02 8.250000e-03 -6.000000e-03
      vertex   1.129904e-02 8.250000e-03 -3.200000e-03
      vertex   1.144889e-02 8.611771e-03 -6.000000e-03
    endloop
  endfacet
  facet normal -9.238795e-01 3.826834e-01 0.000000e+00
    outer loop
      vertex   1.144889e-02 8.611771e-03 -6.000000e-03
      vertex   1.129904e-02 8.250000e-03 -3.200000e-03
      vertex   1.144889e-02 8.611771e-03 -3.200000e-03
    endloop
  endfacet
  facet normal -9.914449e-01 1.305262e-01 0.000000e+00
    outer loop
      vertex   1.144889e-02 8.611771e-03 -6.000000e-03
      vertex   1.144889e-02 8.611771e-03 -3.200000e-03
      vertex   1.150000e-02 9.000000e-03 -6.000000e-03
    endloop
  endfacet
  facet normal -9.914449e-01 1.305262e-01 0.000000e+00
    outer loop
      vertex   1.150000e-02 9.000000e-03 -6.000000e-03
      vertex   1.144889e-02 8.611771e-03 -3.200000e-03
      vertex   1.150000e-02 9.000000e-03 -3.200000e-03
    endloop
  endfacet
  facet normal -9.914449e-01 -1.305262e-01 0.000000e+00
    outer loop
      vertex   1.150000e-02 9.000000e-03 -6.000000e-03
      vertex   1.150000e-02 9.000000e-03 -3.200000e-03
      vertex   1.144889e-02 9.388229e-03 -6.000000e-03
    endloop
  endfacet
  facet normal -9.914449e-01 -1.305262e-01 0.000000e+00
    outer loop
      vertex   1.144889e-02 9.388229e-03 -6.000000e-03
      vertex   1.150000e-02 9.000000e-03 -3.200000e-03
      vertex   1.144889e-02 9.388229e-03 -3.200000e-03
    endloop
  endfacet
  facet normal -9.238795e-01 -3.826834e-01 0.000000e+00
    outer loop
      vertex   1.144889e-02 9.388229e-03 -6.000000e-03
      vertex   1.144889e-02 9.388229e-03 -3.200000e-03
      vertex   1.129904e-02 9.750000e-03 -6.000000e-03
    endloop
  endfacet
  facet normal -9.238795e-01 -3.826834e-01 0.000000e+00
    outer loop
      vertex   1.129904e-02 9.750000e-03 -6.000000e-03
      vertex   1.144889e-02 9.388229e-03 -3.200000e-03
      vertex   1.129904e-02 9.750000e-03 -3.200000e-03
    endloop
  endfacet
  facet normal -7.933533e-01 -6.087614e-01 0.000000e+00
    outer loop
      vertex   1.129904e-02 9.750000e-03 -6.000000e-03
      vertex   1.129904e-02 9.750000e-03 -3.200000e-03
      vertex   1.106066e-02 1.006066e-02 -6.000000e-03
    endloop
  endfacet
  facet normal -7.933533e-01 -6.087614e-01 0.000000e+00
    outer loop
      vertex   1.106066e-02 1.006066e-02 -6.000000e-03
      vertex   1.129904e-02 9.750000e-03 -3.200000e-03
      vertex   1.106066e-02 1.006066e-02 -3.200000e-03
    endloop
  endfacet
  facet normal -6.087614e-01 -7.933533e-01 0.000000e+00
    outer loop
      vertex   1.106066e-02 1.006066e-02 -6.000000e-03
      vertex   1.106066e-02 1.006066e-02 -3.200000e-03
      vertex   1.075000e-02 1.029904e-02 -6.000000e-03
    endloop
  endfacet
  facet normal -6.087614e-01 -7.933533e-01 0.000000e+00
    outer loop
      vertex   1.075000e-02 1.029904e-02 -6.000000e-03
      vertex   1.106066e-02 1.006066e-02 -3.200000e-03
      vertex   1.075000e-02 1.029904e-02 -3.200000e-03
    endloop
  endfacet
  facet normal -3.826834e-01 -9.238795e-01 0.000000e+00
    outer loop
      vertex   1.075000e-02 1.029904e-02 -6.000000e-03
      vertex   1.075000e-02 1.029904e-02 -3.200000e-03
      vertex   1.038823e-02 1.044889e-02 -6.000000e-03
    endloop
  endfacet
  facet normal -3.826834e-01 -9.238795e-01 0.000000e+00
    outer loop
      vertex   1.038823e-02 1.044889e-02 -6.000000e-03
      vertex   1.075000e-02 1.029904e-02 -3.200000e-03
      vertex   1.038823e-02 1.044889e-02 -3.200000e-03
    endloop
  endfacet
  facet normal -1.305262e-01 -9.914449e-01 0.000000e+00
    outer loop
      vertex   1.038823e-02 1.044889e-02 -6.000000e-03
      vertex   1.038823e-02 1.044889e-02 -3.200000e-03
      vertex   1.000000e-02 1.050000e-02 -6.000000e-03
    endloop
  endfacet
  facet normal -1.305262e-01 -9.914449e-01 0.000000e+00
    outer loop
      vertex   1.000000e-02 1.050000e-02 -6.000000e-03
      vertex   1.038823e-02 1.044889e-02 -3.200000e-03
      vertex   1.000000e-02 1.050000e-02 -3.200000e-03
    endloop
  endfacet
  facet normal 1.305262e-01 -9.914449e-01 0.000000e+00
    outer loop
      vertex   1.000000e-02 1.050000e-02 -6.000000e-03
      vertex   1.000000e-02 1.050000e-02 -3.200000e-03
      vertex   9.611771e-03 1.044889e-02 -6.000000e-03
    endloop
  endfacet
  facet normal 1.305262e-01 -9.914449e-01 0.000000e+00
    outer loop
      vertex   9.611771e-03 1.044889e-02 -6.000000e-03
      vertex   1.000000e-02 1.050000e-02 -3.200000e-03
      vertex   9.611771e-03 1.044889e-02 -3.200000e-03
    endloop
  endfacet
  facet normal 3.826834e-01 -9.238795e-01 0.000000e+00
    outer loop
      vertex   9.611771e-03 1.044889e-02 -6.000000e-03
      vertex   9.611771e-03 1.044889e-02 -3.200000e-03
      vertex   9.250000e-03 1.029904e-02 -6.000000e-03
    endloop
  endfacet
  facet normal 3.826834e-01 -9.238795e-01 0.000000e+00
    outer loop
      vertex   9.250000e-03 1.029904e-02 -6.000000e-03
      vertex   9.611771e-03 1.044889e-02 -3.200000e-03
      vertex   9.250000e-03 1.029904e-02 -3.200000e-03
    endloop
  endfacet
  facet normal 6.087614e-01 -7.933533e-01 0.000000e+00
    outer loop
      vertex   9.250000e-03 1.029904e-02 -6.000000e-03
      vertex   9.250000e-03 1.029904e-02 -3.200000e-03
      vertex   8.939340e-03 1.006066e-02 -6.000000e-03
    endloop
  endfacet
  facet normal 6.087614e-01 -7.933533e-01 0.000000e+00
    outer loop
      vertex   8.939340e-03 1.006066e-02 -6.000000e-03
      vertex   9.250000e-03 1.029904e-02 -3.200000e-03
      vertex   8.939340e-03 1.006066e-02 -3.200000e-03
    endloop
  endfacet
  facet normal 7.933533e-01 -6.087614e-01 0.000000e+00
    outer loop
      vertex   8.939340e-03 1.006066e-02 -6.000000e-03
      vertex   8.939340e-03 1.006066e-02 -3.200000e-03
      vertex   8.700962e-03 9.750000e-03 -6.000000e-03
    endloop
  endfacet
  facet normal 7.933533e-01 -6.087614e-01 0.000000e+00
    outer loop
      vertex   8.700962e-03 9.750000e-03 -6.000000e-03
      vertex   8.939340e-03 1.006066e-02 -3.200000e-03
      vertex   8.700962e-03 9.750000e-03 -3.200000e-03
    endloop
  endfacet
  facet normal 9.238795e-01 -3.826834e-01 0.000000e+00
    outer loop
      vertex   8.700962e-03 9.750000e-03 -6.000000e-03
      vertex   8.700962e-03 9.750000e-03 -3.200000e-03
      vertex   8.551111e-03 9.388229e-03 -6.000000e-03
    endloop
  endfacet
  facet normal 9.238795e-01 -3.826834e-01 -2.370893e-16
    outer loop
      vertex   8.551111e-03 9.388229e-03 -6.000000e-03
      vertex   8.700962e-03 9.750000e-03 -3.200000e-03
      vertex   8.551111e-03 9.388229e-03 -3.200000e-03
    endloop
  endfacet
  facet normal 0.000000e+00 0.000000e+00 1.000000e+00
    outer loop
      vertex   1.150000e-02 1.159808e-02 -3.000000e-03
      vertex   1.150000e-02 6.401924e-03 -3.000000e-03
      vertex   1.212132e-02 1.112132e-02 -3.000000e-03
    endloop
  endfacet
  facet normal 0.000000e+00 0.000000e+00 1.000000e+00
    outer loop
      vertex   1.212132e-02 1.112132e-02 -3.000000e-03
      vertex   1.150000e-02 6.401924e-03 -3.000000e-03
      vertex   1.212132e-02 6.878680e-03 -3.000000e-03
    endloop
  endfacet
  facet normal 0.000000e+00 0.000000e+00 1.000000e+00
    outer loop
      vertex   1.212132e-02 1.112132e-02 -3.000000e-03
      vertex   1.212132e-02 6.878680e-03 -3.000000e-03
      vertex   1.259808e-02 7.500000e-03 -3.000000e-03
    endloop
  endfacet
  facet normal 0.000000e+00 0.000000e+00 1.000000e+00
    outer loop
      vertex   1.212132e-02 1.112132e-02 -3.000000e-03
      vertex   1.259808e-02 7.500000e-03 -3.000000e-03
      vertex   1.259808e-02 1.050000e-02 -3.000000e-03
    endloop
  endfacet
  facet normal 0.000000e+00 0.000000e+00 1.000000e+00
    outer loop
      vertex   1.259808e-02 1.050000e-02 -3.000000e-03
      vertex   1.259808e-02 7.500000e-03 -3.000000e-03
      vertex   1.289778e-02 8.223543e-03 -3.000000e-03
    endloop
  endfacet
  facet normal 0.000000e+00 0.000000e+00 1.000000e+00
    outer loop
      vertex   1.259808e-02 1.050000e-02 -3.000000e-03
      vertex   1.289778e-02 8.223543e-03 -3.000000e-03
      vertex   1.289778e-02 9.776457e-03 -3.000000e-03
    endloop
  endfacet
  facet normal 0.000000e+00 0.000000e+00 1.000000e+00
    outer loop
      vertex   1.289778e-02 9.776457e-03 -3.000000e-03
      vertex   1.289778e-02 8.223543e-03 -3.000000e-03
      vertex   1.300000e-02 9.000000e-03 -3.000000e-03
    endloop
  endfacet
  facet normal 1.305262e-01 -9.914449e-01 0.000000e+00
    outer loop
      vertex   -9.388229e-03 -8.551111e-03 -3.200000e-03
      vertex   -9.388229e-03 -8.551111e-03 -6.000000e-03
      vertex   -9.000000e-03 -8.500000e-03 -3.200000e-03
    endloop
  endfacet
  facet normal 1.305262e-01 -9.914449e-01 0.000000e+00
    outer loop
      vertex   -9.000000e-03 -8.500000e-03 -3.200000e-03
      vertex   -9.388229e-03 -8.551111e-03 -6.000000e-03
      vertex   -9.000000e-03 -8.500000e-03 -6.000000e-03
    endloop
  endfacet
  facet normal -1.305262e-01 -9.914449e-01 -0.000000e+00
    outer loop
      vertex   -9.000000e-03 -8.500000e-03 -3.200000e-03
      vertex   -9.000000e-03 -8.500000e-03 -6.000000e-03
      vertex   -8.611771e-03 -8.551111e-03 -3.200000e-03
    endloop
  endfacet
  facet normal -1.305262e-01 -9.914449e-01 -8.086673e-17
    outer loop
      vertex   -8.611771e-03 -8.551111e-03 -3.200000e-03
      vertex   -9.000000e-03 -8.500000e-03 -6.000000e-03
      vertex   -8.611771e-03 -8.551111e-03 -6.000000e-03
    endloop
  endfacet
  facet normal -3.826834e-01 -9.238795e-01 -2.370893e-16
    outer loop
      vertex   -8.611771e-03 -8.551111e-03 -3.200000e-03
      vertex   -8.611771e-03 -8.551111e-03 -6.000000e-03
      vertex   -8.250000e-03 -8.700962e-03 -3.200000e-03
    endloop
  endfacet
  facet normal -3.826834e-01 -9.238795e-01 -2.370893e-16
    outer loop
      vertex   -8.250000e-03 -8.700962e-03 -3.200000e-03
      vertex   -8.611771e-03 -8.551111e-03 -6.000000e-03
      vertex   -8.250000e-03 -8.700962e-03 -6.000000e-03
    endloop
  endfacet
  facet normal -6.087614e-01 -7.933533e-01 -3.771546e-16
    outer loop
      vertex   -8.250000e-03 -8.700962e-03 -3.200000e-03
      vertex   -8.250000e-03 -8.700962e-03 -6.000000e-03
      vertex   -7.939340e-03 -8.939340e-03 -3.200000e-03
    endloop
  endfacet
  facet normal -6.087614e-01 -7.933533e-01 -0.000000e+00
    outer loop
      vertex   -7.939340e-03 -8.939340e-03 -3.200000e-03
      vertex   -8.250000e-03 -8.700962e-03 -6.000000e-03
      vertex   -7.939340e-03 -8.939340e-03 -6.000000e-03
    endloop
  endfacet
  facet normal -7.933533e-01 -6.087614e-01 -0.000000e+00
    outer loop
      vertex   -7.939340e-03 -8.939340e-03 -3.200000e-03
      vertex   -7.939340e-03 -8.939340e-03 -6.000000e-03
      vertex   -7.700962e-03 -9.250000e-03 -3.200000e-03
    endloop
  endfacet
  facet normal -7.933533e-01 -6.087614e-01 3.771546e-16
    outer loop
      vertex   -7.700962e-03 -9.250000e-03 -3.200000e-03
      vertex   -7.939340e-03 -8.939340e-03 -6.000000e-03
      vertex   -7.700962e-03 -9.250000e-03 -6.000000e-03
    endloop
  endfacet
  facet normal -9.238795e-01 -3.826834e-01 2.370893e-16
    outer loop
      vertex   -7.700962e-03 -9.250000e-03 -3.200000e-03
      vertex   -7.700962e-03 -9.250000e-03 -6.000000e-03
      vertex   -7.551111e-03 -9.611771e-03 -3.200000e-03
    endloop
  endfacet
  facet normal -9.238795e-01 -3.826834e-01 -0.000000e+00
    outer loop
      vertex   -7.551111e-03 -9.611771e-03 -3.200000e-03
      vertex   -7.700962e-03 -9.250000e-03 -6.000000e-03
      vertex   -7.551111e-03 -9.611771e-03 -6.000000e-03
    endloop
  endfacet
  facet normal -9.914449e-01 -1.305262e-01 -0.000000e+00
    outer loop
      vertex   -7.551111e-03 -9.611771e-03 -3.200000e-03
      vertex   -7.551111e-03 -9.611771e-03 -6.000000e-03
      vertex   -7.500000e-03 -1.000000e-02 -3.200000e-03
    endloop
  endfacet
  facet normal -9.914449e-01 -1.305262e-01 -0.000000e+00
    outer loop
      vertex   -7.500000e-03 -1.000000e-02 -3.200000e-03
      vertex   -7.551111e-03 -9.611771e-03 -6.000000e-03
      vertex   -7.500000e-03 -1.000000e-02 -6.000000e-03
    endloop
  endfacet
  facet normal -9.914449e-01 1.305262e-01 0.000000e+00
    outer loop
      vertex   -7.500000e-03 -1.000000e-02 -3.200000e-03
      vertex   -7.500000e-03 -1.000000e-02 -6.000000e-03
      vertex   -7.551111e-03 -1.038823e-02 -3.200000e-03
    endloop
  endfacet
  facet normal -9.914449e-01 1.305262e-01 0.000000e+00
    outer loop
      vertex   -7.551111e-03 -1.038823e-02 -3.200000e-03
      vertex   -7.500000e-03 -1.000000e-02 -6.000000e-03
      vertex   -7.551111e-03 -1.038823e-02 -6.000000e-03
    endloop
  endfacet
  facet normal -9.238795e-01 3.826834e-01 0.000000e+00
    outer loop
      vertex   -7.551111e-03 -1.038823e-02 -3.200000e-03
      vertex   -7.551111e-03 -1.038823e-02 -6.000000e-03
      vertex   -7.700962e-03 -1.075000e-02 -3.200000e-03
    endloop
  endfacet
  facet normal -9.238795e-01 3.826834e-01 0.000000e+00
    outer loop
      vertex   -7.700962e-03 -1.075000e-02 -3.200000e-03
      vertex   -7.551111e-03 -1.038823e-02 -6.000000e-03
      vertex   -7.700962e-03 -1.075000e-02 -6.000000e-03
    endloop
  endfacet
  facet normal -7.933533e-01 6.087614e-01 0.000000e+00
    outer loop
      vertex   -7.700962e-03 -1.075000e-02 -3.200000e-03
      vertex   -7.700962e-03 -1.075000e-02 -6.000000e-03
      vertex   -7.939340e-03 -1.106066e-02 -3.200000e-03
    endloop
  endfacet
  facet normal -7.933533e-01 6.087614e-01 0.000000e+00
    outer loop
      vertex   -7.939340e-03 -1.106066e-02 -3.200000e-03
      vertex   -7.700962e-03 -1.075000e-02 -6.000000e-03
      vertex   -7.939340e-03 -1.106066e-02 -6.000000e-03
    endloop
  endfacet
  facet normal -6.087614e-01 7.933533e-01 0.000000e+00
    outer loop
      vertex   -7.939340e-03 -1.106066e-02 -3.200000e-03
      vertex   -7.939340e-03 -1.106066e-02 -6.000000e-03
      vertex   -8.250000e-03 -1.129904e-02 -3.200000e-03
    endloop
  endfacet
  facet normal -6.087614e-01 7.933533e-01 3.771546e-16
    outer loop
      vertex   -8.250000e-03 -1.129904e-02 -3.200000e-03
      vertex   -7.939340e-03 -1.106066e-02 -6.000000e-03
      vertex   -8.250000e-03 -1.129904e-02 -6.000000e-03
    endloop
  endfacet
  facet normal -3.826834e-01 9.238795e-01 2.370893e-16
    outer loop
      vertex   -8.250000e-03 -1.129904e-02 -3.200000e-03
      vertex   -8.250000e-03 -1.129904e-02 -6.000000e-03
      vertex   -8.611771e-03 -1.144889e-02 -3.200000e-03
    endloop
  endfacet
  facet normal -3.826834e-01 9.238795e-01 0.000000e+00
    outer loop
      vertex   -8.611771e-03 -1.144889e-02 -3.200000e-03
      vertex   -8.250000e-03 -1.129904e-02 -6.000000e-03
      vertex   -8.611771e-03 -1.144889e-02 -6.000000e-03
    endloop
  endfacet
  facet normal -1.305262e-01 9.914449e-01 0.000000e+00
    outer loop
      vertex   -8.611771e-03 -1.144889e-02 -3.200000e-03
      vertex   -8.611771e-03 -1.144889e-02 -6.000000e-03
      vertex   -9.000000e-03 -1.150000e-02 -3.200000e-03
    endloop
  endfacet
  facet normal -1.305262e-01 9.914449e-01 0.000000e+00
    outer loop
      vertex   -9.000000e-03 -1.150000e-02 -3.200000e-03
      vertex   -8.611771e-03 -1.144889e-02 -6.000000e-03
      vertex   -9.000000e-03 -1.150000e-02 -6.000000e-03
    endloop
  endfacet
  facet normal 1.305262e-01 9.914449e-01 0.000000e+00
    outer loop
      vertex   -9.000000e-03 -1.150000e-02 -3.200000e-03
      vertex   -9.000000e-03 -1.150000e-02 -6.000000e-03
      vertex   -9.388229e-03 -1.144889e-02 -3.200000e-03
    endloop
  endfacet
  facet normal 1.305262e-01 9.914449e-01 0.000000e+00
    outer loop
      vertex   -9.388229e-03 -1.144889e-02 -3.200000e-03
      vertex   -9.000000e-03 -1.150000e-02 -6.000000e-03
      vertex   -9.388229e-03 -1.144889e-02 -6.000000e-03
    endloop
  endfacet
  facet normal 3.826834e-01 9.238795e-01 0.000000e+00
    outer loop
      vertex   -9.388229e-03 -1.144889e-02 -3.200000e-03
      vertex   -9.388229e-03 -1.144889e-02 -6.000000e-03
      vertex   -9.750000e-03 -1.129904e-02 -3.200000e-03
    endloop
  endfacet
  facet normal 3.826834e-01 9.238795e-01 0.000000e+00
    outer loop
      vertex   -9.750000e-03 -1.129904e-02 -3.200000e-03
      vertex   -9.388229e-03 -1.144889e-02 -6.000000e-03
      vertex   -9.750000e-03 -1.129904e-02 -6.000000e-03
    endloop
  endfacet
  facet normal 6.087614e-01 7.933533e-01 0.000000e+00
    outer loop
      vertex   -9.750000e-03 -1.129904e-02 -3.200000e-03
      vertex   -9.750000e-03 -1.129904e-02 -6.000000e-03
      vertex   -1.006066e-02 -1.106066e-02 -3.200000e-03
    endloop
  endfacet
  facet normal 6.087614e-01 7.933533e-01 0.000000e+00
    outer loop
      vertex   -1.006066e-02 -1.106066e-02 -3.200000e-03
      vertex   -9.750000e-03 -1.129904e-02 -6.000000e-03
      vertex   -1.006066e-02 -1.106066e-02 -6.000000e-03
    endloop
  endfacet
  facet normal 7.933533e-01 6.087614e-01 0.000000e+00
    outer loop
      vertex   -1.006066e-02 -1.106066e-02 -3.200000e-03
      vertex   -1.006066e-02 -1.106066e-02 -6.000000e-03
      vertex   -1.029904e-02 -1.075000e-02 -3.200000e-03
    endloop
  endfacet
  facet normal 7.933533e-01 6.087614e-01 -7.543091e-16
    outer loop
      vertex   -1.029904e-02 -1.075000e-02 -3.200000e-03
      vertex   -1.006066e-02 -1.106066e-02 -6.000000e-03
      vertex   -1.029904e-02 -1.075000e-02 -6.000000e-03
    endloop
  endfacet
  facet normal 9.238795e-01 3.826834e-01 -4.741785e-16
    outer loop
      vertex   -1.029904e-02 -1.075000e-02 -3.200000e-03
      vertex   -1.029904e-02 -1.075000e-02 -6.000000e-03
      vertex   -1.044889e-02 -1.038823e-02 -3.200000e-03
    endloop
  endfacet
  facet normal 9.238795e-01 3.826834e-01 0.000000e+00
    outer loop
      vertex   -1.044889e-02 -1.038823e-02 -3.200000e-03
      vertex   -1.029904e-02 -1.075000e-02 -6.000000e-03
      vertex   -1.044889e-02 -1.038823e-02 -6.000000e-03
    endloop
  endfacet
  facet normal 9.914449e-01 1.305262e-01 0.000000e+00
    outer loop
      vertex   -1.044889e-02 -1.038823e-02 -3.200000e-03
      vertex   -1.044889e-02 -1.038823e-02 -6.000000e-03
      vertex   -1.050000e-02 -1.000000e-02 -3.200000e-03
    endloop
  endfacet
  facet normal 9.914449e-01 1.305262e-01 -6.142438e-16
    outer loop
      vertex   -1.050000e-02 -1.000000e-02 -3.200000e-03
      vertex   -1.044889e-02 -1.038823e-02 -6.000000e-03
      vertex   -1.050000e-02 -1.000000e-02 -6.000000e-03
    endloop
  endfacet
  facet normal 9.914449e-01 -1.305262e-01 -6.142438e-16
    outer loop
      vertex   -1.050000e-02 -1.000000e-02 -3.200000e-03
      vertex   -1.050000e-02 -1.000000e-02 -6.000000e-03
      vertex   -1.044889e-02 -9.611771e-03 -3.200000e-03
    endloop
  endfacet
  facet normal 9.914449e-01 -1.305262e-01 -8.086673e-17
    outer loop
      vertex   -1.044889e-02 -9.611771e-03 -3.200000e-03
      vertex   -1.050000e-02 -1.000000e-02 -6.000000e-03
      vertex   -1.044889e-02 -9.611771e-03 -6.000000e-03
    endloop
  endfacet
  facet normal 9.238795e-01 -3.826834e-01 -2.370893e-16
    outer loop
      vertex   -1.044889e-02 -9.611771e-03 -3.200000e-03
      vertex   -1.044889e-02 -9.611771e-03 -6.000000e-03
      vertex   -1.029904e-02 -9.250000e-03 -3.200000e-03
    endloop
  endfacet
  facet normal 9.238795e-01 -3.826834e-01 -2.370893e-16
    outer loop
      vertex   -1.029904e-02 -9.250000e-03 -3.200000e-03
      vertex   -1.044889e-02 -9.611771e-03 -6.000000e-03
      vertex   -1.029904e-02 -9.250000e-03 -6.000000e-03
    endloop
  endfacet
  facet normal 7.933533e-01 -6.087614e-01 -3.771546e-16
    outer loop
      vertex   -1.029904e-02 -9.250000e-03 -3.200000e-03
      vertex   -1.029904e-02 -9.250000e-03 -6.000000e-03
      vertex   -1.006066e-02 -8.939340e-03 -3.200000e-03
    endloop
  endfacet
  facet normal 7.933533e-01 -6.087614e-01 0.000000e+00
    outer loop
      vertex   -1.006066e-02 -8.939340e-03 -3.200000e-03
      vertex   -1.029904e-02 -9.250000e-03 -6.000000e-03
      vertex   -1.006066e-02 -8.939340e-03 -6.000000e-03
    endloop
  endfacet
  facet normal 6.087614e-01 -7.933533e-01 0.000000e+00
    outer loop
      vertex   -1.006066e-02 -8.939340e-03 -3.200000e-03
      vertex   -1.006066e-02 -8.939340e-03 -6.000000e-03
      vertex   -9.750000e-03 -8.700962e-03 -3.200000e-03
    endloop
  endfacet
  facet normal 6.087614e-01 -7.933533e-01 -1.143628e-16
    outer loop
      vertex   -9.750000e-03 -8.700962e-03 -3.200000e-03
      vertex   -1.006066e-02 -8.939340e-03 -6.000000e-03
      vertex   -9.750000e-03 -8.700962e-03 -6.000000e-03
    endloop
  endfacet
  facet normal 3.826834e-01 -9.238795e-01 -3.352949e-16
    outer loop
      vertex   -9.750000e-03 -8.700962e-03 -3.200000e-03
      vertex   -9.750000e-03 -8.700962e-03 -6.000000e-03
      vertex   -9.388229e-03 -8.551111e-03 -3.200000e-03
    endloop
  endfacet
  facet normal 3.826834e-01 -9.238795e-01 0.000000e+00
    outer loop
      vertex   -9.388229e-03 -8.551111e-03 -3.200000e-03
      vertex   -9.750000e-03 -8.700962e-03 -6.000000e-03
      vertex   -9.388229e-03 -8.551111e-03 -6.000000e-03
    endloop
  endfacet
  facet normal 0.000000e+00 0.000000e+00 1.000000e+00
    outer loop
      vertex   -1.414019e-01 -1.150000e-02 -3.000000e-03
      vertex   -1.465981e-01 -1.150000e-02 -3.000000e-03
      vertex   -1.418787e-01 -1.212132e-02 -3.000000e-03
    endloop
  endfacet
  facet normal 0.000000e+00 0.000000e+00 1.000000e+00
    outer loop
      vertex   -1.418787e-01 -1.212132e-02 -3.000000e-03
      vertex   -1.465981e-01 -1.150000e-02 -3.000000e-03
      vertex   -1.461213e-01 -1.212132e-02 -3.000000e-03
    endloop
  endfacet
  facet normal 0.000000e+00 0.000000e+00 1.000000e+00
    outer loop
      vertex   -1.418787e-01 -1.212132e-02 -3.000000e-03
      vertex   -1.461213e-01 -1.212132e-02 -3.000000e-03
      vertex   -1.425000e-01 -1.259808e-02 -3.000000e-03
    endloop
  endfacet
  facet normal 0.000000e+00 0.000000e+00 1.000000e+00
    outer loop
      vertex   -1.425000e-01 -1.259808e-02 -3.000000e-03
      vertex   -1.461213e-01 -1.212132e-02 -3.000000e-03
      vertex   -1.455000e-01 -1.259808e-02 -3.000000e-03
    endloop
  endfacet
  facet normal 0.000000e+00 0.000000e+00 1.000000e+00
    outer loop
      vertex   -1.425000e-01 -1.259808e-02 -3.000000e-03
      vertex   -1.455000e-01 -1.259808e-02 -3.000000e-03
      vertex   -1.432235e-01 -1.289778e-02 -3.000000e-03
    endloop
  endfacet
  facet normal 0.000000e+00 0.000000e+00 1.000000e+00
    outer loop
      vertex   -1.432235e-01 -1.289778e-02 -3.000000e-03
      vertex   -1.455000e-01 -1.259808e-02 -3.000000e-03
      vertex   -1.447765e-01 -1.289778e-02 -3.000000e-03
    endloop
  endfacet
  facet normal 0.000000e+00 0.000000e+00 1.000000e+00
    outer loop
      vertex   -1.432235e-01 -1.289778e-02 -3.000000e-03
      vertex   -1.447765e-01 -1.289778e-02 -3.000000e-03
      vertex   -1.440000e-01 -1.300000e-02 -3.000000e-03
    endloop
  endfacet
  facet normal 0.000000e+00 0.000000e+00 1.000000e+00
    outer loop
      vertex   7.118571e-03 -9.239891e-03 -3.200000e-03
      vertex   7.020013e-03 -1.000867e-02 -3.200000e-03
      vertex   1.076011e-02 -1.288143e-02 -3.200000e-03
    endloop
  endfacet
  facet normal 0.000000e+00 0.000000e+00 1.000000e+00
    outer loop
      vertex   1.076011e-02 -1.288143e-02 -3.200000e-03
      vertex   7.020013e-03 -1.000867e-02 -3.200000e-03
      vertex   7.123042e-03 -1.077686e-02 -3.200000e-03
    endloop
  endfacet
  facet normal 0.000000e+00 0.000000e+00 1.000000e+00
    outer loop
      vertex   1.076011e-02 -1.288143e-02 -3.200000e-03
      vertex   7.123042e-03 -1.077686e-02 -3.200000e-03
      vertex   7.420691e-03 -1.149250e-02 -3.200000e-03
    endloop
  endfacet
  facet normal 0.000000e+00 0.000000e+00 1.000000e+00
    outer loop
      vertex   7.420691e-03 -1.149250e-02 -3.200000e-03
      vertex   7.892822e-03 -1.210718e-02 -3.200000e-03
      vertex   1.076011e-02 -1.288143e-02 -3.200000e-03
    endloop
  endfacet
  facet normal 0.000000e+00 0.000000e+00 1.000000e+00
    outer loop
      vertex   1.076011e-02 -1.288143e-02 -3.200000e-03
      vertex   7.892822e-03 -1.210718e-02 -3.200000e-03
      vertex   8.507498e-03 -1.257931e-02 -3.200000e-03
    endloop
  endfacet
  facet normal 0.000000e+00 0.000000e+00 1.000000e+00
    outer loop
      vertex   1.076011e-02 -1.288143e-02 -3.200000e-03
      vertex   8.507498e-03 -1.257931e-02 -3.200000e-03
      vertex   9.223138e-03 -1.287696e-02 -3.200000e-03
    endloop
  endfacet
  facet normal 0.000000e+00 0.000000e+00 1.000000e+00
    outer loop
      vertex   9.223138e-03 -1.287696e-02 -3.200000e-03
      vertex   9.991330e-03 -1.297999e-02 -3.200000e-03
      vertex   1.076011e-02 -1.288143e-02 -3.200000e-03
    endloop
  endfacet
  facet normal 0.000000e+00 0.000000e+00 1.000000e+00
    outer loop
      vertex   -1.742504e-02 -1.150000e-02 -3.200000e-03
      vertex   -2.257496e-02 -1.150000e-02 -3.200000e-03
      vertex   -1.789896e-02 -1.211330e-02 -3.200000e-03
    endloop
  endfacet
  facet normal 0.000000e+00 0.000000e+00 1.000000e+00
    outer loop
      vertex   -1.789896e-02 -1.211330e-02 -3.200000e-03
      vertex   -2.257496e-02 -1.150000e-02 -3.200000e-03
      vertex   -2.210104e-02 -1.211330e-02 -3.200000e-03
    endloop
  endfacet
  facet normal 0.000000e+00 0.000000e+00 1.000000e+00
    outer loop
      vertex   -1.789896e-02 -1.211330e-02 -3.200000e-03
      vertex   -2.210104e-02 -1.211330e-02 -3.200000e-03
      vertex   -1.851501e-02 -1.258364e-02 -3.200000e-03
    endloop
  endfacet
  facet normal 0.000000e+00 0.000000e+00 1.000000e+00
    outer loop
      vertex   -1.851501e-02 -1.258364e-02 -3.200000e-03
      vertex   -2.210104e-02 -1.211330e-02 -3.200000e-03
      vertex   -2.148499e-02 -1.258364e-02 -3.200000e-03
    endloop
  endfacet
  facet normal 0.000000e+00 0.000000e+00 1.000000e+00
    outer loop
      vertex   -1.851501e-02 -1.258364e-02 -3.200000e-03
      vertex   -2.148499e-02 -1.258364e-02 -3.200000e-03
      vertex   -1.923151e-02 -1.287921e-02 -3.200000e-03
    endloop
  endfacet
  facet normal 0.000000e+00 0.000000e+00 1.000000e+00
    outer loop
      vertex   -1.923151e-02 -1.287921e-02 -3.200000e-03
      vertex   -2.148499e-02 -1.258364e-02 -3.200000e-03
      vertex   -2.076849e-02 -1.287921e-02 -3.200000e-03
    endloop
  endfacet
  facet normal 0.000000e+00 0.000000e+00 1.000000e+00
    outer loop
      vertex   -1.923151e-02 -1.287921e-02 -3.200000e-03
      vertex   -2.076849e-02 -1.287921e-02 -3.200000e-03
      vertex   -2.000000e-02 -1.298000e-02 -3.200000e-03
    endloop
  endfacet
  facet normal 0.000000e+00 0.000000e+00 1.000000e+00
    outer loop
      vertex   1.150000e-02 2.257496e-02 -3.200000e-03
      vertex   1.150000e-02 1.742504e-02 -3.200000e-03
      vertex   1.211330e-02 2.210104e-02 -3.200000e-03
    endloop
  endfacet
  facet normal 0.000000e+00 0.000000e+00 1.000000e+00
    outer loop
      vertex   1.211330e-02 2.210104e-02 -3.200000e-03
      vertex   1.150000e-02 1.742504e-02 -3.200000e-03
      vertex   1.211330e-02 1.789896e-02 -3.200000e-03
    endloop
  endfacet
  facet normal 0.000000e+00 0.000000e+00 1.000000e+00
    outer loop
      vertex   1.211330e-02 2.210104e-02 -3.200000e-03
      vertex   1.211330e-02 1.789896e-02 -3.200000e-03
      vertex   1.258364e-02 1.851501e-02 -3.200000e-03
    endloop
  endfacet
  facet normal 0.000000e+00 0.000000e+00 1.000000e+00
    outer loop
      vertex   1.211330e-02 2.210104e-02 -3.200000e-03
      vertex   1.258364e-02 1.851501e-02 -3.200000e-03
      vertex   1.258364e-02 2.148499e-02 -3.200000e-03
    endloop
  endfacet
  facet normal 0.000000e+00 0.000000e+00 1.000000e+00
    outer loop
      vertex   1.258364e-02 2.148499e-02 -3.200000e-03
      vertex   1.258364e-02 1.851501e-02 -3.200000e-03
      vertex   1.287921e-02 1.923151e-02 -3.200000e-03
    endloop
  endfacet
  facet normal 0.000000e+00 0.000000e+00 1.000000e+00
    outer loop
      vertex   1.258364e-02 2.148499e-02 -3.200000e-03
      vertex   1.287921e-02 1.923151e-02 -3.200000e-03
      vertex   1.287921e-02 2.076849e-02 -3.200000e-03
    endloop
  endfacet
  facet normal 0.000000e+00 0.000000e+00 1.000000e+00
    outer loop
      vertex   1.287921e-02 2.076849e-02 -3.200000e-03
      vertex   1.287921e-02 1.923151e-02 -3.200000e-03
      vertex   1.298000e-02 2.000000e-02 -3.200000e-03
    endloop
  endfacet
  facet normal 0.000000e+00 0.000000e+00 1.000000e+00
    outer loop
      vertex   1.297999e-02 -9.991330e-03 -3.200000e-03
      vertex   1.287696e-02 -9.223138e-03 -3.200000e-03
      vertex   1.288143e-02 -1.076011e-02 -3.200000e-03
    endloop
  endfacet
  facet normal 0.000000e+00 0.000000e+00 1.000000e+00
    outer loop
      vertex   1.288143e-02 -1.076011e-02 -3.200000e-03
      vertex   1.287696e-02 -9.223138e-03 -3.200000e-03
      vertex   1.257931e-02 -8.507498e-03 -3.200000e-03
    endloop
  endfacet
  facet normal 0.000000e+00 0.000000e+00 1.000000e+00
    outer loop
      vertex   1.288143e-02 -1.076011e-02 -3.200000e-03
      vertex   1.257931e-02 -8.507498e-03 -3.200000e-03
      vertex   1.210718e-02 -7.892822e-03 -3.200000e-03
    endloop
  endfacet
  facet normal 0.000000e+00 0.000000e+00 1.000000e+00
    outer loop
      vertex   1.210718e-02 -7.892822e-03 -3.200000e-03
      vertex   1.149250e-02 -7.420691e-03 -3.200000e-03
      vertex   1.288143e-02 -1.076011e-02 -3.200000e-03
    endloop
  endfacet
  facet normal 0.000000e+00 0.000000e+00 1.000000e+00
    outer loop
      vertex   1.288143e-02 -1.076011e-02 -3.200000e-03
      vertex   1.149250e-02 -7.420691e-03 -3.200000e-03
      vertex   1.077686e-02 -7.123042e-03 -3.200000e-03
    endloop
  endfacet
  facet normal 0.000000e+00 0.000000e+00 1.000000e+00
    outer loop
      vertex   1.288143e-02 -1.076011e-02 -3.200000e-03
      vertex   1.077686e-02 -7.123042e-03 -3.200000e-03
      vertex   1.000867e-02 -7.020013e-03 -3.200000e-03
    endloop
  endfacet
  facet normal 0.000000e+00 0.000000e+00 1.000000e+00
    outer loop
      vertex   1.000867e-02 -7.020013e-03 -3.200000e-03
      vertex   9.239891e-03 -7.118571e-03 -3.200000e-03
      vertex   1.288143e-02 -1.076011e-02 -3.200000e-03
    endloop
  endfacet
  facet normal -9.914449e-01 1.305262e-01 0.000000e+00
    outer loop
      vertex   1.144889e-02 1.961177e-02 -6.000000e-03
      vertex   1.144889e-02 1.961177e-02 -3.400000e-03
      vertex   1.150000e-02 2.000000e-02 -6.000000e-03
    endloop
  endfacet
  facet normal -9.914449e-01 1.305262e-01 0.000000e+00
    outer loop
      vertex   1.150000e-02 2.000000e-02 -6.000000e-03
      vertex   1.144889e-02 1.961177e-02 -3.400000e-03
      vertex   1.150000e-02 2.000000e-02 -3.400000e-03
    endloop
  endfacet
  facet normal -9.914449e-01 -1.305262e-01 0.000000e+00
    outer loop
      vertex   1.150000e-02 2.000000e-02 -6.000000e-03
      vertex   1.150000e-02 2.000000e-02 -3.400000e-03
      vertex   1.144889e-02 2.038823e-02 -6.000000e-03
    endloop
  endfacet
  facet normal -9.914449e-01 -1.305262e-01 0.000000e+00
    outer loop
      vertex   1.144889e-02 2.038823e-02 -6.000000e-03
      vertex   1.150000e-02 2.000000e-02 -3.400000e-03
      vertex   1.144889e-02 2.038823e-02 -3.400000e-03
    endloop
  endfacet
  facet normal -9.238795e-01 -3.826834e-01 0.000000e+00
    outer loop
      vertex   1.144889e-02 2.038823e-02 -6.000000e-03
      vertex   1.144889e-02 2.038823e-02 -3.400000e-03
      vertex   1.129904e-02 2.075000e-02 -6.000000e-03
    endloop
  endfacet
  facet normal -9.238795e-01 -3.826834e-01 0.000000e+00
    outer loop
      vertex   1.129904e-02 2.075000e-02 -6.000000e-03
      vertex   1.144889e-02 2.038823e-02 -3.400000e-03
      vertex   1.129904e-02 2.075000e-02 -3.400000e-03
    endloop
  endfacet
  facet normal -7.933533e-01 -6.087614e-01 0.000000e+00
    outer loop
      vertex   1.129904e-02 2.075000e-02 -6.000000e-03
      vertex   1.129904e-02 2.075000e-02 -3.400000e-03
      vertex   1.106066e-02 2.106066e-02 -6.000000e-03
    endloop
  endfacet
  facet normal -7.933533e-01 -6.087614e-01 0.000000e+00
    outer loop
      vertex   1.106066e-02 2.106066e-02 -6.000000e-03
      vertex   1.129904e-02 2.075000e-02 -3.400000e-03
      vertex   1.106066e-02 2.106066e-02 -3.400000e-03
    endloop
  endfacet
  facet normal -6.087614e-01 -7.933533e-01 0.000000e+00
    outer loop
      vertex   1.106066e-02 2.106066e-02 -6.000000e-03
      vertex   1.106066e-02 2.106066e-02 -3.400000e-03
      vertex   1.075000e-02 2.129904e-02 -6.000000e-03
    endloop
  endfacet
  facet normal -6.087614e-01 -7.933533e-01 0.000000e+00
    outer loop
      vertex   1.075000e-02 2.129904e-02 -6.000000e-03
      vertex   1.106066e-02 2.106066e-02 -3.400000e-03
      vertex   1.075000e-02 2.129904e-02 -3.400000e-03
    endloop
  endfacet
  facet normal -3.826834e-01 -9.238795e-01 0.000000e+00
    outer loop
      vertex   1.075000e-02 2.129904e-02 -6.000000e-03
      vertex   1.075000e-02 2.129904e-02 -3.400000e-03
      vertex   1.038823e-02 2.144889e-02 -6.000000e-03
    endloop
  endfacet
  facet normal -3.826834e-01 -9.238795e-01 0.000000e+00
    outer loop
      vertex   1.038823e-02 2.144889e-02 -6.000000e-03
      vertex   1.075000e-02 2.129904e-02 -3.400000e-03
      vertex   1.038823e-02 2.144889e-02 -3.400000e-03
    endloop
  endfacet
  facet normal -1.305262e-01 -9.914449e-01 0.000000e+00
    outer loop
      vertex   1.038823e-02 2.144889e-02 -6.000000e-03
      vertex   1.038823e-02 2.144889e-02 -3.400000e-03
      vertex   1.000000e-02 2.150000e-02 -6.000000e-03
    endloop
  endfacet
  facet normal -1.305262e-01 -9.914449e-01 0.000000e+00
    outer loop
      vertex   1.000000e-02 2.150000e-02 -6.000000e-03
      vertex   1.038823e-02 2.144889e-02 -3.400000e-03
      vertex   1.000000e-02 2.150000e-02 -3.400000e-03
    endloop
  endfacet
  facet normal 1.305262e-01 -9.914449e-01 0.000000e+00
    outer loop
      vertex   1.000000e-02 2.150000e-02 -6.000000e-03
      vertex   1.000000e-02 2.150000e-02 -3.400000e-03
      vertex   9.611771e-03 2.144889e-02 -6.000000e-03
    endloop
  endfacet
  facet normal 1.305262e-01 -9.914449e-01 0.000000e+00
    outer loop
      vertex   9.611771e-03 2.144889e-02 -6.000000e-03
      vertex   1.000000e-02 2.150000e-02 -3.400000e-03
      vertex   9.611771e-03 2.144889e-02 -3.400000e-03
    endloop
  endfacet
  facet normal 3.826834e-01 -9.238795e-01 0.000000e+00
    outer loop
      vertex   9.611771e-03 2.144889e-02 -6.000000e-03
      vertex   9.611771e-03 2.144889e-02 -3.400000e-03
      vertex   9.250000e-03 2.129904e-02 -6.000000e-03
    endloop
  endfacet
  facet normal 3.826834e-01 -9.238795e-01 2.553269e-16
    outer loop
      vertex   9.250000e-03 2.129904e-02 -6.000000e-03
      vertex   9.611771e-03 2.144889e-02 -3.400000e-03
      vertex   9.250000e-03 2.129904e-02 -3.400000e-03
    endloop
  endfacet
  facet normal 6.087614e-01 -7.933533e-01 4.061664e-16
    outer loop
      vertex   9.250000e-03 2.129904e-02 -6.000000e-03
      vertex   9.250000e-03 2.129904e-02 -3.400000e-03
      vertex   8.939340e-03 2.106066e-02 -6.000000e-03
    endloop
  endfacet
  facet normal 6.087614e-01 -7.933533e-01 0.000000e+00
    outer loop
      vertex   8.939340e-03 2.106066e-02 -6.000000e-03
      vertex   9.250000e-03 2.129904e-02 -3.400000e-03
      vertex   8.939340e-03 2.106066e-02 -3.400000e-03
    endloop
  endfacet
  facet normal 7.933533e-01 -6.087614e-01 0.000000e+00
    outer loop
      vertex   8.939340e-03 2.106066e-02 -6.000000e-03
      vertex   8.939340e-03 2.106066e-02 -3.400000e-03
      vertex   8.700962e-03 2.075000e-02 -6.000000e-03
    endloop
  endfacet
  facet normal 7.933533e-01 -6.087614e-01 0.000000e+00
    outer loop
      vertex   8.700962e-03 2.075000e-02 -6.000000e-03
      vertex   8.939340e-03 2.106066e-02 -3.400000e-03
      vertex   8.700962e-03 2.075000e-02 -3.400000e-03
    endloop
  endfacet
  facet normal 9.238795e-01 -3.826834e-01 0.000000e+00
    outer loop
      vertex   8.700962e-03 2.075000e-02 -6.000000e-03
      vertex   8.700962e-03 2.075000e-02 -3.400000e-03
      vertex   8.551111e-03 2.038823e-02 -6.000000e-03
    endloop
  endfacet
  facet normal 9.238795e-01 -3.826834e-01 0.000000e+00
    outer loop
      vertex   8.551111e-03 2.038823e-02 -6.000000e-03
      vertex   8.700962e-03 2.075000e-02 -3.400000e-03
      vertex   8.551111e-03 2.038823e-02 -3.400000e-03
    endloop
  endfacet
  facet normal 9.914449e-01 -1.305262e-01 0.000000e+00
    outer loop
      vertex   8.551111e-03 2.038823e-02 -6.000000e-03
      vertex   8.551111e-03 2.038823e-02 -3.400000e-03
      vertex   8.500000e-03 2.000000e-02 -6.000000e-03
    endloop
  endfacet
  facet normal 9.914449e-01 -1.305262e-01 0.000000e+00
    outer loop
      vertex   8.500000e-03 2.000000e-02 -6.000000e-03
      vertex   8.551111e-03 2.038823e-02 -3.400000e-03
      vertex   8.500000e-03 2.000000e-02 -3.400000e-03
    endloop
  endfacet
  facet normal 9.914449e-01 1.305262e-01 -0.000000e+00
    outer loop
      vertex   8.500000e-03 2.000000e-02 -6.000000e-03
      vertex   8.500000e-03 2.000000e-02 -3.400000e-03
      vertex   8.551111e-03 1.961177e-02 -6.000000e-03
    endloop
  endfacet
  facet normal 9.914449e-01 1.305262e-01 -0.000000e+00
    outer loop
      vertex   8.551111e-03 1.961177e-02 -6.000000e-03
      vertex   8.500000e-03 2.000000e-02 -3.400000e-03
      vertex   8.551111e-03 1.961177e-02 -3.400000e-03
    endloop
  endfacet
  facet normal 9.238795e-01 3.826834e-01 -0.000000e+00
    outer loop
      vertex   8.551111e-03 1.961177e-02 -6.000000e-03
      vertex   8.551111e-03 1.961177e-02 -3.400000e-03
      vertex   8.700962e-03 1.925000e-02 -6.000000e-03
    endloop
  endfacet
  facet normal 9.238795e-01 3.826834e-01 -0.000000e+00
    outer loop
      vertex   8.700962e-03 1.925000e-02 -6.000000e-03
      vertex   8.551111e-03 1.961177e-02 -3.400000e-03
      vertex   8.700962e-03 1.925000e-02 -3.400000e-03
    endloop
  endfacet
  facet normal 7.933533e-01 6.087614e-01 -0.000000e+00
    outer loop
      vertex   8.700962e-03 1.925000e-02 -6.000000e-03
      vertex   8.700962e-03 1.925000e-02 -3.400000e-03
      vertex   8.939340e-03 1.893934e-02 -6.000000e-03
    endloop
  endfacet
  facet normal 7.933533e-01 6.087614e-01 -0.000000e+00
    outer loop
      vertex   8.939340e-03 1.893934e-02 -6.000000e-03
      vertex   8.700962e-03 1.925000e-02 -3.400000e-03
      vertex   8.939340e-03 1.893934e-02 -3.400000e-03
    endloop
  endfacet
  facet normal 6.087614e-01 7.933533e-01 -0.000000e+00
    outer loop
      vertex   8.939340e-03 1.893934e-02 -6.000000e-03
      vertex   8.939340e-03 1.893934e-02 -3.400000e-03
      vertex   9.250000e-03 1.870096e-02 -6.000000e-03
    endloop
  endfacet
  facet normal 6.087614e-01 7.933533e-01 -4.061664e-16
    outer loop
      vertex   9.250000e-03 1.870096e-02 -6.000000e-03
      vertex   8.939340e-03 1.893934e-02 -3.400000e-03
      vertex   9.250000e-03 1.870096e-02 -3.400000e-03
    endloop
  endfacet
  facet normal 3.826834e-01 9.238795e-01 -2.553269e-16
    outer loop
      vertex   9.250000e-03 1.870096e-02 -6.000000e-03
      vertex   9.250000e-03 1.870096e-02 -3.400000e-03
      vertex   9.611771e-03 1.855111e-02 -6.000000e-03
    endloop
  endfacet
  facet normal 3.826834e-01 9.238795e-01 -2.553269e-16
    outer loop
      vertex   9.611771e-03 1.855111e-02 -6.000000e-03
      vertex   9.250000e-03 1.870096e-02 -3.400000e-03
      vertex   9.611771e-03 1.855111e-02 -3.400000e-03
    endloop
  endfacet
  facet normal 1.305262e-01 9.914449e-01 -8.708725e-17
    outer loop
      vertex   9.611771e-03 1.855111e-02 -6.000000e-03
      vertex   9.611771e-03 1.855111e-02 -3.400000e-03
      vertex   1.000000e-02 1.850000e-02 -6.000000e-03
    endloop
  endfacet
  facet normal 1.305262e-01 9.914449e-01 -0.000000e+00
    outer loop
      vertex   1.000000e-02 1.850000e-02 -6.000000e-03
      vertex   9.611771e-03 1.855111e-02 -3.400000e-03
      vertex   1.000000e-02 1.850000e-02 -3.400000e-03
    endloop
  endfacet
  facet normal -1.305262e-01 9.914449e-01 0.000000e+00
    outer loop
      vertex   1.000000e-02 1.850000e-02 -6.000000e-03
      vertex   1.000000e-02 1.850000e-02 -3.400000e-03
      vertex   1.038823e-02 1.855111e-02 -6.000000e-03
    endloop
  endfacet
  facet normal -1.305262e-01 9.914449e-01 0.000000e+00
    outer loop
      vertex   1.038823e-02 1.855111e-02 -6.000000e-03
      vertex   1.000000e-02 1.850000e-02 -3.400000e-03
      vertex   1.038823e-02 1.855111e-02 -3.400000e-03
    endloop
  endfacet
  facet normal -3.826834e-01 9.238795e-01 0.000000e+00
    outer loop
      vertex   1.038823e-02 1.855111e-02 -6.000000e-03
      vertex   1.038823e-02 1.855111e-02 -3.400000e-03
      vertex   1.075000e-02 1.870096e-02 -6.000000e-03
    endloop
  endfacet
  facet normal -3.826834e-01 9.238795e-01 0.000000e+00
    outer loop
      vertex   1.075000e-02 1.870096e-02 -6.000000e-03
      vertex   1.038823e-02 1.855111e-02 -3.400000e-03
      vertex   1.075000e-02 1.870096e-02 -3.400000e-03
    endloop
  endfacet
  facet normal -6.087614e-01 7.933533e-01 0.000000e+00
    outer loop
      vertex   1.075000e-02 1.870096e-02 -6.000000e-03
      vertex   1.075000e-02 1.870096e-02 -3.400000e-03
      vertex   1.106066e-02 1.893934e-02 -6.000000e-03
    endloop
  endfacet
  facet normal -6.087614e-01 7.933533e-01 0.000000e+00
    outer loop
      vertex   1.106066e-02 1.893934e-02 -6.000000e-03
      vertex   1.075000e-02 1.870096e-02 -3.400000e-03
      vertex   1.106066e-02 1.893934e-02 -3.400000e-03
    endloop
  endfacet
  facet normal -7.933533e-01 6.087614e-01 0.000000e+00
    outer loop
      vertex   1.106066e-02 1.893934e-02 -6.000000e-03
      vertex   1.106066e-02 1.893934e-02 -3.400000e-03
      vertex   1.129904e-02 1.925000e-02 -6.000000e-03
    endloop
  endfacet
  facet normal -7.933533e-01 6.087614e-01 0.000000e+00
    outer loop
      vertex   1.129904e-02 1.925000e-02 -6.000000e-03
      vertex   1.106066e-02 1.893934e-02 -3.400000e-03
      vertex   1.129904e-02 1.925000e-02 -3.400000e-03
    endloop
  endfacet
  facet normal -9.238795e-01 3.826834e-01 0.000000e+00
    outer loop
      vertex   1.129904e-02 1.925000e-02 -6.000000e-03
      vertex   1.129904e-02 1.925000e-02 -3.400000e-03
      vertex   1.144889e-02 1.961177e-02 -6.000000e-03
    endloop
  endfacet
  facet normal -9.238795e-01 3.826834e-01 0.000000e+00
    outer loop
      vertex   1.144889e-02 1.961177e-02 -6.000000e-03
      vertex   1.129904e-02 1.925000e-02 -3.400000e-03
      vertex   1.144889e-02 1.961177e-02 -3.400000e-03
    endloop
  endfacet
  facet normal -0.000000e+00 -1.000000e+00 -0.000000e+00
    outer loop
      vertex   1.600000e-02 -2.000000e-02 -6.000000e-04
      vertex   -1.592000e-01 -2.000000e-02 -6.000000e-04
      vertex   1.600000e-02 -2.000000e-02 -5.000000e-03
    endloop
  endfacet
  facet normal 0.000000e+00 -1.000000e+00 0.000000e+00
    outer loop
      vertex   1.600000e-02 -2.000000e-02 -5.000000e-03
      vertex   -1.592000e-01 -2.000000e-02 -6.000000e-04
      vertex   -1.592000e-01 -2.000000e-02 -5.000000e-03
    endloop
  endfacet
  facet normal 1.000000e+00 0.000000e+00 0.000000e+00
    outer loop
      vertex   2.000000e-02 1.592000e-01 -6.000000e-04
      vertex   2.000000e-02 -1.600000e-02 -6.000000e-04
      vertex   2.000000e-02 1.592000e-01 -5.000000e-03
    endloop
  endfacet
  facet normal 1.000000e+00 0.000000e+00 0.000000e+00
    outer loop
      vertex   2.000000e-02 1.592000e-01 -5.000000e-03
      vertex   2.000000e-02 -1.600000e-02 -6.000000e-04
      vertex   2.000000e-02 -1.600000e-02 -5.000000e-03
    endloop
  endfacet
  facet normal -0.000000e+00 1.000000e+00 0.000000e+00
    outer loop
      vertex   8.000000e-04 1.600000e-01 -6.000000e-04
      vertex   5.500000e-03 1.600000e-01 -6.000000e-04
      vertex   8.000000e-04 1.600000e-01 -5.000000e-03
    endloop
  endfacet
  facet normal 0.000000e+00 1.000000e+00 0.000000e+00
    outer loop
      vertex   8.000000e-04 1.600000e-01 -5.000000e-03
      vertex   5.500000e-03 1.600000e-01 -6.000000e-04
      vertex   1.920000e-02 1.600000e-01 -5.000000e-03
    endloop
  endfacet
  facet normal 0.000000e+00 1.000000e+00 -0.000000e+00
    outer loop
      vertex   1.920000e-02 1.600000e-01 -5.000000e-03
      vertex   5.500000e-03 1.600000e-01 -6.000000e-04
      vertex   1.920000e-02 1.600000e-01 -6.000000e-04
    endloop
  endfacet
  facet normal -1.000000e+00 -2.443079e-16 -2.464096e-17
    outer loop
      vertex   3.814821e-17 9.000000e-03 -6.000000e-04
      vertex   1.453169e-18 1.592000e-01 -6.000000e-04
      vertex   3.825663e-17 9.000000e-03 -5.000000e-03
    endloop
  endfacet
  facet normal -1.000000e+00 -2.450297e-16 0.000000e+00
    outer loop
      vertex   3.825663e-17 9.000000e-03 -5.000000e-03
      vertex   1.453169e-18 1.592000e-01 -6.000000e-04
      vertex   1.453169e-18 1.592000e-01 -5.000000e-03
    endloop
  endfacet
  facet normal -1.396490e-16 1.000000e+00 -2.464096e-17
    outer loop
      vertex   -1.592000e-01 -2.791417e-17 -6.000000e-04
      vertex   -9.000000e-03 -6.938894e-18 -6.000000e-04
      vertex   -1.592000e-01 -2.802259e-17 -5.000000e-03
    endloop
  endfacet
  facet normal -1.760213e-16 1.000000e+00 1.216978e-15
    outer loop
      vertex   -1.592000e-01 -2.802259e-17 -5.000000e-03
      vertex   -9.000000e-03 -6.938894e-18 -6.000000e-04
      vertex   -9.000000e-03 -1.584192e-18 -5.000000e-03
    endloop
  endfacet
  facet normal -1.000000e+00 0.000000e+00 0.000000e+00
    outer loop
      vertex   -1.600000e-01 -1.920000e-02 -6.000000e-04
      vertex   -1.600000e-01 -5.500000e-03 -6.000000e-04
      vertex   -1.600000e-01 -1.920000e-02 -5.000000e-03
    endloop
  endfacet
  facet normal -1.000000e+00 0.000000e+00 0.000000e+00
    outer loop
      vertex   -1.600000e-01 -1.920000e-02 -5.000000e-03
      vertex   -1.600000e-01 -5.500000e-03 -6.000000e-04
      vertex   -1.600000e-01 -8.000000e-04 -5.000000e-03
    endloop
  endfacet
  facet normal -1.000000e+00 0.000000e+00 0.000000e+00
    outer loop
      vertex   -1.600000e-01 -8.000000e-04 -5.000000e-03
      vertex   -1.600000e-01 -5.500000e-03 -6.000000e-04
      vertex   -1.600000e-01 -8.000000e-04 -6.000000e-04
    endloop
  endfacet
  facet normal -0.000000e+00 0.000000e+00 -1.000000e+00
    outer loop
      vertex   1.920000e-02 1.600000e-01 -5.000000e-03
      vertex   7.751754e-03 1.580000e-01 -5.000000e-03
      vertex   8.000000e-04 1.600000e-01 -5.000000e-03
    endloop
  endfacet
  facet normal 0.000000e+00 0.000000e+00 -1.000000e+00
    outer loop
      vertex   8.000000e-04 1.600000e-01 -5.000000e-03
      vertex   7.751754e-03 1.580000e-01 -5.000000e-03
      vertex   7.600616e-03 1.579860e-01 -5.000000e-03
    endloop
  endfacet
  facet normal 0.000000e+00 0.000000e+00 -1.000000e+00
    outer loop
      vertex   8.000000e-04 1.600000e-01 -5.000000e-03
      vertex   7.600616e-03 1.579860e-01 -5.000000e-03
      vertex   7.457732e-03 1.579444e-01 -5.000000e-03
    endloop
  endfacet
  facet normal -0.000000e+00 -0.000000e+00 -1.000000e+00
    outer loop
      vertex   1.940706e-02 1.599727e-01 -5.000000e-03
      vertex   1.960000e-02 1.598928e-01 -5.000000e-03
      vertex   1.920000e-02 1.600000e-01 -5.000000e-03
    endloop
  endfacet
  facet normal 0.000000e+00 0.000000e+00 -1.000000e+00
    outer loop
      vertex   1.920000e-02 1.600000e-01 -5.000000e-03
      vertex   1.960000e-02 1.598928e-01 -5.000000e-03
      vertex   1.976569e-02 1.597657e-01 -5.000000e-03
    endloop
  endfacet
  facet normal 0.000000e+00 0.000000e+00 -1.000000e+00
    outer loop
      vertex   1.920000e-02 1.600000e-01 -5.000000e-03
      vertex   1.976569e-02 1.597657e-01 -5.000000e-03
      vertex   1.989282e-02 1.596000e-01 -5.000000e-03
    endloop
  endfacet
  facet normal -0.000000e+00 -0.000000e+00 -1.000000e+00
    outer loop
      vertex   1.989282e-02 1.596000e-01 -5.000000e-03
      vertex   1.997274e-02 1.594071e-01 -5.000000e-03
      vertex   1.920000e-02 1.600000e-01 -5.000000e-03
    endloop
  endfacet
  facet normal 0.000000e+00 0.000000e+00 -1.000000e+00
    outer loop
      vertex   1.920000e-02 1.600000e-01 -5.000000e-03
      vertex   1.997274e-02 1.594071e-01 -5.000000e-03
      vertex   2.000000e-02 1.592000e-01 -5.000000e-03
    endloop
  endfacet
  facet normal 0.000000e+00 -0.000000e+00 -1.000000e+00
    outer loop
      vertex   1.920000e-02 1.600000e-01 -5.000000e-03
      vertex   2.000000e-02 1.592000e-01 -5.000000e-03
      vertex   1.300000e-02 1.572482e-01 -5.000000e-03
    endloop
  endfacet
  facet normal 0.000000e+00 0.000000e+00 -1.000000e+00
    outer loop
      vertex   1.300000e-02 1.572482e-01 -5.000000e-03
      vertex   2.000000e-02 1.592000e-01 -5.000000e-03
      vertex   1.300000e-02 2.751754e-03 -5.000000e-03
    endloop
  endfacet
  facet normal 0.000000e+00 0.000000e+00 -1.000000e+00
    outer loop
      vertex   1.300000e-02 2.751754e-03 -5.000000e-03
      vertex   2.000000e-02 1.592000e-01 -5.000000e-03
      vertex   2.000000e-02 -1.600000e-02 -5.000000e-03
    endloop
  endfacet
  facet normal 0.000000e+00 -0.000000e+00 -1.000000e+00
    outer loop
      vertex   1.300000e-02 2.751754e-03 -5.000000e-03
      vertex   2.000000e-02 -1.600000e-02 -5.000000e-03
      vertex   1.298599e-02 2.600616e-03 -5.000000e-03
    endloop
  endfacet
  facet normal 0.000000e+00 -0.000000e+00 -1.000000e+00
    outer loop
      vertex   1.298599e-02 2.600616e-03 -5.000000e-03
      vertex   2.000000e-02 -1.600000e-02 -5.000000e-03
      vertex   1.294441e-02 2.457732e-03 -5.000000e-03
    endloop
  endfacet
  facet normal 0.000000e+00 -0.000000e+00 -1.000000e+00
    outer loop
      vertex   1.294441e-02 2.457732e-03 -5.000000e-03
      vertex   2.000000e-02 -1.600000e-02 -5.000000e-03
      vertex   1.287663e-02 2.327806e-03 -5.000000e-03
    endloop
  endfacet
  facet normal 0.000000e+00 -0.000000e+00 -1.000000e+00
    outer loop
      vertex   1.287663e-02 2.327806e-03 -5.000000e-03
      vertex   2.000000e-02 -1.600000e-02 -5.000000e-03
      vertex   1.129904e-02 -9.250000e-03 -5.000000e-03
    endloop
  endfacet
  facet normal 0.000000e+00 0.000000e+00 -1.000000e+00
    outer loop
      vertex   1.287663e-02 2.327806e-03 -5.000000e-03
      vertex   1.129904e-02 -9.250000e-03 -5.000000e-03
      vertex   1.278488e-02 2.215116e-03 -5.000000e-03
    endloop
  endfacet
  facet normal 0.000000e+00 0.000000e+00 -1.000000e+00
    outer loop
      vertex   1.278488e-02 2.215116e-03 -5.000000e-03
      vertex   1.129904e-02 -9.250000e-03 -5.000000e-03
      vertex   1.267219e-02 2.123372e-03 -5.000000e-03
    endloop
  endfacet
  facet normal 0.000000e+00 0.000000e+00 -1.000000e+00
    outer loop
      vertex   1.267219e-02 2.123372e-03 -5.000000e-03
      vertex   1.129904e-02 -9.250000e-03 -5.000000e-03
      vertex   1.106066e-02 -8.939340e-03 -5.000000e-03
    endloop
  endfacet
  facet normal 0.000000e+00 0.000000e+00 -1.000000e+00
    outer loop
      vertex   1.267219e-02 2.123372e-03 -5.000000e-03
      vertex   1.106066e-02 -8.939340e-03 -5.000000e-03
      vertex   1.254227e-02 2.055594e-03 -5.000000e-03
    endloop
  endfacet
  facet normal 0.000000e+00 0.000000e+00 -1.000000e+00
    outer loop
      vertex   1.254227e-02 2.055594e-03 -5.000000e-03
      vertex   1.106066e-02 -8.939340e-03 -5.000000e-03
      vertex   1.075000e-02 -8.700962e-03 -5.000000e-03
    endloop
  endfacet
  facet normal 0.000000e+00 0.000000e+00 -1.000000e+00
    outer loop
      vertex   1.254227e-02 2.055594e-03 -5.000000e-03
      vertex   1.075000e-02 -8.700962e-03 -5.000000e-03
      vertex   1.239938e-02 2.014014e-03 -5.000000e-03
    endloop
  endfacet
  facet normal 0.000000e+00 0.000000e+00 -1.000000e+00
    outer loop
      vertex   1.239938e-02 2.014014e-03 -5.000000e-03
      vertex   1.075000e-02 -8.700962e-03 -5.000000e-03
      vertex   1.224825e-02 2.000000e-03 -5.000000e-03
    endloop
  endfacet
  facet normal 0.000000e+00 0.000000e+00 -1.000000e+00
    outer loop
      vertex   1.224825e-02 2.000000e-03 -5.000000e-03
      vertex   1.075000e-02 -8.700962e-03 -5.000000e-03
      vertex   1.038823e-02 -8.551111e-03 -5.000000e-03
    endloop
  endfacet
  facet normal 0.000000e+00 0.000000e+00 -1.000000e+00
    outer loop
      vertex   1.224825e-02 2.000000e-03 -5.000000e-03
      vertex   1.038823e-02 -8.551111e-03 -5.000000e-03
      vertex   1.000000e-02 -8.500000e-03 -5.000000e-03
    endloop
  endfacet
  facet normal -0.000000e+00 0.000000e+00 -1.000000e+00
    outer loop
      vertex   1.986370e-02 -1.703528e-02 -5.000000e-03
      vertex   1.946410e-02 -1.800000e-02 -5.000000e-03
      vertex   2.000000e-02 -1.600000e-02 -5.000000e-03
    endloop
  endfacet
  facet normal 0.000000e+00 0.000000e+00 -1.000000e+00
    outer loop
      vertex   2.000000e-02 -1.600000e-02 -5.000000e-03
      vertex   1.946410e-02 -1.800000e-02 -5.000000e-03
      vertex   1.882843e-02 -1.882843e-02 -5.000000e-03
    endloop
  endfacet
  facet normal 0.000000e+00 0.000000e+00 -1.000000e+00
    outer loop
      vertex   2.000000e-02 -1.600000e-02 -5.000000e-03
      vertex   1.882843e-02 -1.882843e-02 -5.000000e-03
      vertex   1.800000e-02 -1.946410e-02 -5.000000e-03
    endloop
  endfacet
  facet normal -0.000000e+00 0.000000e+00 -1.000000e+00
    outer loop
      vertex   1.800000e-02 -1.946410e-02 -5.000000e-03
      vertex   1.703528e-02 -1.986370e-02 -5.000000e-03
      vertex   2.000000e-02 -1.600000e-02 -5.000000e-03
    endloop
  endfacet
  facet normal 0.000000e+00 0.000000e+00 -1.000000e+00
    outer loop
      vertex   2.000000e-02 -1.600000e-02 -5.000000e-03
      vertex   1.703528e-02 -1.986370e-02 -5.000000e-03
      vertex   1.600000e-02 -2.000000e-02 -5.000000e-03
    endloop
  endfacet
  facet normal -0.000000e+00 0.000000e+00 -1.000000e+00
    outer loop
      vertex   2.000000e-02 -1.600000e-02 -5.000000e-03
      vertex   1.600000e-02 -2.000000e-02 -5.000000e-03
      vertex   1.106066e-02 -1.106066e-02 -5.000000e-03
    endloop
  endfacet
  facet normal 0.000000e+00 -0.000000e+00 -1.000000e+00
    outer loop
      vertex   1.106066e-02 -1.106066e-02 -5.000000e-03
      vertex   1.600000e-02 -2.000000e-02 -5.000000e-03
      vertex   1.075000e-02 -1.129904e-02 -5.000000e-03
    endloop
  endfacet
  facet normal 0.000000e+00 -0.000000e+00 -1.000000e+00
    outer loop
      vertex   1.075000e-02 -1.129904e-02 -5.000000e-03
      vertex   1.600000e-02 -2.000000e-02 -5.000000e-03
      vertex   1.038823e-02 -1.144889e-02 -5.000000e-03
    endloop
  endfacet
  facet normal 0.000000e+00 -0.000000e+00 -1.000000e+00
    outer loop
      vertex   1.038823e-02 -1.144889e-02 -5.000000e-03
      vertex   1.600000e-02 -2.000000e-02 -5.000000e-03
      vertex   1.000000e-02 -1.150000e-02 -5.000000e-03
    endloop
  endfacet
  facet normal -0.000000e+00 -0.000000e+00 -1.000000e+00
    outer loop
      vertex   1.000000e-02 -1.150000e-02 -5.000000e-03
      vertex   1.600000e-02 -2.000000e-02 -5.000000e-03
      vertex   9.611771e-03 -1.144889e-02 -5.000000e-03
    endloop
  endfacet
  facet normal -0.000000e+00 -0.000000e+00 -1.000000e+00
    outer loop
      vertex   9.611771e-03 -1.144889e-02 -5.000000e-03
      vertex   1.600000e-02 -2.000000e-02 -5.000000e-03
      vertex   9.250000e-03 -1.129904e-02 -5.000000e-03
    endloop
  endfacet
  facet normal 0.000000e+00 -0.000000e+00 -1.000000e+00
    outer loop
      vertex   9.250000e-03 -1.129904e-02 -5.000000e-03
      vertex   1.600000e-02 -2.000000e-02 -5.000000e-03
      vertex   -2.327806e-03 -1.287663e-02 -5.000000e-03
    endloop
  endfacet
  facet normal 0.000000e+00 0.000000e+00 -1.000000e+00
    outer loop
      vertex   9.250000e-03 -1.129904e-02 -5.000000e-03
      vertex   -2.327806e-03 -1.287663e-02 -5.000000e-03
      vertex   -2.215116e-03 -1.278488e-02 -5.000000e-03
    endloop
  endfacet
  facet normal 0.000000e+00 0.000000e+00 -1.000000e+00
    outer loop
      vertex   -1.592000e-01 -2.000000e-02 -5.000000e-03
      vertex   -2.751754e-03 -1.300000e-02 -5.000000e-03
      vertex   1.600000e-02 -2.000000e-02 -5.000000e-03
    endloop
  endfacet
  facet normal 0.000000e+00 0.000000e+00 -1.000000e+00
    outer loop
      vertex   1.600000e-02 -2.000000e-02 -5.000000e-03
      vertex   -2.751754e-03 -1.300000e-02 -5.000000e-03
      vertex   -2.600616e-03 -1.298599e-02 -5.000000e-03
    endloop
  endfacet
  facet normal 0.000000e+00 0.000000e+00 -1.000000e+00
    outer loop
      vertex   1.600000e-02 -2.000000e-02 -5.000000e-03
      vertex   -2.600616e-03 -1.298599e-02 -5.000000e-03
      vertex   -2.457732e-03 -1.294441e-02 -5.000000e-03
    endloop
  endfacet
  facet normal 0.000000e+00 0.000000e+00 -1.000000e+00
    outer loop
      vertex   -1.594071e-01 -1.997274e-02 -5.000000e-03
      vertex   -1.600000e-01 -1.920000e-02 -5.000000e-03
      vertex   -1.592000e-01 -2.000000e-02 -5.000000e-03
    endloop
  endfacet
  facet normal 0.000000e+00 0.000000e+00 -1.000000e+00
    outer loop
      vertex   -1.592000e-01 -2.000000e-02 -5.000000e-03
      vertex   -1.600000e-01 -1.920000e-02 -5.000000e-03
      vertex   -1.572482e-01 -1.300000e-02 -5.000000e-03
    endloop
  endfacet
  facet normal 0.000000e+00 0.000000e+00 -1.000000e+00
    outer loop
      vertex   -1.592000e-01 -2.000000e-02 -5.000000e-03
      vertex   -1.572482e-01 -1.300000e-02 -5.000000e-03
      vertex   -2.751754e-03 -1.300000e-02 -5.000000e-03
    endloop
  endfacet
  facet normal 0.000000e+00 0.000000e+00 -1.000000e+00
    outer loop
      vertex   -1.594071e-01 -1.997274e-02 -5.000000e-03
      vertex   -1.596000e-01 -1.989282e-02 -5.000000e-03
      vertex   -1.600000e-01 -1.920000e-02 -5.000000e-03
    endloop
  endfacet
  facet normal 0.000000e+00 0.000000e+00 -1.000000e+00
    outer loop
      vertex   -1.600000e-01 -1.920000e-02 -5.000000e-03
      vertex   -1.596000e-01 -1.989282e-02 -5.000000e-03
      vertex   -1.597657e-01 -1.976569e-02 -5.000000e-03
    endloop
  endfacet
  facet normal 0.000000e+00 0.000000e+00 -1.000000e+00
    outer loop
      vertex   -1.600000e-01 -1.920000e-02 -5.000000e-03
      vertex   -1.597657e-01 -1.976569e-02 -5.000000e-03
      vertex   -1.598928e-01 -1.960000e-02 -5.000000e-03
    endloop
  endfacet
  facet normal 0.000000e+00 0.000000e+00 -1.000000e+00
    outer loop
      vertex   -1.598928e-01 -1.960000e-02 -5.000000e-03
      vertex   -1.599727e-01 -1.940706e-02 -5.000000e-03
      vertex   -1.600000e-01 -1.920000e-02 -5.000000e-03
    endloop
  endfacet
  facet normal 0.000000e+00 0.000000e+00 -1.000000e+00
    outer loop
      vertex   -1.600000e-01 -8.000000e-04 -5.000000e-03
      vertex   -1.580000e-01 -7.751754e-03 -5.000000e-03
      vertex   -1.600000e-01 -1.920000e-02 -5.000000e-03
    endloop
  endfacet
  facet normal 0.000000e+00 0.000000e+00 -1.000000e+00
    outer loop
      vertex   -1.600000e-01 -1.920000e-02 -5.000000e-03
      vertex   -1.580000e-01 -7.751754e-03 -5.000000e-03
      vertex   -1.580000e-01 -1.224825e-02 -5.000000e-03
    endloop
  endfacet
  facet normal 0.000000e+00 0.000000e+00 -1.000000e+00
    outer loop
      vertex   -1.600000e-01 -1.920000e-02 -5.000000e-03
      vertex   -1.580000e-01 -1.224825e-02 -5.000000e-03
      vertex   -1.579860e-01 -1.239938e-02 -5.000000e-03
    endloop
  endfacet
  facet normal 0.000000e+00 -0.000000e+00 -1.000000e+00
    outer loop
      vertex   -1.599727e-01 -5.929448e-04 -5.000000e-03
      vertex   -1.594071e-01 -2.725934e-05 -5.000000e-03
      vertex   -1.600000e-01 -8.000000e-04 -5.000000e-03
    endloop
  endfacet
  facet normal 0.000000e+00 0.000000e+00 -1.000000e+00
    outer loop
      vertex   -1.600000e-01 -8.000000e-04 -5.000000e-03
      vertex   -1.594071e-01 -2.725934e-05 -5.000000e-03
      vertex   -1.592000e-01 -2.802259e-17 -5.000000e-03
    endloop
  endfacet
  facet normal 0.000000e+00 0.000000e+00 -1.000000e+00
    outer loop
      vertex   -1.600000e-01 -8.000000e-04 -5.000000e-03
      vertex   -1.592000e-01 -2.802259e-17 -5.000000e-03
      vertex   -1.572482e-01 -7.000000e-03 -5.000000e-03
    endloop
  endfacet
  facet normal 0.000000e+00 0.000000e+00 -1.000000e+00
    outer loop
      vertex   -1.572482e-01 -7.000000e-03 -5.000000e-03
      vertex   -1.592000e-01 -2.802259e-17 -5.000000e-03
      vertex   -9.000000e-03 -1.584192e-18 -5.000000e-03
    endloop
  endfacet
  facet normal 0.000000e+00 0.000000e+00 -1.000000e+00
    outer loop
      vertex   -1.572482e-01 -7.000000e-03 -5.000000e-03
      vertex   -9.000000e-03 -1.584192e-18 -5.000000e-03
      vertex   -2.751754e-03 -7.000000e-03 -5.000000e-03
    endloop
  endfacet
  facet normal 0.000000e+00 0.000000e+00 -1.000000e+00
    outer loop
      vertex   -2.751754e-03 -7.000000e-03 -5.000000e-03
      vertex   -9.000000e-03 -1.584192e-18 -5.000000e-03
      vertex   -6.670629e-03 3.066676e-04 -5.000000e-03
    endloop
  endfacet
  facet normal 0.000000e+00 0.000000e+00 -1.000000e+00
    outer loop
      vertex   -2.751754e-03 -7.000000e-03 -5.000000e-03
      vertex   -6.670629e-03 3.066676e-04 -5.000000e-03
      vertex   -4.500000e-03 1.205771e-03 -5.000000e-03
    endloop
  endfacet
  facet normal 0.000000e+00 0.000000e+00 -1.000000e+00
    outer loop
      vertex   -1.599727e-01 -5.929448e-04 -5.000000e-03
      vertex   -1.598928e-01 -4.000000e-04 -5.000000e-03
      vertex   -1.594071e-01 -2.725934e-05 -5.000000e-03
    endloop
  endfacet
  facet normal 0.000000e+00 0.000000e+00 -1.000000e+00
    outer loop
      vertex   -1.594071e-01 -2.725934e-05 -5.000000e-03
      vertex   -1.598928e-01 -4.000000e-04 -5.000000e-03
      vertex   -1.597657e-01 -2.343146e-04 -5.000000e-03
    endloop
  endfacet
  facet normal 0.000000e+00 0.000000e+00 -1.000000e+00
    outer loop
      vertex   -1.594071e-01 -2.725934e-05 -5.000000e-03
      vertex   -1.597657e-01 -2.343146e-04 -5.000000e-03
      vertex   -1.596000e-01 -1.071797e-04 -5.000000e-03
    endloop
  endfacet
  facet normal 0.000000e+00 -0.000000e+00 -1.000000e+00
    outer loop
      vertex   -2.636039e-03 2.636039e-03 -5.000000e-03
      vertex   -2.457732e-03 -7.055594e-03 -5.000000e-03
      vertex   -4.500000e-03 1.205771e-03 -5.000000e-03
    endloop
  endfacet
  facet normal 0.000000e+00 0.000000e+00 -1.000000e+00
    outer loop
      vertex   -4.500000e-03 1.205771e-03 -5.000000e-03
      vertex   -2.457732e-03 -7.055594e-03 -5.000000e-03
      vertex   -2.600616e-03 -7.014014e-03 -5.000000e-03
    endloop
  endfacet
  facet normal 0.000000e+00 0.000000e+00 -1.000000e+00
    outer loop
      vertex   -4.500000e-03 1.205771e-03 -5.000000e-03
      vertex   -2.600616e-03 -7.014014e-03 -5.000000e-03
      vertex   -2.751754e-03 -7.000000e-03 -5.000000e-03
    endloop
  endfacet
  facet normal 0.000000e+00 -0.000000e+00 -1.000000e+00
    outer loop
      vertex   -1.205771e-03 4.500000e-03 -5.000000e-03
      vertex   7.055594e-03 2.457732e-03 -5.000000e-03
      vertex   -2.636039e-03 2.636039e-03 -5.000000e-03
    endloop
  endfacet
  facet normal 0.000000e+00 0.000000e+00 -1.000000e+00
    outer loop
      vertex   -2.636039e-03 2.636039e-03 -5.000000e-03
      vertex   7.055594e-03 2.457732e-03 -5.000000e-03
      vertex   7.123372e-03 2.327806e-03 -5.000000e-03
    endloop
  endfacet
  facet normal 0.000000e+00 0.000000e+00 -1.000000e+00
    outer loop
      vertex   -2.636039e-03 2.636039e-03 -5.000000e-03
      vertex   7.123372e-03 2.327806e-03 -5.000000e-03
      vertex   7.215116e-03 2.215116e-03 -5.000000e-03
    endloop
  endfacet
  facet normal 0.000000e+00 -0.000000e+00 -1.000000e+00
    outer loop
      vertex   -3.066676e-04 6.670629e-03 -5.000000e-03
      vertex   7.000000e-03 2.751754e-03 -5.000000e-03
      vertex   -1.205771e-03 4.500000e-03 -5.000000e-03
    endloop
  endfacet
  facet normal 0.000000e+00 0.000000e+00 -1.000000e+00
    outer loop
      vertex   -1.205771e-03 4.500000e-03 -5.000000e-03
      vertex   7.000000e-03 2.751754e-03 -5.000000e-03
      vertex   7.014014e-03 2.600616e-03 -5.000000e-03
    endloop
  endfacet
  facet normal 0.000000e+00 0.000000e+00 -1.000000e+00
    outer loop
      vertex   -1.205771e-03 4.500000e-03 -5.000000e-03
      vertex   7.014014e-03 2.600616e-03 -5.000000e-03
      vertex   7.055594e-03 2.457732e-03 -5.000000e-03
    endloop
  endfacet
  facet normal 0.000000e+00 0.000000e+00 -1.000000e+00
    outer loop
      vertex   -3.066676e-04 6.670629e-03 -5.000000e-03
      vertex   3.825663e-17 9.000000e-03 -5.000000e-03
      vertex   7.000000e-03 2.751754e-03 -5.000000e-03
    endloop
  endfacet
  facet normal 0.000000e+00 0.000000e+00 -1.000000e+00
    outer loop
      vertex   7.000000e-03 2.751754e-03 -5.000000e-03
      vertex   3.825663e-17 9.000000e-03 -5.000000e-03
      vertex   7.000000e-03 1.572482e-01 -5.000000e-03
    endloop
  endfacet
  facet normal -0.000000e+00 0.000000e+00 -1.000000e+00
    outer loop
      vertex   7.000000e-03 1.572482e-01 -5.000000e-03
      vertex   3.825663e-17 9.000000e-03 -5.000000e-03
      vertex   1.453169e-18 1.592000e-01 -5.000000e-03
    endloop
  endfacet
  facet normal 0.000000e+00 0.000000e+00 -1.000000e+00
    outer loop
      vertex   7.000000e-03 1.572482e-01 -5.000000e-03
      vertex   1.453169e-18 1.592000e-01 -5.000000e-03
      vertex   8.000000e-04 1.600000e-01 -5.000000e-03
    endloop
  endfacet
  facet normal 0.000000e+00 0.000000e+00 -1.000000e+00
    outer loop
      vertex   8.000000e-04 1.600000e-01 -5.000000e-03
      vertex   1.453169e-18 1.592000e-01 -5.000000e-03
      vertex   2.725934e-05 1.594071e-01 -5.000000e-03
    endloop
  endfacet
  facet normal 0.000000e+00 0.000000e+00 -1.000000e+00
    outer loop
      vertex   8.000000e-04 1.600000e-01 -5.000000e-03
      vertex   2.725934e-05 1.594071e-01 -5.000000e-03
      vertex   1.071797e-04 1.596000e-01 -5.000000e-03
    endloop
  endfacet
  facet normal 0.000000e+00 0.000000e+00 -1.000000e+00
    outer loop
      vertex   1.071797e-04 1.596000e-01 -5.000000e-03
      vertex   2.343146e-04 1.597657e-01 -5.000000e-03
      vertex   8.000000e-04 1.600000e-01 -5.000000e-03
    endloop
  endfacet
  facet normal 0.000000e+00 0.000000e+00 -1.000000e+00
    outer loop
      vertex   8.000000e-04 1.600000e-01 -5.000000e-03
      vertex   2.343146e-04 1.597657e-01 -5.000000e-03
      vertex   4.000000e-04 1.598928e-01 -5.000000e-03
    endloop
  endfacet
  facet normal 0.000000e+00 0.000000e+00 -1.000000e+00
    outer loop
      vertex   8.000000e-04 1.600000e-01 -5.000000e-03
      vertex   4.000000e-04 1.598928e-01 -5.000000e-03
      vertex   5.929448e-04 1.599727e-01 -5.000000e-03
    endloop
  endfacet
  facet normal 0.000000e+00 0.000000e+00 -1.000000e+00
    outer loop
      vertex   1.300000e-02 1.572482e-01 -5.000000e-03
      vertex   1.298599e-02 1.573994e-01 -5.000000e-03
      vertex   1.920000e-02 1.600000e-01 -5.000000e-03
    endloop
  endfacet
  facet normal 0.000000e+00 0.000000e+00 -1.000000e+00
    outer loop
      vertex   1.920000e-02 1.600000e-01 -5.000000e-03
      vertex   1.298599e-02 1.573994e-01 -5.000000e-03
      vertex   1.294441e-02 1.575423e-01 -5.000000e-03
    endloop
  endfacet
  facet normal 0.000000e+00 0.000000e+00 -1.000000e+00
    outer loop
      vertex   1.920000e-02 1.600000e-01 -5.000000e-03
      vertex   1.294441e-02 1.575423e-01 -5.000000e-03
      vertex   1.287663e-02 1.576722e-01 -5.000000e-03
    endloop
  endfacet
  facet normal 0.000000e+00 0.000000e+00 -1.000000e+00
    outer loop
      vertex   1.287663e-02 1.576722e-01 -5.000000e-03
      vertex   1.278488e-02 1.577849e-01 -5.000000e-03
      vertex   1.920000e-02 1.600000e-01 -5.000000e-03
    endloop
  endfacet
  facet normal 0.000000e+00 0.000000e+00 -1.000000e+00
    outer loop
      vertex   1.920000e-02 1.600000e-01 -5.000000e-03
      vertex   1.278488e-02 1.577849e-01 -5.000000e-03
      vertex   1.267219e-02 1.578766e-01 -5.000000e-03
    endloop
  endfacet
  facet normal 0.000000e+00 0.000000e+00 -1.000000e+00
    outer loop
      vertex   1.920000e-02 1.600000e-01 -5.000000e-03
      vertex   1.267219e-02 1.578766e-01 -5.000000e-03
      vertex   1.254227e-02 1.579444e-01 -5.000000e-03
    endloop
  endfacet
  facet normal 0.000000e+00 0.000000e+00 -1.000000e+00
    outer loop
      vertex   1.254227e-02 1.579444e-01 -5.000000e-03
      vertex   1.239938e-02 1.579860e-01 -5.000000e-03
      vertex   1.920000e-02 1.600000e-01 -5.000000e-03
    endloop
  endfacet
  facet normal 0.000000e+00 0.000000e+00 -1.000000e+00
    outer loop
      vertex   1.920000e-02 1.600000e-01 -5.000000e-03
      vertex   1.239938e-02 1.579860e-01 -5.000000e-03
      vertex   1.224825e-02 1.580000e-01 -5.000000e-03
    endloop
  endfacet
  facet normal 0.000000e+00 0.000000e+00 -1.000000e+00
    outer loop
      vertex   1.920000e-02 1.600000e-01 -5.000000e-03
      vertex   1.224825e-02 1.580000e-01 -5.000000e-03
      vertex   7.751754e-03 1.580000e-01 -5.000000e-03
    endloop
  endfacet
  facet normal -0.000000e+00 0.000000e+00 -1.000000e+00
    outer loop
      vertex   7.457732e-03 1.579444e-01 -5.000000e-03
      vertex   7.327806e-03 1.578766e-01 -5.000000e-03
      vertex   8.000000e-04 1.600000e-01 -5.000000e-03
    endloop
  endfacet
  facet normal 0.000000e+00 0.000000e+00 -1.000000e+00
    outer loop
      vertex   8.000000e-04 1.600000e-01 -5.000000e-03
      vertex   7.327806e-03 1.578766e-01 -5.000000e-03
      vertex   7.215116e-03 1.577849e-01 -5.000000e-03
    endloop
  endfacet
  facet normal 0.000000e+00 0.000000e+00 -1.000000e+00
    outer loop
      vertex   8.000000e-04 1.600000e-01 -5.000000e-03
      vertex   7.215116e-03 1.577849e-01 -5.000000e-03
      vertex   7.123372e-03 1.576722e-01 -5.000000e-03
    endloop
  endfacet
  facet normal -0.000000e+00 0.000000e+00 -1.000000e+00
    outer loop
      vertex   7.123372e-03 1.576722e-01 -5.000000e-03
      vertex   7.055594e-03 1.575423e-01 -5.000000e-03
      vertex   8.000000e-04 1.600000e-01 -5.000000e-03
    endloop
  endfacet
  facet normal 0.000000e+00 0.000000e+00 -1.000000e+00
    outer loop
      vertex   8.000000e-04 1.600000e-01 -5.000000e-03
      vertex   7.055594e-03 1.575423e-01 -5.000000e-03
      vertex   7.014014e-03 1.573994e-01 -5.000000e-03
    endloop
  endfacet
  facet normal 0.000000e+00 0.000000e+00 -1.000000e+00
    outer loop
      vertex   8.000000e-04 1.600000e-01 -5.000000e-03
      vertex   7.014014e-03 1.573994e-01 -5.000000e-03
      vertex   7.000000e-03 1.572482e-01 -5.000000e-03
    endloop
  endfacet
  facet normal 0.000000e+00 0.000000e+00 -1.000000e+00
    outer loop
      vertex   -2.636039e-03 2.636039e-03 -5.000000e-03
      vertex   7.215116e-03 2.215116e-03 -5.000000e-03
      vertex   -2.215116e-03 -7.215116e-03 -5.000000e-03
    endloop
  endfacet
  facet normal 0.000000e+00 0.000000e+00 -1.000000e+00
    outer loop
      vertex   -2.215116e-03 -7.215116e-03 -5.000000e-03
      vertex   7.215116e-03 2.215116e-03 -5.000000e-03
      vertex   7.327806e-03 2.123372e-03 -5.000000e-03
    endloop
  endfacet
  facet normal 0.000000e+00 0.000000e+00 -1.000000e+00
    outer loop
      vertex   -2.215116e-03 -7.215116e-03 -5.000000e-03
      vertex   7.327806e-03 2.123372e-03 -5.000000e-03
      vertex   -2.123372e-03 -7.327806e-03 -5.000000e-03
    endloop
  endfacet
  facet normal 0.000000e+00 0.000000e+00 -1.000000e+00
    outer loop
      vertex   -2.123372e-03 -7.327806e-03 -5.000000e-03
      vertex   7.327806e-03 2.123372e-03 -5.000000e-03
      vertex   8.939340e-03 -8.939340e-03 -5.000000e-03
    endloop
  endfacet
  facet normal 0.000000e+00 0.000000e+00 -1.000000e+00
    outer loop
      vertex   -2.123372e-03 -7.327806e-03 -5.000000e-03
      vertex   8.939340e-03 -8.939340e-03 -5.000000e-03
      vertex   -2.055594e-03 -7.457732e-03 -5.000000e-03
    endloop
  endfacet
  facet normal 0.000000e+00 0.000000e+00 -1.000000e+00
    outer loop
      vertex   -2.055594e-03 -7.457732e-03 -5.000000e-03
      vertex   8.939340e-03 -8.939340e-03 -5.000000e-03
      vertex   8.700962e-03 -9.250000e-03 -5.000000e-03
    endloop
  endfacet
  facet normal 0.000000e+00 0.000000e+00 -1.000000e+00
    outer loop
      vertex   -2.055594e-03 -7.457732e-03 -5.000000e-03
      vertex   8.700962e-03 -9.250000e-03 -5.000000e-03
      vertex   -2.014014e-03 -7.600616e-03 -5.000000e-03
    endloop
  endfacet
  facet normal 0.000000e+00 0.000000e+00 -1.000000e+00
    outer loop
      vertex   -2.014014e-03 -7.600616e-03 -5.000000e-03
      vertex   8.700962e-03 -9.250000e-03 -5.000000e-03
      vertex   -2.000000e-03 -7.751754e-03 -5.000000e-03
    endloop
  endfacet
  facet normal 0.000000e+00 0.000000e+00 -1.000000e+00
    outer loop
      vertex   -2.000000e-03 -7.751754e-03 -5.000000e-03
      vertex   8.700962e-03 -9.250000e-03 -5.000000e-03
      vertex   8.551111e-03 -9.611771e-03 -5.000000e-03
    endloop
  endfacet
  facet normal 0.000000e+00 0.000000e+00 -1.000000e+00
    outer loop
      vertex   -2.000000e-03 -7.751754e-03 -5.000000e-03
      vertex   8.551111e-03 -9.611771e-03 -5.000000e-03
      vertex   8.500000e-03 -1.000000e-02 -5.000000e-03
    endloop
  endfacet
  facet normal 0.000000e+00 0.000000e+00 -1.000000e+00
    outer loop
      vertex   7.327806e-03 2.123372e-03 -5.000000e-03
      vertex   7.457732e-03 2.055594e-03 -5.000000e-03
      vertex   8.939340e-03 -8.939340e-03 -5.000000e-03
    endloop
  endfacet
  facet normal 0.000000e+00 0.000000e+00 -1.000000e+00
    outer loop
      vertex   8.939340e-03 -8.939340e-03 -5.000000e-03
      vertex   7.457732e-03 2.055594e-03 -5.000000e-03
      vertex   9.250000e-03 -8.700962e-03 -5.000000e-03
    endloop
  endfacet
  facet normal 0.000000e+00 0.000000e+00 -1.000000e+00
    outer loop
      vertex   9.250000e-03 -8.700962e-03 -5.000000e-03
      vertex   7.457732e-03 2.055594e-03 -5.000000e-03
      vertex   7.600616e-03 2.014014e-03 -5.000000e-03
    endloop
  endfacet
  facet normal 0.000000e+00 0.000000e+00 -1.000000e+00
    outer loop
      vertex   9.250000e-03 -8.700962e-03 -5.000000e-03
      vertex   7.600616e-03 2.014014e-03 -5.000000e-03
      vertex   7.751754e-03 2.000000e-03 -5.000000e-03
    endloop
  endfacet
  facet normal -0.000000e+00 0.000000e+00 -1.000000e+00
    outer loop
      vertex   1.224825e-02 2.000000e-03 -5.000000e-03
      vertex   1.000000e-02 -8.500000e-03 -5.000000e-03
      vertex   7.751754e-03 2.000000e-03 -5.000000e-03
    endloop
  endfacet
  facet normal 0.000000e+00 0.000000e+00 -1.000000e+00
    outer loop
      vertex   7.751754e-03 2.000000e-03 -5.000000e-03
      vertex   1.000000e-02 -8.500000e-03 -5.000000e-03
      vertex   9.611771e-03 -8.551111e-03 -5.000000e-03
    endloop
  endfacet
  facet normal 0.000000e+00 0.000000e+00 -1.000000e+00
    outer loop
      vertex   7.751754e-03 2.000000e-03 -5.000000e-03
      vertex   9.611771e-03 -8.551111e-03 -5.000000e-03
      vertex   9.250000e-03 -8.700962e-03 -5.000000e-03
    endloop
  endfacet
  facet normal 0.000000e+00 0.000000e+00 -1.000000e+00
    outer loop
      vertex   -2.457732e-03 -1.294441e-02 -5.000000e-03
      vertex   -2.327806e-03 -1.287663e-02 -5.000000e-03
      vertex   1.600000e-02 -2.000000e-02 -5.000000e-03
    endloop
  endfacet
  facet normal 0.000000e+00 0.000000e+00 -1.000000e+00
    outer loop
      vertex   -2.215116e-03 -1.278488e-02 -5.000000e-03
      vertex   -2.123372e-03 -1.267219e-02 -5.000000e-03
      vertex   9.250000e-03 -1.129904e-02 -5.000000e-03
    endloop
  endfacet
  facet normal -0.000000e+00 0.000000e+00 -1.000000e+00
    outer loop
      vertex   9.250000e-03 -1.129904e-02 -5.000000e-03
      vertex   -2.123372e-03 -1.267219e-02 -5.000000e-03
      vertex   8.939340e-03 -1.106066e-02 -5.000000e-03
    endloop
  endfacet
  facet normal 0.000000e+00 0.000000e+00 -1.000000e+00
    outer loop
      vertex   8.939340e-03 -1.106066e-02 -5.000000e-03
      vertex   -2.123372e-03 -1.267219e-02 -5.000000e-03
      vertex   -2.055594e-03 -1.254227e-02 -5.000000e-03
    endloop
  endfacet
  facet normal -0.000000e+00 0.000000e+00 -1.000000e+00
    outer loop
      vertex   8.939340e-03 -1.106066e-02 -5.000000e-03
      vertex   -2.055594e-03 -1.254227e-02 -5.000000e-03
      vertex   8.700962e-03 -1.075000e-02 -5.000000e-03
    endloop
  endfacet
  facet normal 0.000000e+00 0.000000e+00 -1.000000e+00
    outer loop
      vertex   8.700962e-03 -1.075000e-02 -5.000000e-03
      vertex   -2.055594e-03 -1.254227e-02 -5.000000e-03
      vertex   -2.014014e-03 -1.239938e-02 -5.000000e-03
    endloop
  endfacet
  facet normal 0.000000e+00 0.000000e+00 -1.000000e+00
    outer loop
      vertex   8.700962e-03 -1.075000e-02 -5.000000e-03
      vertex   -2.014014e-03 -1.239938e-02 -5.000000e-03
      vertex   -2.000000e-03 -1.224825e-02 -5.000000e-03
    endloop
  endfacet
  facet normal 0.000000e+00 0.000000e+00 -1.000000e+00
    outer loop
      vertex   -2.000000e-03 -7.751754e-03 -5.000000e-03
      vertex   8.500000e-03 -1.000000e-02 -5.000000e-03
      vertex   -2.000000e-03 -1.224825e-02 -5.000000e-03
    endloop
  endfacet
  facet normal 0.000000e+00 0.000000e+00 -1.000000e+00
    outer loop
      vertex   -2.000000e-03 -1.224825e-02 -5.000000e-03
      vertex   8.500000e-03 -1.000000e-02 -5.000000e-03
      vertex   8.551111e-03 -1.038823e-02 -5.000000e-03
    endloop
  endfacet
  facet normal 0.000000e+00 0.000000e+00 -1.000000e+00
    outer loop
      vertex   -2.000000e-03 -1.224825e-02 -5.000000e-03
      vertex   8.551111e-03 -1.038823e-02 -5.000000e-03
      vertex   8.700962e-03 -1.075000e-02 -5.000000e-03
    endloop
  endfacet
  facet normal 0.000000e+00 0.000000e+00 -1.000000e+00
    outer loop
      vertex   -2.215116e-03 -7.215116e-03 -5.000000e-03
      vertex   -2.327806e-03 -7.123372e-03 -5.000000e-03
      vertex   -2.636039e-03 2.636039e-03 -5.000000e-03
    endloop
  endfacet
  facet normal 0.000000e+00 0.000000e+00 -1.000000e+00
    outer loop
      vertex   -2.636039e-03 2.636039e-03 -5.000000e-03
      vertex   -2.327806e-03 -7.123372e-03 -5.000000e-03
      vertex   -2.457732e-03 -7.055594e-03 -5.000000e-03
    endloop
  endfacet
  facet normal -0.000000e+00 0.000000e+00 -1.000000e+00
    outer loop
      vertex   -1.572482e-01 -7.000000e-03 -5.000000e-03
      vertex   -1.573994e-01 -7.014014e-03 -5.000000e-03
      vertex   -1.600000e-01 -8.000000e-04 -5.000000e-03
    endloop
  endfacet
  facet normal 0.000000e+00 0.000000e+00 -1.000000e+00
    outer loop
      vertex   -1.600000e-01 -8.000000e-04 -5.000000e-03
      vertex   -1.573994e-01 -7.014014e-03 -5.000000e-03
      vertex   -1.575423e-01 -7.055594e-03 -5.000000e-03
    endloop
  endfacet
  facet normal 0.000000e+00 0.000000e+00 -1.000000e+00
    outer loop
      vertex   -1.600000e-01 -8.000000e-04 -5.000000e-03
      vertex   -1.575423e-01 -7.055594e-03 -5.000000e-03
      vertex   -1.576722e-01 -7.123372e-03 -5.000000e-03
    endloop
  endfacet
  facet normal -0.000000e+00 0.000000e+00 -1.000000e+00
    outer loop
      vertex   -1.576722e-01 -7.123372e-03 -5.000000e-03
      vertex   -1.577849e-01 -7.215116e-03 -5.000000e-03
      vertex   -1.600000e-01 -8.000000e-04 -5.000000e-03
    endloop
  endfacet
  facet normal 0.000000e+00 0.000000e+00 -1.000000e+00
    outer loop
      vertex   -1.600000e-01 -8.000000e-04 -5.000000e-03
      vertex   -1.577849e-01 -7.215116e-03 -5.000000e-03
      vertex   -1.578766e-01 -7.327806e-03 -5.000000e-03
    endloop
  endfacet
  facet normal 0.000000e+00 0.000000e+00 -1.000000e+00
    outer loop
      vertex   -1.600000e-01 -8.000000e-04 -5.000000e-03
      vertex   -1.578766e-01 -7.327806e-03 -5.000000e-03
      vertex   -1.579444e-01 -7.457732e-03 -5.000000e-03
    endloop
  endfacet
  facet normal -0.000000e+00 0.000000e+00 -1.000000e+00
    outer loop
      vertex   -1.579444e-01 -7.457732e-03 -5.000000e-03
      vertex   -1.579860e-01 -7.600616e-03 -5.000000e-03
      vertex   -1.600000e-01 -8.000000e-04 -5.000000e-03
    endloop
  endfacet
  facet normal 0.000000e+00 0.000000e+00 -1.000000e+00
    outer loop
      vertex   -1.600000e-01 -8.000000e-04 -5.000000e-03
      vertex   -1.579860e-01 -7.600616e-03 -5.000000e-03
      vertex   -1.580000e-01 -7.751754e-03 -5.000000e-03
    endloop
  endfacet
  facet normal 0.000000e+00 -0.000000e+00 -1.000000e+00
    outer loop
      vertex   -1.579860e-01 -1.239938e-02 -5.000000e-03
      vertex   -1.579444e-01 -1.254227e-02 -5.000000e-03
      vertex   -1.600000e-01 -1.920000e-02 -5.000000e-03
    endloop
  endfacet
  facet normal 0.000000e+00 0.000000e+00 -1.000000e+00
    outer loop
      vertex   -1.600000e-01 -1.920000e-02 -5.000000e-03
      vertex   -1.579444e-01 -1.254227e-02 -5.000000e-03
      vertex   -1.578766e-01 -1.267219e-02 -5.000000e-03
    endloop
  endfacet
  facet normal 0.000000e+00 0.000000e+00 -1.000000e+00
    outer loop
      vertex   -1.600000e-01 -1.920000e-02 -5.000000e-03
      vertex   -1.578766e-01 -1.267219e-02 -5.000000e-03
      vertex   -1.577849e-01 -1.278488e-02 -5.000000e-03
    endloop
  endfacet
  facet normal 0.000000e+00 -0.000000e+00 -1.000000e+00
    outer loop
      vertex   -1.577849e-01 -1.278488e-02 -5.000000e-03
      vertex   -1.576722e-01 -1.287663e-02 -5.000000e-03
      vertex   -1.600000e-01 -1.920000e-02 -5.000000e-03
    endloop
  endfacet
  facet normal 0.000000e+00 0.000000e+00 -1.000000e+00
    outer loop
      vertex   -1.600000e-01 -1.920000e-02 -5.000000e-03
      vertex   -1.576722e-01 -1.287663e-02 -5.000000e-03
      vertex   -1.575423e-01 -1.294441e-02 -5.000000e-03
    endloop
  endfacet
  facet normal 0.000000e+00 0.000000e+00 -1.000000e+00
    outer loop
      vertex   -1.600000e-01 -1.920000e-02 -5.000000e-03
      vertex   -1.575423e-01 -1.294441e-02 -5.000000e-03
      vertex   -1.573994e-01 -1.298599e-02 -5.000000e-03
    endloop
  endfacet
  facet normal 0.000000e+00 -0.000000e+00 -1.000000e+00
    outer loop
      vertex   -1.573994e-01 -1.298599e-02 -5.000000e-03
      vertex   -1.572482e-01 -1.300000e-02 -5.000000e-03
      vertex   -1.600000e-01 -1.920000e-02 -5.000000e-03
    endloop
  endfacet
  facet normal 0.000000e+00 0.000000e+00 -1.000000e+00
    outer loop
      vertex   1.144889e-02 -1.038823e-02 -5.000000e-03
      vertex   1.150000e-02 -1.000000e-02 -5.000000e-03
      vertex   2.000000e-02 -1.600000e-02 -5.000000e-03
    endloop
  endfacet
  facet normal 0.000000e+00 0.000000e+00 -1.000000e+00
    outer loop
      vertex   2.000000e-02 -1.600000e-02 -5.000000e-03
      vertex   1.150000e-02 -1.000000e-02 -5.000000e-03
      vertex   1.144889e-02 -9.611771e-03 -5.000000e-03
    endloop
  endfacet
  facet normal 0.000000e+00 0.000000e+00 -1.000000e+00
    outer loop
      vertex   2.000000e-02 -1.600000e-02 -5.000000e-03
      vertex   1.144889e-02 -9.611771e-03 -5.000000e-03
      vertex   1.129904e-02 -9.250000e-03 -5.000000e-03
    endloop
  endfacet
  facet normal 0.000000e+00 0.000000e+00 -1.000000e+00
    outer loop
      vertex   1.106066e-02 -1.106066e-02 -5.000000e-03
      vertex   1.129904e-02 -1.075000e-02 -5.000000e-03
      vertex   2.000000e-02 -1.600000e-02 -5.000000e-03
    endloop
  endfacet
  facet normal 0.000000e+00 0.000000e+00 -1.000000e+00
    outer loop
      vertex   2.000000e-02 -1.600000e-02 -5.000000e-03
      vertex   1.129904e-02 -1.075000e-02 -5.000000e-03
      vertex   1.144889e-02 -1.038823e-02 -5.000000e-03
    endloop
  endfacet
  facet normal -1.081319e-18 7.540775e-17 1.000000e+00
    outer loop
      vertex   -1.594000e-01 -5.500000e-03 -1.626303e-19
      vertex   -1.150000e-01 -7.020000e-03 0.000000e+00
      vertex   -9.000000e-03 -5.500000e-03 0.000000e+00
    endloop
  endfacet
  facet normal 0.000000e+00 0.000000e+00 1.000000e+00
    outer loop
      vertex   -9.000000e-03 -5.500000e-03 0.000000e+00
      vertex   -1.150000e-01 -7.020000e-03 0.000000e+00
      vertex   -2.000000e-02 -7.020000e-03 0.000000e+00
    endloop
  endfacet
  facet normal 0.000000e+00 0.000000e+00 1.000000e+00
    outer loop
      vertex   -9.000000e-03 -5.500000e-03 0.000000e+00
      vertex   -2.000000e-02 -7.020000e-03 0.000000e+00
      vertex   -1.922872e-02 -7.121541e-03 0.000000e+00
    endloop
  endfacet
  facet normal -7.998131e-18 1.187083e-17 1.000000e+00
    outer loop
      vertex   -1.594000e-01 -1.920000e-02 0.000000e+00
      vertex   -1.468978e-01 -1.077646e-02 0.000000e+00
      vertex   -1.594000e-01 -5.500000e-03 -1.626303e-19
    endloop
  endfacet
  facet normal -1.377340e-17 -1.813303e-18 1.000000e+00
    outer loop
      vertex   -1.594000e-01 -5.500000e-03 -1.626303e-19
      vertex   -1.468978e-01 -1.077646e-02 0.000000e+00
      vertex   -1.470000e-01 -1.000000e-02 0.000000e+00
    endloop
  endfacet
  facet normal -1.251731e-17 1.647935e-18 1.000000e+00
    outer loop
      vertex   -1.594000e-01 -5.500000e-03 -1.626303e-19
      vertex   -1.470000e-01 -1.000000e-02 0.000000e+00
      vertex   -1.468978e-01 -9.223543e-03 0.000000e+00
    endloop
  endfacet
  facet normal -0.000000e+00 -0.000000e+00 1.000000e+00
    outer loop
      vertex   -1.593932e-01 -1.925176e-02 0.000000e+00
      vertex   -1.593732e-01 -1.930000e-02 0.000000e+00
      vertex   -1.594000e-01 -1.920000e-02 0.000000e+00
    endloop
  endfacet
  facet normal 0.000000e+00 0.000000e+00 1.000000e+00
    outer loop
      vertex   -1.594000e-01 -1.920000e-02 0.000000e+00
      vertex   -1.593732e-01 -1.930000e-02 0.000000e+00
      vertex   -1.593414e-01 -1.934142e-02 0.000000e+00
    endloop
  endfacet
  facet normal 0.000000e+00 0.000000e+00 1.000000e+00
    outer loop
      vertex   -1.594000e-01 -1.920000e-02 0.000000e+00
      vertex   -1.593414e-01 -1.934142e-02 0.000000e+00
      vertex   -1.593000e-01 -1.937321e-02 0.000000e+00
    endloop
  endfacet
  facet normal -0.000000e+00 -0.000000e+00 1.000000e+00
    outer loop
      vertex   -1.593000e-01 -1.937321e-02 0.000000e+00
      vertex   -1.592518e-01 -1.939319e-02 0.000000e+00
      vertex   -1.594000e-01 -1.920000e-02 0.000000e+00
    endloop
  endfacet
  facet normal 0.000000e+00 0.000000e+00 1.000000e+00
    outer loop
      vertex   -1.594000e-01 -1.920000e-02 0.000000e+00
      vertex   -1.592518e-01 -1.939319e-02 0.000000e+00
      vertex   -1.592000e-01 -1.940000e-02 0.000000e+00
    endloop
  endfacet
  facet normal -0.000000e+00 0.000000e+00 1.000000e+00
    outer loop
      vertex   -1.594000e-01 -1.920000e-02 0.000000e+00
      vertex   -1.592000e-01 -1.940000e-02 0.000000e+00
      vertex   -1.468978e-01 -1.077646e-02 0.000000e+00
    endloop
  endfacet
  facet normal 0.000000e+00 0.000000e+00 1.000000e+00
    outer loop
      vertex   -1.468978e-01 -1.077646e-02 0.000000e+00
      vertex   -1.592000e-01 -1.940000e-02 0.000000e+00
      vertex   -1.465981e-01 -1.150000e-02 0.000000e+00
    endloop
  endfacet
  facet normal 0.000000e+00 0.000000e+00 1.000000e+00
    outer loop
      vertex   -1.465981e-01 -1.150000e-02 0.000000e+00
      vertex   -1.592000e-01 -1.940000e-02 0.000000e+00
      vertex   -1.461213e-01 -1.212132e-02 0.000000e+00
    endloop
  endfacet
  facet normal 0.000000e+00 0.000000e+00 1.000000e+00
    outer loop
      vertex   -1.461213e-01 -1.212132e-02 0.000000e+00
      vertex   -1.592000e-01 -1.940000e-02 0.000000e+00
      vertex   -1.455000e-01 -1.259808e-02 0.000000e+00
    endloop
  endfacet
  facet normal 0.000000e+00 0.000000e+00 1.000000e+00
    outer loop
      vertex   -1.455000e-01 -1.259808e-02 0.000000e+00
      vertex   -1.592000e-01 -1.940000e-02 0.000000e+00
      vertex   -1.447765e-01 -1.289778e-02 0.000000e+00
    endloop
  endfacet
  facet normal 0.000000e+00 0.000000e+00 1.000000e+00
    outer loop
      vertex   -1.447765e-01 -1.289778e-02 0.000000e+00
      vertex   -1.592000e-01 -1.940000e-02 0.000000e+00
      vertex   -1.440000e-01 -1.300000e-02 0.000000e+00
    endloop
  endfacet
  facet normal -0.000000e+00 0.000000e+00 1.000000e+00
    outer loop
      vertex   -1.440000e-01 -1.300000e-02 0.000000e+00
      vertex   -1.592000e-01 -1.940000e-02 0.000000e+00
      vertex   -1.432235e-01 -1.289778e-02 0.000000e+00
    endloop
  endfacet
  facet normal -0.000000e+00 0.000000e+00 1.000000e+00
    outer loop
      vertex   -1.432235e-01 -1.289778e-02 0.000000e+00
      vertex   -1.592000e-01 -1.940000e-02 0.000000e+00
      vertex   -1.157713e-01 -1.287846e-02 0.000000e+00
    endloop
  endfacet
  facet normal 0.000000e+00 0.000000e+00 1.000000e+00
    outer loop
      vertex   -1.432235e-01 -1.289778e-02 0.000000e+00
      vertex   -1.157713e-01 -1.287846e-02 0.000000e+00
      vertex   -1.425000e-01 -1.259808e-02 0.000000e+00
    endloop
  endfacet
  facet normal -0.000000e+00 0.000000e+00 1.000000e+00
    outer loop
      vertex   -1.425000e-01 -1.259808e-02 0.000000e+00
      vertex   -1.157713e-01 -1.287846e-02 0.000000e+00
      vertex   -1.164900e-01 -1.258076e-02 0.000000e+00
    endloop
  endfacet
  facet normal 0.000000e+00 0.000000e+00 1.000000e+00
    outer loop
      vertex   -1.425000e-01 -1.259808e-02 0.000000e+00
      vertex   -1.164900e-01 -1.258076e-02 0.000000e+00
      vertex   -1.418787e-01 -1.212132e-02 0.000000e+00
    endloop
  endfacet
  facet normal -0.000000e+00 0.000000e+00 1.000000e+00
    outer loop
      vertex   -1.418787e-01 -1.212132e-02 0.000000e+00
      vertex   -1.164900e-01 -1.258076e-02 0.000000e+00
      vertex   -1.171072e-01 -1.210718e-02 0.000000e+00
    endloop
  endfacet
  facet normal 0.000000e+00 0.000000e+00 1.000000e+00
    outer loop
      vertex   -1.418787e-01 -1.212132e-02 0.000000e+00
      vertex   -1.171072e-01 -1.210718e-02 0.000000e+00
      vertex   -1.414019e-01 -1.150000e-02 0.000000e+00
    endloop
  endfacet
  facet normal -0.000000e+00 0.000000e+00 1.000000e+00
    outer loop
      vertex   -1.414019e-01 -1.150000e-02 0.000000e+00
      vertex   -1.171072e-01 -1.210718e-02 0.000000e+00
      vertex   -1.175808e-01 -1.149000e-02 0.000000e+00
    endloop
  endfacet
  facet normal 0.000000e+00 0.000000e+00 1.000000e+00
    outer loop
      vertex   -1.414019e-01 -1.150000e-02 0.000000e+00
      vertex   -1.175808e-01 -1.149000e-02 0.000000e+00
      vertex   -1.178785e-01 -1.077128e-02 0.000000e+00
    endloop
  endfacet
  facet normal 0.000000e+00 0.000000e+00 1.000000e+00
    outer loop
      vertex   -1.157713e-01 -1.287846e-02 0.000000e+00
      vertex   -1.592000e-01 -1.940000e-02 0.000000e+00
      vertex   -1.150000e-01 -1.298000e-02 0.000000e+00
    endloop
  endfacet
  facet normal 0.000000e+00 0.000000e+00 1.000000e+00
    outer loop
      vertex   -1.150000e-01 -1.298000e-02 0.000000e+00
      vertex   -1.592000e-01 -1.940000e-02 0.000000e+00
      vertex   1.600000e-02 -1.940000e-02 0.000000e+00
    endloop
  endfacet
  facet normal -0.000000e+00 0.000000e+00 1.000000e+00
    outer loop
      vertex   -1.150000e-01 -1.298000e-02 0.000000e+00
      vertex   1.600000e-02 -1.940000e-02 0.000000e+00
      vertex   -2.000000e-02 -1.298000e-02 0.000000e+00
    endloop
  endfacet
  facet normal 0.000000e+00 0.000000e+00 1.000000e+00
    outer loop
      vertex   -2.000000e-02 -1.298000e-02 0.000000e+00
      vertex   1.600000e-02 -1.940000e-02 0.000000e+00
      vertex   -9.000000e-03 -1.300000e-02 0.000000e+00
    endloop
  endfacet
  facet normal -0.000000e+00 0.000000e+00 1.000000e+00
    outer loop
      vertex   -2.000000e-02 -1.298000e-02 0.000000e+00
      vertex   -9.000000e-03 -1.300000e-02 0.000000e+00
      vertex   -9.776457e-03 -1.289778e-02 0.000000e+00
    endloop
  endfacet
  facet normal 0.000000e+00 -0.000000e+00 1.000000e+00
    outer loop
      vertex   1.687998e-02 -1.928415e-02 0.000000e+00
      vertex   1.940000e-02 -1.600000e-02 0.000000e+00
      vertex   1.600000e-02 -1.940000e-02 0.000000e+00
    endloop
  endfacet
  facet normal 0.000000e+00 -0.000000e+00 1.000000e+00
    outer loop
      vertex   1.600000e-02 -1.940000e-02 0.000000e+00
      vertex   1.940000e-02 -1.600000e-02 0.000000e+00
      vertex   1.210718e-02 -1.210718e-02 0.000000e+00
    endloop
  endfacet
  facet normal 0.000000e+00 0.000000e+00 1.000000e+00
    outer loop
      vertex   1.600000e-02 -1.940000e-02 0.000000e+00
      vertex   1.210718e-02 -1.210718e-02 0.000000e+00
      vertex   1.149000e-02 -1.258076e-02 0.000000e+00
    endloop
  endfacet
  facet normal 0.000000e+00 0.000000e+00 1.000000e+00
    outer loop
      vertex   1.687998e-02 -1.928415e-02 0.000000e+00
      vertex   1.770000e-02 -1.894449e-02 0.000000e+00
      vertex   1.940000e-02 -1.600000e-02 0.000000e+00
    endloop
  endfacet
  facet normal 0.000000e+00 0.000000e+00 1.000000e+00
    outer loop
      vertex   1.940000e-02 -1.600000e-02 0.000000e+00
      vertex   1.770000e-02 -1.894449e-02 0.000000e+00
      vertex   1.840416e-02 -1.840416e-02 0.000000e+00
    endloop
  endfacet
  facet normal 0.000000e+00 0.000000e+00 1.000000e+00
    outer loop
      vertex   1.940000e-02 -1.600000e-02 0.000000e+00
      vertex   1.840416e-02 -1.840416e-02 0.000000e+00
      vertex   1.894449e-02 -1.770000e-02 0.000000e+00
    endloop
  endfacet
  facet normal 0.000000e+00 0.000000e+00 1.000000e+00
    outer loop
      vertex   1.894449e-02 -1.770000e-02 0.000000e+00
      vertex   1.928415e-02 -1.687998e-02 0.000000e+00
      vertex   1.940000e-02 -1.600000e-02 0.000000e+00
    endloop
  endfacet
  facet normal 0.000000e+00 0.000000e+00 1.000000e+00
    outer loop
      vertex   1.940000e-02 1.592000e-01 0.000000e+00
      vertex   1.298000e-02 1.150000e-01 0.000000e+00
      vertex   1.940000e-02 -1.600000e-02 0.000000e+00
    endloop
  endfacet
  facet normal 0.000000e+00 0.000000e+00 1.000000e+00
    outer loop
      vertex   1.940000e-02 -1.600000e-02 0.000000e+00
      vertex   1.298000e-02 1.150000e-01 0.000000e+00
      vertex   1.150000e-02 6.000000e-02 0.000000e+00
    endloop
  endfacet
  facet normal 0.000000e+00 0.000000e+00 1.000000e+00
    outer loop
      vertex   1.940000e-02 -1.600000e-02 0.000000e+00
      vertex   1.150000e-02 6.000000e-02 0.000000e+00
      vertex   1.298000e-02 2.000000e-02 0.000000e+00
    endloop
  endfacet
  facet normal 0.000000e+00 0.000000e+00 1.000000e+00
    outer loop
      vertex   1.298000e-02 2.000000e-02 0.000000e+00
      vertex   1.150000e-02 6.000000e-02 0.000000e+00
      vertex   1.287846e-02 2.077128e-02 0.000000e+00
    endloop
  endfacet
  facet normal 0.000000e+00 0.000000e+00 1.000000e+00
    outer loop
      vertex   1.287846e-02 2.077128e-02 0.000000e+00
      vertex   1.150000e-02 6.000000e-02 0.000000e+00
      vertex   1.144889e-02 5.961177e-02 0.000000e+00
    endloop
  endfacet
  facet normal 0.000000e+00 0.000000e+00 1.000000e+00
    outer loop
      vertex   1.287846e-02 2.077128e-02 0.000000e+00
      vertex   1.144889e-02 5.961177e-02 0.000000e+00
      vertex   1.258076e-02 2.149000e-02 0.000000e+00
    endloop
  endfacet
  facet normal 0.000000e+00 0.000000e+00 1.000000e+00
    outer loop
      vertex   1.258076e-02 2.149000e-02 0.000000e+00
      vertex   1.144889e-02 5.961177e-02 0.000000e+00
      vertex   1.129904e-02 5.925000e-02 0.000000e+00
    endloop
  endfacet
  facet normal 0.000000e+00 0.000000e+00 1.000000e+00
    outer loop
      vertex   1.258076e-02 2.149000e-02 0.000000e+00
      vertex   1.129904e-02 5.925000e-02 0.000000e+00
      vertex   1.210718e-02 2.210718e-02 0.000000e+00
    endloop
  endfacet
  facet normal 0.000000e+00 0.000000e+00 1.000000e+00
    outer loop
      vertex   1.210718e-02 2.210718e-02 0.000000e+00
      vertex   1.129904e-02 5.925000e-02 0.000000e+00
      vertex   1.106066e-02 5.893934e-02 0.000000e+00
    endloop
  endfacet
  facet normal 0.000000e+00 0.000000e+00 1.000000e+00
    outer loop
      vertex   1.210718e-02 2.210718e-02 0.000000e+00
      vertex   1.106066e-02 5.893934e-02 0.000000e+00
      vertex   1.149000e-02 2.258076e-02 0.000000e+00
    endloop
  endfacet
  facet normal 0.000000e+00 0.000000e+00 1.000000e+00
    outer loop
      vertex   1.149000e-02 2.258076e-02 0.000000e+00
      vertex   1.106066e-02 5.893934e-02 0.000000e+00
      vertex   1.075000e-02 5.870096e-02 0.000000e+00
    endloop
  endfacet
  facet normal 0.000000e+00 0.000000e+00 1.000000e+00
    outer loop
      vertex   1.149000e-02 2.258076e-02 0.000000e+00
      vertex   1.075000e-02 5.870096e-02 0.000000e+00
      vertex   1.077128e-02 2.287846e-02 0.000000e+00
    endloop
  endfacet
  facet normal 0.000000e+00 0.000000e+00 1.000000e+00
    outer loop
      vertex   1.077128e-02 2.287846e-02 0.000000e+00
      vertex   1.075000e-02 5.870096e-02 0.000000e+00
      vertex   1.038823e-02 5.855111e-02 0.000000e+00
    endloop
  endfacet
  facet normal 0.000000e+00 0.000000e+00 1.000000e+00
    outer loop
      vertex   1.077128e-02 2.287846e-02 0.000000e+00
      vertex   1.038823e-02 5.855111e-02 0.000000e+00
      vertex   1.000000e-02 2.298000e-02 0.000000e+00
    endloop
  endfacet
  facet normal 0.000000e+00 0.000000e+00 1.000000e+00
    outer loop
      vertex   1.000000e-02 2.298000e-02 0.000000e+00
      vertex   1.038823e-02 5.855111e-02 0.000000e+00
      vertex   1.000000e-02 5.850000e-02 0.000000e+00
    endloop
  endfacet
  facet normal 0.000000e+00 -0.000000e+00 1.000000e+00
    outer loop
      vertex   1.000000e-02 2.298000e-02 0.000000e+00
      vertex   1.000000e-02 5.850000e-02 0.000000e+00
      vertex   9.611771e-03 5.855111e-02 0.000000e+00
    endloop
  endfacet
  facet normal 0.000000e+00 0.000000e+00 1.000000e+00
    outer loop
      vertex   1.939319e-02 1.592518e-01 0.000000e+00
      vertex   1.920000e-02 1.594000e-01 0.000000e+00
      vertex   1.940000e-02 1.592000e-01 0.000000e+00
    endloop
  endfacet
  facet normal 0.000000e+00 0.000000e+00 1.000000e+00
    outer loop
      vertex   1.940000e-02 1.592000e-01 0.000000e+00
      vertex   1.920000e-02 1.594000e-01 0.000000e+00
      vertex   1.077646e-02 1.468978e-01 0.000000e+00
    endloop
  endfacet
  facet normal 0.000000e+00 0.000000e+00 1.000000e+00
    outer loop
      vertex   1.940000e-02 1.592000e-01 0.000000e+00
      vertex   1.077646e-02 1.468978e-01 0.000000e+00
      vertex   1.150000e-02 1.465981e-01 0.000000e+00
    endloop
  endfacet
  facet normal 0.000000e+00 0.000000e+00 1.000000e+00
    outer loop
      vertex   1.939319e-02 1.592518e-01 0.000000e+00
      vertex   1.937321e-02 1.593000e-01 0.000000e+00
      vertex   1.920000e-02 1.594000e-01 0.000000e+00
    endloop
  endfacet
  facet normal 0.000000e+00 0.000000e+00 1.000000e+00
    outer loop
      vertex   1.920000e-02 1.594000e-01 0.000000e+00
      vertex   1.937321e-02 1.593000e-01 0.000000e+00
      vertex   1.934142e-02 1.593414e-01 0.000000e+00
    endloop
  endfacet
  facet normal 0.000000e+00 0.000000e+00 1.000000e+00
    outer loop
      vertex   1.920000e-02 1.594000e-01 0.000000e+00
      vertex   1.934142e-02 1.593414e-01 0.000000e+00
      vertex   1.930000e-02 1.593732e-01 0.000000e+00
    endloop
  endfacet
  facet normal 0.000000e+00 0.000000e+00 1.000000e+00
    outer loop
      vertex   1.930000e-02 1.593732e-01 0.000000e+00
      vertex   1.925176e-02 1.593932e-01 0.000000e+00
      vertex   1.920000e-02 1.594000e-01 0.000000e+00
    endloop
  endfacet
  facet normal 0.000000e+00 0.000000e+00 1.000000e+00
    outer loop
      vertex   1.920000e-02 1.594000e-01 0.000000e+00
      vertex   5.500000e-03 1.594000e-01 0.000000e+00
      vertex   1.077646e-02 1.468978e-01 0.000000e+00
    endloop
  endfacet
  facet normal 0.000000e+00 0.000000e+00 1.000000e+00
    outer loop
      vertex   1.077646e-02 1.468978e-01 0.000000e+00
      vertex   5.500000e-03 1.594000e-01 0.000000e+00
      vertex   1.000000e-02 1.470000e-01 0.000000e+00
    endloop
  endfacet
  facet normal 0.000000e+00 0.000000e+00 1.000000e+00
    outer loop
      vertex   1.000000e-02 1.470000e-01 0.000000e+00
      vertex   5.500000e-03 1.594000e-01 0.000000e+00
      vertex   9.223543e-03 1.468978e-01 0.000000e+00
    endloop
  endfacet
  facet normal 0.000000e+00 0.000000e+00 1.000000e+00
    outer loop
      vertex   9.223543e-03 1.468978e-01 0.000000e+00
      vertex   5.500000e-03 1.594000e-01 0.000000e+00
      vertex   8.500000e-03 1.465981e-01 0.000000e+00
    endloop
  endfacet
  facet normal 0.000000e+00 0.000000e+00 1.000000e+00
    outer loop
      vertex   8.500000e-03 1.465981e-01 0.000000e+00
      vertex   5.500000e-03 1.594000e-01 0.000000e+00
      vertex   7.878680e-03 1.461213e-01 0.000000e+00
    endloop
  endfacet
  facet normal 0.000000e+00 0.000000e+00 1.000000e+00
    outer loop
      vertex   7.878680e-03 1.461213e-01 0.000000e+00
      vertex   5.500000e-03 1.594000e-01 0.000000e+00
      vertex   7.401924e-03 1.455000e-01 0.000000e+00
    endloop
  endfacet
  facet normal 0.000000e+00 0.000000e+00 1.000000e+00
    outer loop
      vertex   7.401924e-03 1.455000e-01 0.000000e+00
      vertex   5.500000e-03 1.594000e-01 0.000000e+00
      vertex   7.102223e-03 1.447765e-01 0.000000e+00
    endloop
  endfacet
  facet normal 0.000000e+00 0.000000e+00 1.000000e+00
    outer loop
      vertex   7.102223e-03 1.447765e-01 0.000000e+00
      vertex   5.500000e-03 1.594000e-01 0.000000e+00
      vertex   7.000000e-03 1.440000e-01 0.000000e+00
    endloop
  endfacet
  facet normal 0.000000e+00 0.000000e+00 1.000000e+00
    outer loop
      vertex   7.000000e-03 1.440000e-01 0.000000e+00
      vertex   5.500000e-03 1.594000e-01 0.000000e+00
      vertex   7.020000e-03 1.150000e-01 0.000000e+00
    endloop
  endfacet
  facet normal 0.000000e+00 0.000000e+00 1.000000e+00
    outer loop
      vertex   7.000000e-03 1.440000e-01 0.000000e+00
      vertex   7.020000e-03 1.150000e-01 0.000000e+00
      vertex   7.102223e-03 1.432235e-01 0.000000e+00
    endloop
  endfacet
  facet normal 0.000000e+00 0.000000e+00 1.000000e+00
    outer loop
      vertex   7.102223e-03 1.432235e-01 0.000000e+00
      vertex   7.020000e-03 1.150000e-01 0.000000e+00
      vertex   7.121541e-03 1.157713e-01 0.000000e+00
    endloop
  endfacet
  facet normal 0.000000e+00 0.000000e+00 1.000000e+00
    outer loop
      vertex   7.102223e-03 1.432235e-01 0.000000e+00
      vertex   7.121541e-03 1.157713e-01 0.000000e+00
      vertex   7.401924e-03 1.425000e-01 0.000000e+00
    endloop
  endfacet
  facet normal 0.000000e+00 0.000000e+00 1.000000e+00
    outer loop
      vertex   7.401924e-03 1.425000e-01 0.000000e+00
      vertex   7.121541e-03 1.157713e-01 0.000000e+00
      vertex   7.419244e-03 1.164900e-01 0.000000e+00
    endloop
  endfacet
  facet normal 0.000000e+00 0.000000e+00 1.000000e+00
    outer loop
      vertex   7.401924e-03 1.425000e-01 0.000000e+00
      vertex   7.419244e-03 1.164900e-01 0.000000e+00
      vertex   7.878680e-03 1.418787e-01 0.000000e+00
    endloop
  endfacet
  facet normal 0.000000e+00 0.000000e+00 1.000000e+00
    outer loop
      vertex   7.878680e-03 1.418787e-01 0.000000e+00
      vertex   7.419244e-03 1.164900e-01 0.000000e+00
      vertex   7.892822e-03 1.171072e-01 0.000000e+00
    endloop
  endfacet
  facet normal 0.000000e+00 0.000000e+00 1.000000e+00
    outer loop
      vertex   7.878680e-03 1.418787e-01 0.000000e+00
      vertex   7.892822e-03 1.171072e-01 0.000000e+00
      vertex   8.500000e-03 1.414019e-01 0.000000e+00
    endloop
  endfacet
  facet normal 0.000000e+00 0.000000e+00 1.000000e+00
    outer loop
      vertex   8.500000e-03 1.414019e-01 0.000000e+00
      vertex   7.892822e-03 1.171072e-01 0.000000e+00
      vertex   8.510000e-03 1.175808e-01 0.000000e+00
    endloop
  endfacet
  facet normal 0.000000e+00 0.000000e+00 1.000000e+00
    outer loop
      vertex   8.500000e-03 1.414019e-01 0.000000e+00
      vertex   8.510000e-03 1.175808e-01 0.000000e+00
      vertex   9.228719e-03 1.178785e-01 0.000000e+00
    endloop
  endfacet
  facet normal 0.000000e+00 0.000000e+00 1.000000e+00
    outer loop
      vertex   5.500000e-03 1.594000e-01 0.000000e+00
      vertex   5.500000e-03 9.000000e-03 0.000000e+00
      vertex   7.020000e-03 1.150000e-01 0.000000e+00
    endloop
  endfacet
  facet normal 0.000000e+00 0.000000e+00 1.000000e+00
    outer loop
      vertex   7.020000e-03 1.150000e-01 0.000000e+00
      vertex   5.500000e-03 9.000000e-03 0.000000e+00
      vertex   8.500000e-03 6.000000e-02 0.000000e+00
    endloop
  endfacet
  facet normal 0.000000e+00 0.000000e+00 1.000000e+00
    outer loop
      vertex   7.020000e-03 1.150000e-01 0.000000e+00
      vertex   8.500000e-03 6.000000e-02 0.000000e+00
      vertex   7.121541e-03 1.142287e-01 0.000000e+00
    endloop
  endfacet
  facet normal 0.000000e+00 0.000000e+00 1.000000e+00
    outer loop
      vertex   7.121541e-03 1.142287e-01 0.000000e+00
      vertex   8.500000e-03 6.000000e-02 0.000000e+00
      vertex   8.551111e-03 6.038823e-02 0.000000e+00
    endloop
  endfacet
  facet normal 0.000000e+00 0.000000e+00 1.000000e+00
    outer loop
      vertex   7.121541e-03 1.142287e-01 0.000000e+00
      vertex   8.551111e-03 6.038823e-02 0.000000e+00
      vertex   7.419244e-03 1.135100e-01 0.000000e+00
    endloop
  endfacet
  facet normal 0.000000e+00 0.000000e+00 1.000000e+00
    outer loop
      vertex   7.419244e-03 1.135100e-01 0.000000e+00
      vertex   8.551111e-03 6.038823e-02 0.000000e+00
      vertex   8.700962e-03 6.075000e-02 0.000000e+00
    endloop
  endfacet
  facet normal 0.000000e+00 0.000000e+00 1.000000e+00
    outer loop
      vertex   7.419244e-03 1.135100e-01 0.000000e+00
      vertex   8.700962e-03 6.075000e-02 0.000000e+00
      vertex   7.892822e-03 1.128928e-01 0.000000e+00
    endloop
  endfacet
  facet normal 0.000000e+00 0.000000e+00 1.000000e+00
    outer loop
      vertex   7.892822e-03 1.128928e-01 0.000000e+00
      vertex   8.700962e-03 6.075000e-02 0.000000e+00
      vertex   8.939340e-03 6.106066e-02 0.000000e+00
    endloop
  endfacet
  facet normal 0.000000e+00 0.000000e+00 1.000000e+00
    outer loop
      vertex   7.892822e-03 1.128928e-01 0.000000e+00
      vertex   8.939340e-03 6.106066e-02 0.000000e+00
      vertex   8.510000e-03 1.124192e-01 0.000000e+00
    endloop
  endfacet
  facet normal 0.000000e+00 0.000000e+00 1.000000e+00
    outer loop
      vertex   8.510000e-03 1.124192e-01 0.000000e+00
      vertex   8.939340e-03 6.106066e-02 0.000000e+00
      vertex   9.250000e-03 6.129904e-02 0.000000e+00
    endloop
  endfacet
  facet normal 0.000000e+00 0.000000e+00 1.000000e+00
    outer loop
      vertex   8.510000e-03 1.124192e-01 0.000000e+00
      vertex   9.250000e-03 6.129904e-02 0.000000e+00
      vertex   9.228719e-03 1.121215e-01 0.000000e+00
    endloop
  endfacet
  facet normal 0.000000e+00 0.000000e+00 1.000000e+00
    outer loop
      vertex   9.228719e-03 1.121215e-01 0.000000e+00
      vertex   9.250000e-03 6.129904e-02 0.000000e+00
      vertex   9.611771e-03 6.144889e-02 0.000000e+00
    endloop
  endfacet
  facet normal 0.000000e+00 0.000000e+00 1.000000e+00
    outer loop
      vertex   9.228719e-03 1.121215e-01 0.000000e+00
      vertex   9.611771e-03 6.144889e-02 0.000000e+00
      vertex   1.000000e-02 1.120200e-01 0.000000e+00
    endloop
  endfacet
  facet normal 0.000000e+00 0.000000e+00 1.000000e+00
    outer loop
      vertex   1.000000e-02 1.120200e-01 0.000000e+00
      vertex   9.611771e-03 6.144889e-02 0.000000e+00
      vertex   1.000000e-02 6.150000e-02 0.000000e+00
    endloop
  endfacet
  facet normal 0.000000e+00 0.000000e+00 1.000000e+00
    outer loop
      vertex   1.000000e-02 1.120200e-01 0.000000e+00
      vertex   1.000000e-02 6.150000e-02 0.000000e+00
      vertex   1.038823e-02 6.144889e-02 0.000000e+00
    endloop
  endfacet
  facet normal 0.000000e+00 0.000000e+00 1.000000e+00
    outer loop
      vertex   5.005924e-03 5.247124e-03 0.000000e+00
      vertex   7.102223e-03 8.223543e-03 0.000000e+00
      vertex   5.500000e-03 9.000000e-03 0.000000e+00
    endloop
  endfacet
  facet normal -0.000000e+00 0.000000e+00 1.000000e+00
    outer loop
      vertex   5.500000e-03 9.000000e-03 0.000000e+00
      vertex   7.102223e-03 8.223543e-03 0.000000e+00
      vertex   7.000000e-03 9.000000e-03 0.000000e+00
    endloop
  endfacet
  facet normal 0.000000e+00 0.000000e+00 1.000000e+00
    outer loop
      vertex   5.500000e-03 9.000000e-03 0.000000e+00
      vertex   7.000000e-03 9.000000e-03 0.000000e+00
      vertex   7.102223e-03 9.776457e-03 0.000000e+00
    endloop
  endfacet
  facet normal 0.000000e+00 0.000000e+00 1.000000e+00
    outer loop
      vertex   3.557368e-03 1.750000e-03 0.000000e+00
      vertex   9.223543e-03 6.102223e-03 0.000000e+00
      vertex   5.005924e-03 5.247124e-03 0.000000e+00
    endloop
  endfacet
  facet normal 0.000000e+00 0.000000e+00 1.000000e+00
    outer loop
      vertex   5.005924e-03 5.247124e-03 0.000000e+00
      vertex   9.223543e-03 6.102223e-03 0.000000e+00
      vertex   8.500000e-03 6.401924e-03 0.000000e+00
    endloop
  endfacet
  facet normal 0.000000e+00 0.000000e+00 1.000000e+00
    outer loop
      vertex   5.005924e-03 5.247124e-03 0.000000e+00
      vertex   8.500000e-03 6.401924e-03 0.000000e+00
      vertex   7.878680e-03 6.878680e-03 0.000000e+00
    endloop
  endfacet
  facet normal -0.000000e+00 0.000000e+00 1.000000e+00
    outer loop
      vertex   1.253048e-03 -1.253048e-03 0.000000e+00
      vertex   8.510000e-03 -7.419244e-03 0.000000e+00
      vertex   3.557368e-03 1.750000e-03 0.000000e+00
    endloop
  endfacet
  facet normal 0.000000e+00 0.000000e+00 1.000000e+00
    outer loop
      vertex   3.557368e-03 1.750000e-03 0.000000e+00
      vertex   8.510000e-03 -7.419244e-03 0.000000e+00
      vertex   9.228719e-03 -7.121541e-03 0.000000e+00
    endloop
  endfacet
  facet normal 0.000000e+00 0.000000e+00 1.000000e+00
    outer loop
      vertex   3.557368e-03 1.750000e-03 0.000000e+00
      vertex   9.228719e-03 -7.121541e-03 0.000000e+00
      vertex   1.000000e-02 -7.020000e-03 0.000000e+00
    endloop
  endfacet
  facet normal -0.000000e+00 0.000000e+00 1.000000e+00
    outer loop
      vertex   -1.750000e-03 -3.557368e-03 0.000000e+00
      vertex   7.419244e-03 -8.510000e-03 0.000000e+00
      vertex   1.253048e-03 -1.253048e-03 0.000000e+00
    endloop
  endfacet
  facet normal 0.000000e+00 0.000000e+00 1.000000e+00
    outer loop
      vertex   1.253048e-03 -1.253048e-03 0.000000e+00
      vertex   7.419244e-03 -8.510000e-03 0.000000e+00
      vertex   7.892822e-03 -7.892822e-03 0.000000e+00
    endloop
  endfacet
  facet normal 0.000000e+00 0.000000e+00 1.000000e+00
    outer loop
      vertex   1.253048e-03 -1.253048e-03 0.000000e+00
      vertex   7.892822e-03 -7.892822e-03 0.000000e+00
      vertex   8.510000e-03 -7.419244e-03 0.000000e+00
    endloop
  endfacet
  facet normal -0.000000e+00 0.000000e+00 1.000000e+00
    outer loop
      vertex   -5.247124e-03 -5.005924e-03 0.000000e+00
      vertex   -6.102223e-03 -9.223543e-03 0.000000e+00
      vertex   -1.750000e-03 -3.557368e-03 0.000000e+00
    endloop
  endfacet
  facet normal 0.000000e+00 0.000000e+00 1.000000e+00
    outer loop
      vertex   -1.750000e-03 -3.557368e-03 0.000000e+00
      vertex   -6.102223e-03 -9.223543e-03 0.000000e+00
      vertex   -6.000000e-03 -1.000000e-02 0.000000e+00
    endloop
  endfacet
  facet normal 0.000000e+00 0.000000e+00 1.000000e+00
    outer loop
      vertex   -1.750000e-03 -3.557368e-03 0.000000e+00
      vertex   -6.000000e-03 -1.000000e-02 0.000000e+00
      vertex   7.020000e-03 -1.000000e-02 0.000000e+00
    endloop
  endfacet
  facet normal 0.000000e+00 0.000000e+00 1.000000e+00
    outer loop
      vertex   7.020000e-03 -1.000000e-02 0.000000e+00
      vertex   -6.000000e-03 -1.000000e-02 0.000000e+00
      vertex   -6.102223e-03 -1.077646e-02 0.000000e+00
    endloop
  endfacet
  facet normal 0.000000e+00 0.000000e+00 1.000000e+00
    outer loop
      vertex   7.020000e-03 -1.000000e-02 0.000000e+00
      vertex   -6.102223e-03 -1.077646e-02 0.000000e+00
      vertex   7.121541e-03 -1.077128e-02 0.000000e+00
    endloop
  endfacet
  facet normal 0.000000e+00 0.000000e+00 1.000000e+00
    outer loop
      vertex   7.121541e-03 -1.077128e-02 0.000000e+00
      vertex   -6.102223e-03 -1.077646e-02 0.000000e+00
      vertex   -6.401924e-03 -1.150000e-02 0.000000e+00
    endloop
  endfacet
  facet normal 0.000000e+00 0.000000e+00 1.000000e+00
    outer loop
      vertex   7.121541e-03 -1.077128e-02 0.000000e+00
      vertex   -6.401924e-03 -1.150000e-02 0.000000e+00
      vertex   7.419244e-03 -1.149000e-02 0.000000e+00
    endloop
  endfacet
  facet normal 0.000000e+00 0.000000e+00 1.000000e+00
    outer loop
      vertex   7.419244e-03 -1.149000e-02 0.000000e+00
      vertex   -6.401924e-03 -1.150000e-02 0.000000e+00
      vertex   -6.878680e-03 -1.212132e-02 0.000000e+00
    endloop
  endfacet
  facet normal 0.000000e+00 0.000000e+00 1.000000e+00
    outer loop
      vertex   7.419244e-03 -1.149000e-02 0.000000e+00
      vertex   -6.878680e-03 -1.212132e-02 0.000000e+00
      vertex   7.892822e-03 -1.210718e-02 0.000000e+00
    endloop
  endfacet
  facet normal 0.000000e+00 0.000000e+00 1.000000e+00
    outer loop
      vertex   7.892822e-03 -1.210718e-02 0.000000e+00
      vertex   -6.878680e-03 -1.212132e-02 0.000000e+00
      vertex   -7.500000e-03 -1.259808e-02 0.000000e+00
    endloop
  endfacet
  facet normal 0.000000e+00 0.000000e+00 1.000000e+00
    outer loop
      vertex   7.892822e-03 -1.210718e-02 0.000000e+00
      vertex   -7.500000e-03 -1.259808e-02 0.000000e+00
      vertex   8.510000e-03 -1.258076e-02 0.000000e+00
    endloop
  endfacet
  facet normal 0.000000e+00 0.000000e+00 1.000000e+00
    outer loop
      vertex   8.510000e-03 -1.258076e-02 0.000000e+00
      vertex   -7.500000e-03 -1.259808e-02 0.000000e+00
      vertex   1.600000e-02 -1.940000e-02 0.000000e+00
    endloop
  endfacet
  facet normal 0.000000e+00 0.000000e+00 1.000000e+00
    outer loop
      vertex   8.510000e-03 -1.258076e-02 0.000000e+00
      vertex   1.600000e-02 -1.940000e-02 0.000000e+00
      vertex   9.228719e-03 -1.287846e-02 0.000000e+00
    endloop
  endfacet
  facet normal 0.000000e+00 0.000000e+00 1.000000e+00
    outer loop
      vertex   9.228719e-03 -1.287846e-02 0.000000e+00
      vertex   1.600000e-02 -1.940000e-02 0.000000e+00
      vertex   1.000000e-02 -1.298000e-02 0.000000e+00
    endloop
  endfacet
  facet normal -0.000000e+00 0.000000e+00 1.000000e+00
    outer loop
      vertex   1.000000e-02 -1.298000e-02 0.000000e+00
      vertex   1.600000e-02 -1.940000e-02 0.000000e+00
      vertex   1.077128e-02 -1.287846e-02 0.000000e+00
    endloop
  endfacet
  facet normal -0.000000e+00 0.000000e+00 1.000000e+00
    outer loop
      vertex   1.077128e-02 -1.287846e-02 0.000000e+00
      vertex   1.600000e-02 -1.940000e-02 0.000000e+00
      vertex   1.149000e-02 -1.258076e-02 0.000000e+00
    endloop
  endfacet
  facet normal -0.000000e+00 0.000000e+00 1.000000e+00
    outer loop
      vertex   -9.000000e-03 -5.500000e-03 0.000000e+00
      vertex   -8.223543e-03 -7.102223e-03 0.000000e+00
      vertex   -5.247124e-03 -5.005924e-03 0.000000e+00
    endloop
  endfacet
  facet normal 0.000000e+00 0.000000e+00 1.000000e+00
    outer loop
      vertex   -5.247124e-03 -5.005924e-03 0.000000e+00
      vertex   -8.223543e-03 -7.102223e-03 0.000000e+00
      vertex   -7.500000e-03 -7.401924e-03 0.000000e+00
    endloop
  endfacet
  facet normal 0.000000e+00 0.000000e+00 1.000000e+00
    outer loop
      vertex   -5.247124e-03 -5.005924e-03 0.000000e+00
      vertex   -7.500000e-03 -7.401924e-03 0.000000e+00
      vertex   -6.878680e-03 -7.878680e-03 0.000000e+00
    endloop
  endfacet
  facet normal -1.157959e-17 4.796424e-18 1.000000e+00
    outer loop
      vertex   -1.468978e-01 -9.223543e-03 0.000000e+00
      vertex   -1.465981e-01 -8.500000e-03 0.000000e+00
      vertex   -1.594000e-01 -5.500000e-03 -1.626303e-19
    endloop
  endfacet
  facet normal -1.076744e-17 8.262144e-18 1.000000e+00
    outer loop
      vertex   -1.594000e-01 -5.500000e-03 -1.626303e-19
      vertex   -1.465981e-01 -8.500000e-03 0.000000e+00
      vertex   -1.461213e-01 -7.878680e-03 0.000000e+00
    endloop
  endfacet
  facet normal -9.929419e-18 1.294027e-17 1.000000e+00
    outer loop
      vertex   -1.594000e-01 -5.500000e-03 -1.626303e-19
      vertex   -1.461213e-01 -7.878680e-03 0.000000e+00
      vertex   -1.455000e-01 -7.401924e-03 0.000000e+00
    endloop
  endfacet
  facet normal -8.794798e-18 2.123252e-17 1.000000e+00
    outer loop
      vertex   -1.455000e-01 -7.401924e-03 0.000000e+00
      vertex   -1.447765e-01 -7.102223e-03 0.000000e+00
      vertex   -1.594000e-01 -5.500000e-03 -1.626303e-19
    endloop
  endfacet
  facet normal -6.069738e-18 4.610424e-17 1.000000e+00
    outer loop
      vertex   -1.594000e-01 -5.500000e-03 -1.626303e-19
      vertex   -1.447765e-01 -7.102223e-03 0.000000e+00
      vertex   -1.440000e-01 -7.000000e-03 0.000000e+00
    endloop
  endfacet
  facet normal 7.530576e-20 1.091934e-16 1.000000e+00
    outer loop
      vertex   -1.594000e-01 -5.500000e-03 -1.626303e-19
      vertex   -1.440000e-01 -7.000000e-03 0.000000e+00
      vertex   -1.150000e-01 -7.020000e-03 0.000000e+00
    endloop
  endfacet
  facet normal 0.000000e+00 0.000000e+00 1.000000e+00
    outer loop
      vertex   -1.150000e-01 -7.020000e-03 0.000000e+00
      vertex   -1.440000e-01 -7.000000e-03 0.000000e+00
      vertex   -1.432235e-01 -7.102223e-03 0.000000e+00
    endloop
  endfacet
  facet normal 0.000000e+00 0.000000e+00 1.000000e+00
    outer loop
      vertex   -1.150000e-01 -7.020000e-03 0.000000e+00
      vertex   -1.432235e-01 -7.102223e-03 0.000000e+00
      vertex   -1.157713e-01 -7.121541e-03 0.000000e+00
    endloop
  endfacet
  facet normal 0.000000e+00 0.000000e+00 1.000000e+00
    outer loop
      vertex   -1.157713e-01 -7.121541e-03 0.000000e+00
      vertex   -1.432235e-01 -7.102223e-03 0.000000e+00
      vertex   -1.425000e-01 -7.401924e-03 0.000000e+00
    endloop
  endfacet
  facet normal 0.000000e+00 0.000000e+00 1.000000e+00
    outer loop
      vertex   -1.157713e-01 -7.121541e-03 0.000000e+00
      vertex   -1.425000e-01 -7.401924e-03 0.000000e+00
      vertex   -1.164900e-01 -7.419244e-03 0.000000e+00
    endloop
  endfacet
  facet normal 0.000000e+00 0.000000e+00 1.000000e+00
    outer loop
      vertex   -1.164900e-01 -7.419244e-03 0.000000e+00
      vertex   -1.425000e-01 -7.401924e-03 0.000000e+00
      vertex   -1.418787e-01 -7.878680e-03 0.000000e+00
    endloop
  endfacet
  facet normal 0.000000e+00 0.000000e+00 1.000000e+00
    outer loop
      vertex   -1.164900e-01 -7.419244e-03 0.000000e+00
      vertex   -1.418787e-01 -7.878680e-03 0.000000e+00
      vertex   -1.171072e-01 -7.892822e-03 0.000000e+00
    endloop
  endfacet
  facet normal 0.000000e+00 0.000000e+00 1.000000e+00
    outer loop
      vertex   -1.171072e-01 -7.892822e-03 0.000000e+00
      vertex   -1.418787e-01 -7.878680e-03 0.000000e+00
      vertex   -1.414019e-01 -8.500000e-03 0.000000e+00
    endloop
  endfacet
  facet normal 0.000000e+00 0.000000e+00 1.000000e+00
    outer loop
      vertex   -1.171072e-01 -7.892822e-03 0.000000e+00
      vertex   -1.414019e-01 -8.500000e-03 0.000000e+00
      vertex   -1.175808e-01 -8.510000e-03 0.000000e+00
    endloop
  endfacet
  facet normal 0.000000e+00 0.000000e+00 1.000000e+00
    outer loop
      vertex   -1.175808e-01 -8.510000e-03 0.000000e+00
      vertex   -1.414019e-01 -8.500000e-03 0.000000e+00
      vertex   -1.178785e-01 -9.228719e-03 0.000000e+00
    endloop
  endfacet
  facet normal 0.000000e+00 0.000000e+00 1.000000e+00
    outer loop
      vertex   -1.178785e-01 -9.228719e-03 0.000000e+00
      vertex   -1.414019e-01 -8.500000e-03 0.000000e+00
      vertex   -1.411022e-01 -9.223543e-03 0.000000e+00
    endloop
  endfacet
  facet normal 0.000000e+00 0.000000e+00 1.000000e+00
    outer loop
      vertex   -1.178785e-01 -9.228719e-03 0.000000e+00
      vertex   -1.411022e-01 -9.223543e-03 0.000000e+00
      vertex   -1.179800e-01 -1.000000e-02 0.000000e+00
    endloop
  endfacet
  facet normal 0.000000e+00 0.000000e+00 1.000000e+00
    outer loop
      vertex   -1.179800e-01 -1.000000e-02 0.000000e+00
      vertex   -1.411022e-01 -9.223543e-03 0.000000e+00
      vertex   -1.410000e-01 -1.000000e-02 0.000000e+00
    endloop
  endfacet
  facet normal 0.000000e+00 0.000000e+00 1.000000e+00
    outer loop
      vertex   -1.179800e-01 -1.000000e-02 0.000000e+00
      vertex   -1.410000e-01 -1.000000e-02 0.000000e+00
      vertex   -1.411022e-01 -1.077646e-02 0.000000e+00
    endloop
  endfacet
  facet normal 0.000000e+00 0.000000e+00 1.000000e+00
    outer loop
      vertex   -1.179800e-01 -1.000000e-02 0.000000e+00
      vertex   -1.411022e-01 -1.077646e-02 0.000000e+00
      vertex   -1.178785e-01 -1.077128e-02 0.000000e+00
    endloop
  endfacet
  facet normal 0.000000e+00 0.000000e+00 1.000000e+00
    outer loop
      vertex   -1.178785e-01 -1.077128e-02 0.000000e+00
      vertex   -1.411022e-01 -1.077646e-02 0.000000e+00
      vertex   -1.414019e-01 -1.150000e-02 0.000000e+00
    endloop
  endfacet
  facet normal 0.000000e+00 0.000000e+00 1.000000e+00
    outer loop
      vertex   -1.189778e-02 -1.077646e-02 0.000000e+00
      vertex   -1.200000e-02 -1.000000e-02 0.000000e+00
      vertex   -1.702000e-02 -1.000000e-02 0.000000e+00
    endloop
  endfacet
  facet normal 0.000000e+00 0.000000e+00 1.000000e+00
    outer loop
      vertex   -1.702000e-02 -1.000000e-02 0.000000e+00
      vertex   -1.200000e-02 -1.000000e-02 0.000000e+00
      vertex   -1.189778e-02 -9.223543e-03 0.000000e+00
    endloop
  endfacet
  facet normal 0.000000e+00 -0.000000e+00 1.000000e+00
    outer loop
      vertex   -1.702000e-02 -1.000000e-02 0.000000e+00
      vertex   -1.189778e-02 -9.223543e-03 0.000000e+00
      vertex   -1.712154e-02 -9.228719e-03 0.000000e+00
    endloop
  endfacet
  facet normal 0.000000e+00 0.000000e+00 1.000000e+00
    outer loop
      vertex   -1.712154e-02 -9.228719e-03 0.000000e+00
      vertex   -1.189778e-02 -9.223543e-03 0.000000e+00
      vertex   -1.159808e-02 -8.500000e-03 0.000000e+00
    endloop
  endfacet
  facet normal 0.000000e+00 -0.000000e+00 1.000000e+00
    outer loop
      vertex   -1.712154e-02 -9.228719e-03 0.000000e+00
      vertex   -1.159808e-02 -8.500000e-03 0.000000e+00
      vertex   -1.741924e-02 -8.510000e-03 0.000000e+00
    endloop
  endfacet
  facet normal 0.000000e+00 0.000000e+00 1.000000e+00
    outer loop
      vertex   -1.741924e-02 -8.510000e-03 0.000000e+00
      vertex   -1.159808e-02 -8.500000e-03 0.000000e+00
      vertex   -1.112132e-02 -7.878680e-03 0.000000e+00
    endloop
  endfacet
  facet normal 0.000000e+00 -0.000000e+00 1.000000e+00
    outer loop
      vertex   -1.741924e-02 -8.510000e-03 0.000000e+00
      vertex   -1.112132e-02 -7.878680e-03 0.000000e+00
      vertex   -1.789282e-02 -7.892822e-03 0.000000e+00
    endloop
  endfacet
  facet normal 0.000000e+00 0.000000e+00 1.000000e+00
    outer loop
      vertex   -1.789282e-02 -7.892822e-03 0.000000e+00
      vertex   -1.112132e-02 -7.878680e-03 0.000000e+00
      vertex   -1.050000e-02 -7.401924e-03 0.000000e+00
    endloop
  endfacet
  facet normal 0.000000e+00 -0.000000e+00 1.000000e+00
    outer loop
      vertex   -1.789282e-02 -7.892822e-03 0.000000e+00
      vertex   -1.050000e-02 -7.401924e-03 0.000000e+00
      vertex   -1.851000e-02 -7.419244e-03 0.000000e+00
    endloop
  endfacet
  facet normal 0.000000e+00 0.000000e+00 1.000000e+00
    outer loop
      vertex   -1.851000e-02 -7.419244e-03 0.000000e+00
      vertex   -1.050000e-02 -7.401924e-03 0.000000e+00
      vertex   -9.000000e-03 -5.500000e-03 0.000000e+00
    endloop
  endfacet
  facet normal 0.000000e+00 -0.000000e+00 1.000000e+00
    outer loop
      vertex   -1.851000e-02 -7.419244e-03 0.000000e+00
      vertex   -9.000000e-03 -5.500000e-03 0.000000e+00
      vertex   -1.922872e-02 -7.121541e-03 0.000000e+00
    endloop
  endfacet
  facet normal 0.000000e+00 0.000000e+00 1.000000e+00
    outer loop
      vertex   -1.050000e-02 -7.401924e-03 0.000000e+00
      vertex   -9.776457e-03 -7.102223e-03 0.000000e+00
      vertex   -9.000000e-03 -5.500000e-03 0.000000e+00
    endloop
  endfacet
  facet normal 0.000000e+00 0.000000e+00 1.000000e+00
    outer loop
      vertex   -9.000000e-03 -5.500000e-03 0.000000e+00
      vertex   -9.776457e-03 -7.102223e-03 0.000000e+00
      vertex   -9.000000e-03 -7.000000e-03 0.000000e+00
    endloop
  endfacet
  facet normal 0.000000e+00 0.000000e+00 1.000000e+00
    outer loop
      vertex   -9.000000e-03 -5.500000e-03 0.000000e+00
      vertex   -9.000000e-03 -7.000000e-03 0.000000e+00
      vertex   -8.223543e-03 -7.102223e-03 0.000000e+00
    endloop
  endfacet
  facet normal -0.000000e+00 0.000000e+00 1.000000e+00
    outer loop
      vertex   -6.878680e-03 -7.878680e-03 0.000000e+00
      vertex   -6.401924e-03 -8.500000e-03 0.000000e+00
      vertex   -5.247124e-03 -5.005924e-03 0.000000e+00
    endloop
  endfacet
  facet normal 0.000000e+00 0.000000e+00 1.000000e+00
    outer loop
      vertex   -5.247124e-03 -5.005924e-03 0.000000e+00
      vertex   -6.401924e-03 -8.500000e-03 0.000000e+00
      vertex   -6.102223e-03 -9.223543e-03 0.000000e+00
    endloop
  endfacet
  facet normal 0.000000e+00 0.000000e+00 1.000000e+00
    outer loop
      vertex   -7.500000e-03 -1.259808e-02 0.000000e+00
      vertex   -8.223543e-03 -1.289778e-02 0.000000e+00
      vertex   1.600000e-02 -1.940000e-02 0.000000e+00
    endloop
  endfacet
  facet normal 0.000000e+00 0.000000e+00 1.000000e+00
    outer loop
      vertex   1.600000e-02 -1.940000e-02 0.000000e+00
      vertex   -8.223543e-03 -1.289778e-02 0.000000e+00
      vertex   -9.000000e-03 -1.300000e-02 0.000000e+00
    endloop
  endfacet
  facet normal 0.000000e+00 0.000000e+00 1.000000e+00
    outer loop
      vertex   -2.000000e-02 -1.298000e-02 0.000000e+00
      vertex   -9.776457e-03 -1.289778e-02 0.000000e+00
      vertex   -1.922872e-02 -1.287846e-02 0.000000e+00
    endloop
  endfacet
  facet normal -0.000000e+00 0.000000e+00 1.000000e+00
    outer loop
      vertex   -1.922872e-02 -1.287846e-02 0.000000e+00
      vertex   -9.776457e-03 -1.289778e-02 0.000000e+00
      vertex   -1.050000e-02 -1.259808e-02 0.000000e+00
    endloop
  endfacet
  facet normal 0.000000e+00 0.000000e+00 1.000000e+00
    outer loop
      vertex   -1.922872e-02 -1.287846e-02 0.000000e+00
      vertex   -1.050000e-02 -1.259808e-02 0.000000e+00
      vertex   -1.851000e-02 -1.258076e-02 0.000000e+00
    endloop
  endfacet
  facet normal -0.000000e+00 0.000000e+00 1.000000e+00
    outer loop
      vertex   -1.851000e-02 -1.258076e-02 0.000000e+00
      vertex   -1.050000e-02 -1.259808e-02 0.000000e+00
      vertex   -1.789282e-02 -1.210718e-02 0.000000e+00
    endloop
  endfacet
  facet normal 0.000000e+00 0.000000e+00 1.000000e+00
    outer loop
      vertex   -1.789282e-02 -1.210718e-02 0.000000e+00
      vertex   -1.050000e-02 -1.259808e-02 0.000000e+00
      vertex   -1.112132e-02 -1.212132e-02 0.000000e+00
    endloop
  endfacet
  facet normal -0.000000e+00 0.000000e+00 1.000000e+00
    outer loop
      vertex   -1.789282e-02 -1.210718e-02 0.000000e+00
      vertex   -1.112132e-02 -1.212132e-02 0.000000e+00
      vertex   -1.741924e-02 -1.149000e-02 0.000000e+00
    endloop
  endfacet
  facet normal 0.000000e+00 0.000000e+00 1.000000e+00
    outer loop
      vertex   -1.741924e-02 -1.149000e-02 0.000000e+00
      vertex   -1.112132e-02 -1.212132e-02 0.000000e+00
      vertex   -1.159808e-02 -1.150000e-02 0.000000e+00
    endloop
  endfacet
  facet normal -0.000000e+00 0.000000e+00 1.000000e+00
    outer loop
      vertex   -1.741924e-02 -1.149000e-02 0.000000e+00
      vertex   -1.159808e-02 -1.150000e-02 0.000000e+00
      vertex   -1.712154e-02 -1.077128e-02 0.000000e+00
    endloop
  endfacet
  facet normal 0.000000e+00 0.000000e+00 1.000000e+00
    outer loop
      vertex   -1.712154e-02 -1.077128e-02 0.000000e+00
      vertex   -1.159808e-02 -1.150000e-02 0.000000e+00
      vertex   -1.189778e-02 -1.077646e-02 0.000000e+00
    endloop
  endfacet
  facet normal -0.000000e+00 0.000000e+00 1.000000e+00
    outer loop
      vertex   -1.712154e-02 -1.077128e-02 0.000000e+00
      vertex   -1.189778e-02 -1.077646e-02 0.000000e+00
      vertex   -1.702000e-02 -1.000000e-02 0.000000e+00
    endloop
  endfacet
  facet normal 0.000000e+00 -0.000000e+00 1.000000e+00
    outer loop
      vertex   7.102223e-03 9.776457e-03 0.000000e+00
      vertex   7.401924e-03 1.050000e-02 0.000000e+00
      vertex   5.500000e-03 9.000000e-03 0.000000e+00
    endloop
  endfacet
  facet normal 0.000000e+00 0.000000e+00 1.000000e+00
    outer loop
      vertex   5.500000e-03 9.000000e-03 0.000000e+00
      vertex   7.401924e-03 1.050000e-02 0.000000e+00
      vertex   7.419244e-03 1.851000e-02 0.000000e+00
    endloop
  endfacet
  facet normal 0.000000e+00 0.000000e+00 1.000000e+00
    outer loop
      vertex   5.500000e-03 9.000000e-03 0.000000e+00
      vertex   7.419244e-03 1.851000e-02 0.000000e+00
      vertex   7.121541e-03 1.922872e-02 0.000000e+00
    endloop
  endfacet
  facet normal 0.000000e+00 0.000000e+00 1.000000e+00
    outer loop
      vertex   7.419244e-03 1.851000e-02 0.000000e+00
      vertex   7.401924e-03 1.050000e-02 0.000000e+00
      vertex   7.892822e-03 1.789282e-02 0.000000e+00
    endloop
  endfacet
  facet normal 0.000000e+00 0.000000e+00 1.000000e+00
    outer loop
      vertex   7.892822e-03 1.789282e-02 0.000000e+00
      vertex   7.401924e-03 1.050000e-02 0.000000e+00
      vertex   7.878680e-03 1.112132e-02 0.000000e+00
    endloop
  endfacet
  facet normal 0.000000e+00 0.000000e+00 1.000000e+00
    outer loop
      vertex   7.892822e-03 1.789282e-02 0.000000e+00
      vertex   7.878680e-03 1.112132e-02 0.000000e+00
      vertex   8.510000e-03 1.741924e-02 0.000000e+00
    endloop
  endfacet
  facet normal 0.000000e+00 0.000000e+00 1.000000e+00
    outer loop
      vertex   8.510000e-03 1.741924e-02 0.000000e+00
      vertex   7.878680e-03 1.112132e-02 0.000000e+00
      vertex   8.500000e-03 1.159808e-02 0.000000e+00
    endloop
  endfacet
  facet normal 0.000000e+00 0.000000e+00 1.000000e+00
    outer loop
      vertex   8.510000e-03 1.741924e-02 0.000000e+00
      vertex   8.500000e-03 1.159808e-02 0.000000e+00
      vertex   9.228719e-03 1.712154e-02 0.000000e+00
    endloop
  endfacet
  facet normal 0.000000e+00 0.000000e+00 1.000000e+00
    outer loop
      vertex   9.228719e-03 1.712154e-02 0.000000e+00
      vertex   8.500000e-03 1.159808e-02 0.000000e+00
      vertex   9.223543e-03 1.189778e-02 0.000000e+00
    endloop
  endfacet
  facet normal 0.000000e+00 0.000000e+00 1.000000e+00
    outer loop
      vertex   9.228719e-03 1.712154e-02 0.000000e+00
      vertex   9.223543e-03 1.189778e-02 0.000000e+00
      vertex   1.000000e-02 1.702000e-02 0.000000e+00
    endloop
  endfacet
  facet normal 0.000000e+00 0.000000e+00 1.000000e+00
    outer loop
      vertex   1.000000e-02 1.702000e-02 0.000000e+00
      vertex   9.223543e-03 1.189778e-02 0.000000e+00
      vertex   1.000000e-02 1.200000e-02 0.000000e+00
    endloop
  endfacet
  facet normal 0.000000e+00 0.000000e+00 1.000000e+00
    outer loop
      vertex   1.000000e-02 1.702000e-02 0.000000e+00
      vertex   1.000000e-02 1.200000e-02 0.000000e+00
      vertex   1.077646e-02 1.189778e-02 0.000000e+00
    endloop
  endfacet
  facet normal -0.000000e+00 0.000000e+00 1.000000e+00
    outer loop
      vertex   1.000000e-02 1.702000e-02 0.000000e+00
      vertex   1.077646e-02 1.189778e-02 0.000000e+00
      vertex   1.077128e-02 1.712154e-02 0.000000e+00
    endloop
  endfacet
  facet normal 0.000000e+00 0.000000e+00 1.000000e+00
    outer loop
      vertex   1.077128e-02 1.712154e-02 0.000000e+00
      vertex   1.077646e-02 1.189778e-02 0.000000e+00
      vertex   1.150000e-02 1.159808e-02 0.000000e+00
    endloop
  endfacet
  facet normal -0.000000e+00 0.000000e+00 1.000000e+00
    outer loop
      vertex   1.077128e-02 1.712154e-02 0.000000e+00
      vertex   1.150000e-02 1.159808e-02 0.000000e+00
      vertex   1.149000e-02 1.741924e-02 0.000000e+00
    endloop
  endfacet
  facet normal 0.000000e+00 0.000000e+00 1.000000e+00
    outer loop
      vertex   1.149000e-02 1.741924e-02 0.000000e+00
      vertex   1.150000e-02 1.159808e-02 0.000000e+00
      vertex   1.212132e-02 1.112132e-02 0.000000e+00
    endloop
  endfacet
  facet normal -0.000000e+00 0.000000e+00 1.000000e+00
    outer loop
      vertex   1.149000e-02 1.741924e-02 0.000000e+00
      vertex   1.212132e-02 1.112132e-02 0.000000e+00
      vertex   1.210718e-02 1.789282e-02 0.000000e+00
    endloop
  endfacet
  facet normal 0.000000e+00 0.000000e+00 1.000000e+00
    outer loop
      vertex   1.210718e-02 1.789282e-02 0.000000e+00
      vertex   1.212132e-02 1.112132e-02 0.000000e+00
      vertex   1.259808e-02 1.050000e-02 0.000000e+00
    endloop
  endfacet
  facet normal -0.000000e+00 0.000000e+00 1.000000e+00
    outer loop
      vertex   1.210718e-02 1.789282e-02 0.000000e+00
      vertex   1.259808e-02 1.050000e-02 0.000000e+00
      vertex   1.258076e-02 1.851000e-02 0.000000e+00
    endloop
  endfacet
  facet normal -0.000000e+00 0.000000e+00 1.000000e+00
    outer loop
      vertex   1.258076e-02 1.851000e-02 0.000000e+00
      vertex   1.259808e-02 1.050000e-02 0.000000e+00
      vertex   1.287846e-02 1.922872e-02 0.000000e+00
    endloop
  endfacet
  facet normal 0.000000e+00 0.000000e+00 1.000000e+00
    outer loop
      vertex   1.287846e-02 1.922872e-02 0.000000e+00
      vertex   1.259808e-02 1.050000e-02 0.000000e+00
      vertex   1.289778e-02 9.776457e-03 0.000000e+00
    endloop
  endfacet
  facet normal -0.000000e+00 0.000000e+00 1.000000e+00
    outer loop
      vertex   1.287846e-02 1.922872e-02 0.000000e+00
      vertex   1.289778e-02 9.776457e-03 0.000000e+00
      vertex   1.298000e-02 2.000000e-02 0.000000e+00
    endloop
  endfacet
  facet normal 0.000000e+00 0.000000e+00 1.000000e+00
    outer loop
      vertex   1.298000e-02 2.000000e-02 0.000000e+00
      vertex   1.289778e-02 9.776457e-03 0.000000e+00
      vertex   1.300000e-02 9.000000e-03 0.000000e+00
    endloop
  endfacet
  facet normal 0.000000e+00 0.000000e+00 1.000000e+00
    outer loop
      vertex   1.298000e-02 2.000000e-02 0.000000e+00
      vertex   1.300000e-02 9.000000e-03 0.000000e+00
      vertex   1.940000e-02 -1.600000e-02 0.000000e+00
    endloop
  endfacet
  facet normal 0.000000e+00 0.000000e+00 1.000000e+00
    outer loop
      vertex   1.940000e-02 -1.600000e-02 0.000000e+00
      vertex   1.300000e-02 9.000000e-03 0.000000e+00
      vertex   1.289778e-02 8.223543e-03 0.000000e+00
    endloop
  endfacet
  facet normal 0.000000e+00 0.000000e+00 1.000000e+00
    outer loop
      vertex   1.940000e-02 -1.600000e-02 0.000000e+00
      vertex   1.289778e-02 8.223543e-03 0.000000e+00
      vertex   1.259808e-02 7.500000e-03 0.000000e+00
    endloop
  endfacet
  facet normal -0.000000e+00 0.000000e+00 1.000000e+00
    outer loop
      vertex   1.212132e-02 6.878680e-03 0.000000e+00
      vertex   1.210718e-02 -7.892822e-03 0.000000e+00
      vertex   1.259808e-02 7.500000e-03 0.000000e+00
    endloop
  endfacet
  facet normal 0.000000e+00 0.000000e+00 1.000000e+00
    outer loop
      vertex   1.259808e-02 7.500000e-03 0.000000e+00
      vertex   1.210718e-02 -7.892822e-03 0.000000e+00
      vertex   1.258076e-02 -8.510000e-03 0.000000e+00
    endloop
  endfacet
  facet normal 0.000000e+00 0.000000e+00 1.000000e+00
    outer loop
      vertex   1.259808e-02 7.500000e-03 0.000000e+00
      vertex   1.258076e-02 -8.510000e-03 0.000000e+00
      vertex   1.940000e-02 -1.600000e-02 0.000000e+00
    endloop
  endfacet
  facet normal 0.000000e+00 0.000000e+00 1.000000e+00
    outer loop
      vertex   1.940000e-02 -1.600000e-02 0.000000e+00
      vertex   1.258076e-02 -8.510000e-03 0.000000e+00
      vertex   1.287846e-02 -9.228719e-03 0.000000e+00
    endloop
  endfacet
  facet normal 0.000000e+00 0.000000e+00 1.000000e+00
    outer loop
      vertex   1.940000e-02 -1.600000e-02 0.000000e+00
      vertex   1.287846e-02 -9.228719e-03 0.000000e+00
      vertex   1.298000e-02 -1.000000e-02 0.000000e+00
    endloop
  endfacet
  facet normal 0.000000e+00 -0.000000e+00 1.000000e+00
    outer loop
      vertex   1.210718e-02 -7.892822e-03 0.000000e+00
      vertex   1.212132e-02 6.878680e-03 0.000000e+00
      vertex   1.149000e-02 -7.419244e-03 0.000000e+00
    endloop
  endfacet
  facet normal 0.000000e+00 0.000000e+00 1.000000e+00
    outer loop
      vertex   1.149000e-02 -7.419244e-03 0.000000e+00
      vertex   1.212132e-02 6.878680e-03 0.000000e+00
      vertex   1.150000e-02 6.401924e-03 0.000000e+00
    endloop
  endfacet
  facet normal 0.000000e+00 -0.000000e+00 1.000000e+00
    outer loop
      vertex   1.149000e-02 -7.419244e-03 0.000000e+00
      vertex   1.150000e-02 6.401924e-03 0.000000e+00
      vertex   1.077128e-02 -7.121541e-03 0.000000e+00
    endloop
  endfacet
  facet normal 0.000000e+00 0.000000e+00 1.000000e+00
    outer loop
      vertex   1.077128e-02 -7.121541e-03 0.000000e+00
      vertex   1.150000e-02 6.401924e-03 0.000000e+00
      vertex   1.077646e-02 6.102223e-03 0.000000e+00
    endloop
  endfacet
  facet normal 0.000000e+00 -0.000000e+00 1.000000e+00
    outer loop
      vertex   1.077128e-02 -7.121541e-03 0.000000e+00
      vertex   1.077646e-02 6.102223e-03 0.000000e+00
      vertex   1.000000e-02 -7.020000e-03 0.000000e+00
    endloop
  endfacet
  facet normal 0.000000e+00 0.000000e+00 1.000000e+00
    outer loop
      vertex   1.000000e-02 -7.020000e-03 0.000000e+00
      vertex   1.077646e-02 6.102223e-03 0.000000e+00
      vertex   1.000000e-02 6.000000e-03 0.000000e+00
    endloop
  endfacet
  facet normal 0.000000e+00 -0.000000e+00 1.000000e+00
    outer loop
      vertex   1.000000e-02 -7.020000e-03 0.000000e+00
      vertex   1.000000e-02 6.000000e-03 0.000000e+00
      vertex   3.557368e-03 1.750000e-03 0.000000e+00
    endloop
  endfacet
  facet normal 0.000000e+00 0.000000e+00 1.000000e+00
    outer loop
      vertex   3.557368e-03 1.750000e-03 0.000000e+00
      vertex   1.000000e-02 6.000000e-03 0.000000e+00
      vertex   9.223543e-03 6.102223e-03 0.000000e+00
    endloop
  endfacet
  facet normal 0.000000e+00 0.000000e+00 1.000000e+00
    outer loop
      vertex   7.878680e-03 6.878680e-03 0.000000e+00
      vertex   7.401924e-03 7.500000e-03 0.000000e+00
      vertex   5.005924e-03 5.247124e-03 0.000000e+00
    endloop
  endfacet
  facet normal 0.000000e+00 0.000000e+00 1.000000e+00
    outer loop
      vertex   5.005924e-03 5.247124e-03 0.000000e+00
      vertex   7.401924e-03 7.500000e-03 0.000000e+00
      vertex   7.102223e-03 8.223543e-03 0.000000e+00
    endloop
  endfacet
  facet normal -0.000000e+00 0.000000e+00 1.000000e+00
    outer loop
      vertex   1.150000e-02 1.465981e-01 0.000000e+00
      vertex   1.212132e-02 1.461213e-01 0.000000e+00
      vertex   1.940000e-02 1.592000e-01 0.000000e+00
    endloop
  endfacet
  facet normal 0.000000e+00 0.000000e+00 1.000000e+00
    outer loop
      vertex   1.940000e-02 1.592000e-01 0.000000e+00
      vertex   1.212132e-02 1.461213e-01 0.000000e+00
      vertex   1.259808e-02 1.455000e-01 0.000000e+00
    endloop
  endfacet
  facet normal 0.000000e+00 0.000000e+00 1.000000e+00
    outer loop
      vertex   1.940000e-02 1.592000e-01 0.000000e+00
      vertex   1.259808e-02 1.455000e-01 0.000000e+00
      vertex   1.289778e-02 1.447765e-01 0.000000e+00
    endloop
  endfacet
  facet normal -0.000000e+00 0.000000e+00 1.000000e+00
    outer loop
      vertex   1.289778e-02 1.447765e-01 0.000000e+00
      vertex   1.300000e-02 1.440000e-01 0.000000e+00
      vertex   1.940000e-02 1.592000e-01 0.000000e+00
    endloop
  endfacet
  facet normal 0.000000e+00 0.000000e+00 1.000000e+00
    outer loop
      vertex   1.940000e-02 1.592000e-01 0.000000e+00
      vertex   1.300000e-02 1.440000e-01 0.000000e+00
      vertex   1.289778e-02 1.432235e-01 0.000000e+00
    endloop
  endfacet
  facet normal 0.000000e+00 0.000000e+00 1.000000e+00
    outer loop
      vertex   1.940000e-02 1.592000e-01 0.000000e+00
      vertex   1.289778e-02 1.432235e-01 0.000000e+00
      vertex   1.287846e-02 1.157713e-01 0.000000e+00
    endloop
  endfacet
  facet normal 0.000000e+00 -0.000000e+00 1.000000e+00
    outer loop
      vertex   1.287846e-02 1.157713e-01 0.000000e+00
      vertex   1.289778e-02 1.432235e-01 0.000000e+00
      vertex   1.259808e-02 1.425000e-01 0.000000e+00
    endloop
  endfacet
  facet normal 0.000000e+00 0.000000e+00 1.000000e+00
    outer loop
      vertex   1.287846e-02 1.157713e-01 0.000000e+00
      vertex   1.259808e-02 1.425000e-01 0.000000e+00
      vertex   1.258076e-02 1.164900e-01 0.000000e+00
    endloop
  endfacet
  facet normal 0.000000e+00 -0.000000e+00 1.000000e+00
    outer loop
      vertex   1.258076e-02 1.164900e-01 0.000000e+00
      vertex   1.259808e-02 1.425000e-01 0.000000e+00
      vertex   1.212132e-02 1.418787e-01 0.000000e+00
    endloop
  endfacet
  facet normal 0.000000e+00 0.000000e+00 1.000000e+00
    outer loop
      vertex   1.258076e-02 1.164900e-01 0.000000e+00
      vertex   1.212132e-02 1.418787e-01 0.000000e+00
      vertex   1.210718e-02 1.171072e-01 0.000000e+00
    endloop
  endfacet
  facet normal 0.000000e+00 -0.000000e+00 1.000000e+00
    outer loop
      vertex   1.210718e-02 1.171072e-01 0.000000e+00
      vertex   1.212132e-02 1.418787e-01 0.000000e+00
      vertex   1.150000e-02 1.414019e-01 0.000000e+00
    endloop
  endfacet
  facet normal 0.000000e+00 0.000000e+00 1.000000e+00
    outer loop
      vertex   1.210718e-02 1.171072e-01 0.000000e+00
      vertex   1.150000e-02 1.414019e-01 0.000000e+00
      vertex   1.149000e-02 1.175808e-01 0.000000e+00
    endloop
  endfacet
  facet normal 0.000000e+00 -0.000000e+00 1.000000e+00
    outer loop
      vertex   1.149000e-02 1.175808e-01 0.000000e+00
      vertex   1.150000e-02 1.414019e-01 0.000000e+00
      vertex   1.077128e-02 1.178785e-01 0.000000e+00
    endloop
  endfacet
  facet normal 0.000000e+00 0.000000e+00 1.000000e+00
    outer loop
      vertex   1.077128e-02 1.178785e-01 0.000000e+00
      vertex   1.150000e-02 1.414019e-01 0.000000e+00
      vertex   1.077646e-02 1.411022e-01 0.000000e+00
    endloop
  endfacet
  facet normal 0.000000e+00 -0.000000e+00 1.000000e+00
    outer loop
      vertex   1.077128e-02 1.178785e-01 0.000000e+00
      vertex   1.077646e-02 1.411022e-01 0.000000e+00
      vertex   1.000000e-02 1.179800e-01 0.000000e+00
    endloop
  endfacet
  facet normal 0.000000e+00 0.000000e+00 1.000000e+00
    outer loop
      vertex   1.000000e-02 1.179800e-01 0.000000e+00
      vertex   1.077646e-02 1.411022e-01 0.000000e+00
      vertex   1.000000e-02 1.410000e-01 0.000000e+00
    endloop
  endfacet
  facet normal 0.000000e+00 -0.000000e+00 1.000000e+00
    outer loop
      vertex   1.000000e-02 1.179800e-01 0.000000e+00
      vertex   1.000000e-02 1.410000e-01 0.000000e+00
      vertex   9.223543e-03 1.411022e-01 0.000000e+00
    endloop
  endfacet
  facet normal 0.000000e+00 0.000000e+00 1.000000e+00
    outer loop
      vertex   1.000000e-02 1.179800e-01 0.000000e+00
      vertex   9.223543e-03 1.411022e-01 0.000000e+00
      vertex   9.228719e-03 1.178785e-01 0.000000e+00
    endloop
  endfacet
  facet normal 0.000000e+00 0.000000e+00 1.000000e+00
    outer loop
      vertex   9.228719e-03 1.178785e-01 0.000000e+00
      vertex   9.223543e-03 1.411022e-01 0.000000e+00
      vertex   8.500000e-03 1.414019e-01 0.000000e+00
    endloop
  endfacet
  facet normal 0.000000e+00 0.000000e+00 1.000000e+00
    outer loop
      vertex   1.000000e-02 2.298000e-02 0.000000e+00
      vertex   9.611771e-03 5.855111e-02 0.000000e+00
      vertex   9.228719e-03 2.287846e-02 0.000000e+00
    endloop
  endfacet
  facet normal 0.000000e+00 0.000000e+00 1.000000e+00
    outer loop
      vertex   9.228719e-03 2.287846e-02 0.000000e+00
      vertex   9.611771e-03 5.855111e-02 0.000000e+00
      vertex   9.250000e-03 5.870096e-02 0.000000e+00
    endloop
  endfacet
  facet normal 0.000000e+00 -0.000000e+00 1.000000e+00
    outer loop
      vertex   9.228719e-03 2.287846e-02 0.000000e+00
      vertex   9.250000e-03 5.870096e-02 0.000000e+00
      vertex   8.510000e-03 2.258076e-02 0.000000e+00
    endloop
  endfacet
  facet normal 0.000000e+00 0.000000e+00 1.000000e+00
    outer loop
      vertex   8.510000e-03 2.258076e-02 0.000000e+00
      vertex   9.250000e-03 5.870096e-02 0.000000e+00
      vertex   8.939340e-03 5.893934e-02 0.000000e+00
    endloop
  endfacet
  facet normal 0.000000e+00 -0.000000e+00 1.000000e+00
    outer loop
      vertex   8.510000e-03 2.258076e-02 0.000000e+00
      vertex   8.939340e-03 5.893934e-02 0.000000e+00
      vertex   7.892822e-03 2.210718e-02 0.000000e+00
    endloop
  endfacet
  facet normal 0.000000e+00 0.000000e+00 1.000000e+00
    outer loop
      vertex   7.892822e-03 2.210718e-02 0.000000e+00
      vertex   8.939340e-03 5.893934e-02 0.000000e+00
      vertex   8.700962e-03 5.925000e-02 0.000000e+00
    endloop
  endfacet
  facet normal 0.000000e+00 -0.000000e+00 1.000000e+00
    outer loop
      vertex   7.892822e-03 2.210718e-02 0.000000e+00
      vertex   8.700962e-03 5.925000e-02 0.000000e+00
      vertex   7.419244e-03 2.149000e-02 0.000000e+00
    endloop
  endfacet
  facet normal 0.000000e+00 0.000000e+00 1.000000e+00
    outer loop
      vertex   7.419244e-03 2.149000e-02 0.000000e+00
      vertex   8.700962e-03 5.925000e-02 0.000000e+00
      vertex   8.551111e-03 5.961177e-02 0.000000e+00
    endloop
  endfacet
  facet normal 0.000000e+00 -0.000000e+00 1.000000e+00
    outer loop
      vertex   7.419244e-03 2.149000e-02 0.000000e+00
      vertex   8.551111e-03 5.961177e-02 0.000000e+00
      vertex   7.121541e-03 2.077128e-02 0.000000e+00
    endloop
  endfacet
  facet normal 0.000000e+00 0.000000e+00 1.000000e+00
    outer loop
      vertex   7.121541e-03 2.077128e-02 0.000000e+00
      vertex   8.551111e-03 5.961177e-02 0.000000e+00
      vertex   8.500000e-03 6.000000e-02 0.000000e+00
    endloop
  endfacet
  facet normal 0.000000e+00 -0.000000e+00 1.000000e+00
    outer loop
      vertex   7.121541e-03 2.077128e-02 0.000000e+00
      vertex   8.500000e-03 6.000000e-02 0.000000e+00
      vertex   7.020000e-03 2.000000e-02 0.000000e+00
    endloop
  endfacet
  facet normal 0.000000e+00 -0.000000e+00 1.000000e+00
    outer loop
      vertex   7.020000e-03 2.000000e-02 0.000000e+00
      vertex   8.500000e-03 6.000000e-02 0.000000e+00
      vertex   5.500000e-03 9.000000e-03 0.000000e+00
    endloop
  endfacet
  facet normal 0.000000e+00 0.000000e+00 1.000000e+00
    outer loop
      vertex   7.020000e-03 2.000000e-02 0.000000e+00
      vertex   5.500000e-03 9.000000e-03 0.000000e+00
      vertex   7.121541e-03 1.922872e-02 0.000000e+00
    endloop
  endfacet
  facet normal -0.000000e+00 0.000000e+00 1.000000e+00
    outer loop
      vertex   1.000000e-02 1.120200e-01 0.000000e+00
      vertex   1.038823e-02 6.144889e-02 0.000000e+00
      vertex   1.077128e-02 1.121215e-01 0.000000e+00
    endloop
  endfacet
  facet normal 0.000000e+00 0.000000e+00 1.000000e+00
    outer loop
      vertex   1.077128e-02 1.121215e-01 0.000000e+00
      vertex   1.038823e-02 6.144889e-02 0.000000e+00
      vertex   1.075000e-02 6.129904e-02 0.000000e+00
    endloop
  endfacet
  facet normal -0.000000e+00 0.000000e+00 1.000000e+00
    outer loop
      vertex   1.077128e-02 1.121215e-01 0.000000e+00
      vertex   1.075000e-02 6.129904e-02 0.000000e+00
      vertex   1.149000e-02 1.124192e-01 0.000000e+00
    endloop
  endfacet
  facet normal 0.000000e+00 0.000000e+00 1.000000e+00
    outer loop
      vertex   1.149000e-02 1.124192e-01 0.000000e+00
      vertex   1.075000e-02 6.129904e-02 0.000000e+00
      vertex   1.106066e-02 6.106066e-02 0.000000e+00
    endloop
  endfacet
  facet normal -0.000000e+00 0.000000e+00 1.000000e+00
    outer loop
      vertex   1.149000e-02 1.124192e-01 0.000000e+00
      vertex   1.106066e-02 6.106066e-02 0.000000e+00
      vertex   1.210718e-02 1.128928e-01 0.000000e+00
    endloop
  endfacet
  facet normal 0.000000e+00 0.000000e+00 1.000000e+00
    outer loop
      vertex   1.210718e-02 1.128928e-01 0.000000e+00
      vertex   1.106066e-02 6.106066e-02 0.000000e+00
      vertex   1.129904e-02 6.075000e-02 0.000000e+00
    endloop
  endfacet
  facet normal -0.000000e+00 0.000000e+00 1.000000e+00
    outer loop
      vertex   1.210718e-02 1.128928e-01 0.000000e+00
      vertex   1.129904e-02 6.075000e-02 0.000000e+00
      vertex   1.258076e-02 1.135100e-01 0.000000e+00
    endloop
  endfacet
  facet normal 0.000000e+00 0.000000e+00 1.000000e+00
    outer loop
      vertex   1.258076e-02 1.135100e-01 0.000000e+00
      vertex   1.129904e-02 6.075000e-02 0.000000e+00
      vertex   1.144889e-02 6.038823e-02 0.000000e+00
    endloop
  endfacet
  facet normal -0.000000e+00 0.000000e+00 1.000000e+00
    outer loop
      vertex   1.258076e-02 1.135100e-01 0.000000e+00
      vertex   1.144889e-02 6.038823e-02 0.000000e+00
      vertex   1.287846e-02 1.142287e-01 0.000000e+00
    endloop
  endfacet
  facet normal 0.000000e+00 0.000000e+00 1.000000e+00
    outer loop
      vertex   1.287846e-02 1.142287e-01 0.000000e+00
      vertex   1.144889e-02 6.038823e-02 0.000000e+00
      vertex   1.150000e-02 6.000000e-02 0.000000e+00
    endloop
  endfacet
  facet normal -0.000000e+00 0.000000e+00 1.000000e+00
    outer loop
      vertex   1.287846e-02 1.142287e-01 0.000000e+00
      vertex   1.150000e-02 6.000000e-02 0.000000e+00
      vertex   1.298000e-02 1.150000e-01 0.000000e+00
    endloop
  endfacet
  facet normal 0.000000e+00 0.000000e+00 1.000000e+00
    outer loop
      vertex   1.298000e-02 -1.000000e-02 0.000000e+00
      vertex   1.287846e-02 -1.077128e-02 0.000000e+00
      vertex   1.940000e-02 -1.600000e-02 0.000000e+00
    endloop
  endfacet
  facet normal 0.000000e+00 0.000000e+00 1.000000e+00
    outer loop
      vertex   1.940000e-02 -1.600000e-02 0.000000e+00
      vertex   1.287846e-02 -1.077128e-02 0.000000e+00
      vertex   1.258076e-02 -1.149000e-02 0.000000e+00
    endloop
  endfacet
  facet normal 0.000000e+00 0.000000e+00 1.000000e+00
    outer loop
      vertex   1.940000e-02 -1.600000e-02 0.000000e+00
      vertex   1.258076e-02 -1.149000e-02 0.000000e+00
      vertex   1.210718e-02 -1.210718e-02 0.000000e+00
    endloop
  endfacet
  facet normal 0.000000e+00 -0.000000e+00 1.000000e+00
    outer loop
      vertex   7.020000e-03 -1.000000e-02 0.000000e+00
      vertex   7.121541e-03 -9.228719e-03 0.000000e+00
      vertex   -1.750000e-03 -3.557368e-03 0.000000e+00
    endloop
  endfacet
  facet normal 0.000000e+00 0.000000e+00 1.000000e+00
    outer loop
      vertex   -1.750000e-03 -3.557368e-03 0.000000e+00
      vertex   7.121541e-03 -9.228719e-03 0.000000e+00
      vertex   7.419244e-03 -8.510000e-03 0.000000e+00
    endloop
  endfacet
  facet normal 0.000000e+00 0.000000e+00 1.000000e+00
    outer loop
      vertex   -1.150000e-01 -1.298000e-02 0.000000e+00
      vertex   -2.000000e-02 -1.298000e-02 0.000000e+00
      vertex   -1.142287e-01 -1.287846e-02 0.000000e+00
    endloop
  endfacet
  facet normal -0.000000e+00 0.000000e+00 1.000000e+00
    outer loop
      vertex   -1.142287e-01 -1.287846e-02 0.000000e+00
      vertex   -2.000000e-02 -1.298000e-02 0.000000e+00
      vertex   -2.077128e-02 -1.287846e-02 0.000000e+00
    endloop
  endfacet
  facet normal 0.000000e+00 0.000000e+00 1.000000e+00
    outer loop
      vertex   -1.142287e-01 -1.287846e-02 0.000000e+00
      vertex   -2.077128e-02 -1.287846e-02 0.000000e+00
      vertex   -1.135100e-01 -1.258076e-02 0.000000e+00
    endloop
  endfacet
  facet normal -0.000000e+00 0.000000e+00 1.000000e+00
    outer loop
      vertex   -1.135100e-01 -1.258076e-02 0.000000e+00
      vertex   -2.077128e-02 -1.287846e-02 0.000000e+00
      vertex   -2.149000e-02 -1.258076e-02 0.000000e+00
    endloop
  endfacet
  facet normal 0.000000e+00 0.000000e+00 1.000000e+00
    outer loop
      vertex   -1.135100e-01 -1.258076e-02 0.000000e+00
      vertex   -2.149000e-02 -1.258076e-02 0.000000e+00
      vertex   -1.128928e-01 -1.210718e-02 0.000000e+00
    endloop
  endfacet
  facet normal -0.000000e+00 0.000000e+00 1.000000e+00
    outer loop
      vertex   -1.128928e-01 -1.210718e-02 0.000000e+00
      vertex   -2.149000e-02 -1.258076e-02 0.000000e+00
      vertex   -2.210718e-02 -1.210718e-02 0.000000e+00
    endloop
  endfacet
  facet normal 0.000000e+00 0.000000e+00 1.000000e+00
    outer loop
      vertex   -1.128928e-01 -1.210718e-02 0.000000e+00
      vertex   -2.210718e-02 -1.210718e-02 0.000000e+00
      vertex   -1.124192e-01 -1.149000e-02 0.000000e+00
    endloop
  endfacet
  facet normal -0.000000e+00 0.000000e+00 1.000000e+00
    outer loop
      vertex   -1.124192e-01 -1.149000e-02 0.000000e+00
      vertex   -2.210718e-02 -1.210718e-02 0.000000e+00
      vertex   -2.258076e-02 -1.149000e-02 0.000000e+00
    endloop
  endfacet
  facet normal 0.000000e+00 0.000000e+00 1.000000e+00
    outer loop
      vertex   -1.124192e-01 -1.149000e-02 0.000000e+00
      vertex   -2.258076e-02 -1.149000e-02 0.000000e+00
      vertex   -1.121215e-01 -1.077128e-02 0.000000e+00
    endloop
  endfacet
  facet normal -0.000000e+00 0.000000e+00 1.000000e+00
    outer loop
      vertex   -1.121215e-01 -1.077128e-02 0.000000e+00
      vertex   -2.258076e-02 -1.149000e-02 0.000000e+00
      vertex   -2.287846e-02 -1.077128e-02 0.000000e+00
    endloop
  endfacet
  facet normal 0.000000e+00 0.000000e+00 1.000000e+00
    outer loop
      vertex   -1.121215e-01 -1.077128e-02 0.000000e+00
      vertex   -2.287846e-02 -1.077128e-02 0.000000e+00
      vertex   -1.120200e-01 -1.000000e-02 0.000000e+00
    endloop
  endfacet
  facet normal -0.000000e+00 0.000000e+00 1.000000e+00
    outer loop
      vertex   -1.120200e-01 -1.000000e-02 0.000000e+00
      vertex   -2.287846e-02 -1.077128e-02 0.000000e+00
      vertex   -2.298000e-02 -1.000000e-02 0.000000e+00
    endloop
  endfacet
  facet normal 0.000000e+00 -0.000000e+00 1.000000e+00
    outer loop
      vertex   -1.120200e-01 -1.000000e-02 0.000000e+00
      vertex   -2.298000e-02 -1.000000e-02 0.000000e+00
      vertex   -1.121215e-01 -9.228719e-03 0.000000e+00
    endloop
  endfacet
  facet normal -0.000000e+00 0.000000e+00 1.000000e+00
    outer loop
      vertex   -1.121215e-01 -9.228719e-03 0.000000e+00
      vertex   -2.298000e-02 -1.000000e-02 0.000000e+00
      vertex   -2.287846e-02 -9.228719e-03 0.000000e+00
    endloop
  endfacet
  facet normal 0.000000e+00 -0.000000e+00 1.000000e+00
    outer loop
      vertex   -1.121215e-01 -9.228719e-03 0.000000e+00
      vertex   -2.287846e-02 -9.228719e-03 0.000000e+00
      vertex   -1.124192e-01 -8.510000e-03 0.000000e+00
    endloop
  endfacet
  facet normal -0.000000e+00 0.000000e+00 1.000000e+00
    outer loop
      vertex   -1.124192e-01 -8.510000e-03 0.000000e+00
      vertex   -2.287846e-02 -9.228719e-03 0.000000e+00
      vertex   -2.258076e-02 -8.510000e-03 0.000000e+00
    endloop
  endfacet
  facet normal 0.000000e+00 -0.000000e+00 1.000000e+00
    outer loop
      vertex   -1.124192e-01 -8.510000e-03 0.000000e+00
      vertex   -2.258076e-02 -8.510000e-03 0.000000e+00
      vertex   -1.128928e-01 -7.892822e-03 0.000000e+00
    endloop
  endfacet
  facet normal -0.000000e+00 0.000000e+00 1.000000e+00
    outer loop
      vertex   -1.128928e-01 -7.892822e-03 0.000000e+00
      vertex   -2.258076e-02 -8.510000e-03 0.000000e+00
      vertex   -2.210718e-02 -7.892822e-03 0.000000e+00
    endloop
  endfacet
  facet normal 0.000000e+00 -0.000000e+00 1.000000e+00
    outer loop
      vertex   -1.128928e-01 -7.892822e-03 0.000000e+00
      vertex   -2.210718e-02 -7.892822e-03 0.000000e+00
      vertex   -1.135100e-01 -7.419244e-03 0.000000e+00
    endloop
  endfacet
  facet normal -0.000000e+00 0.000000e+00 1.000000e+00
    outer loop
      vertex   -1.135100e-01 -7.419244e-03 0.000000e+00
      vertex   -2.210718e-02 -7.892822e-03 0.000000e+00
      vertex   -2.149000e-02 -7.419244e-03 0.000000e+00
    endloop
  endfacet
  facet normal 0.000000e+00 -0.000000e+00 1.000000e+00
    outer loop
      vertex   -1.135100e-01 -7.419244e-03 0.000000e+00
      vertex   -2.149000e-02 -7.419244e-03 0.000000e+00
      vertex   -1.142287e-01 -7.121541e-03 0.000000e+00
    endloop
  endfacet
  facet normal -0.000000e+00 0.000000e+00 1.000000e+00
    outer loop
      vertex   -1.142287e-01 -7.121541e-03 0.000000e+00
      vertex   -2.149000e-02 -7.419244e-03 0.000000e+00
      vertex   -2.077128e-02 -7.121541e-03 0.000000e+00
    endloop
  endfacet
  facet normal 0.000000e+00 -0.000000e+00 1.000000e+00
    outer loop
      vertex   -1.142287e-01 -7.121541e-03 0.000000e+00
      vertex   -2.077128e-02 -7.121541e-03 0.000000e+00
      vertex   -1.150000e-01 -7.020000e-03 0.000000e+00
    endloop
  endfacet
  facet normal -0.000000e+00 0.000000e+00 1.000000e+00
    outer loop
      vertex   -1.150000e-01 -7.020000e-03 0.000000e+00
      vertex   -2.077128e-02 -7.121541e-03 0.000000e+00
      vertex   -2.000000e-02 -7.020000e-03 0.000000e+00
    endloop
  endfacet
  facet normal -0.000000e+00 0.000000e+00 1.000000e+00
    outer loop
      vertex   1.287846e-02 1.157713e-01 0.000000e+00
      vertex   1.298000e-02 1.150000e-01 0.000000e+00
      vertex   1.940000e-02 1.592000e-01 0.000000e+00
    endloop
  endfacet
  facet normal 9.914449e-01 -1.305262e-01 0.000000e+00
    outer loop
      vertex   2.000000e-02 -1.600000e-02 -5.000000e-03
      vertex   2.000000e-02 -1.600000e-02 -6.000000e-04
      vertex   1.986370e-02 -1.703528e-02 -5.000000e-03
    endloop
  endfacet
  facet normal 9.914449e-01 -1.305262e-01 0.000000e+00
    outer loop
      vertex   1.986370e-02 -1.703528e-02 -5.000000e-03
      vertex   2.000000e-02 -1.600000e-02 -6.000000e-04
      vertex   1.986370e-02 -1.703528e-02 -6.000000e-04
    endloop
  endfacet
  facet normal 9.238795e-01 -3.826834e-01 0.000000e+00
    outer loop
      vertex   1.986370e-02 -1.703528e-02 -5.000000e-03
      vertex   1.986370e-02 -1.703528e-02 -6.000000e-04
      vertex   1.946410e-02 -1.800000e-02 -5.000000e-03
    endloop
  endfacet
  facet normal 9.238795e-01 -3.826834e-01 0.000000e+00
    outer loop
      vertex   1.946410e-02 -1.800000e-02 -5.000000e-03
      vertex   1.986370e-02 -1.703528e-02 -6.000000e-04
      vertex   1.946410e-02 -1.800000e-02 -6.000000e-04
    endloop
  endfacet
  facet normal 7.933533e-01 -6.087614e-01 0.000000e+00
    outer loop
      vertex   1.946410e-02 -1.800000e-02 -5.000000e-03
      vertex   1.946410e-02 -1.800000e-02 -6.000000e-04
      vertex   1.882843e-02 -1.882843e-02 -5.000000e-03
    endloop
  endfacet
  facet normal 7.933533e-01 -6.087614e-01 0.000000e+00
    outer loop
      vertex   1.882843e-02 -1.882843e-02 -5.000000e-03
      vertex   1.946410e-02 -1.800000e-02 -6.000000e-04
      vertex   1.882843e-02 -1.882843e-02 -6.000000e-04
    endloop
  endfacet
  facet normal 6.087614e-01 -7.933533e-01 0.000000e+00
    outer loop
      vertex   1.882843e-02 -1.882843e-02 -5.000000e-03
      vertex   1.882843e-02 -1.882843e-02 -6.000000e-04
      vertex   1.800000e-02 -1.946410e-02 -5.000000e-03
    endloop
  endfacet
  facet normal 6.087614e-01 -7.933533e-01 0.000000e+00
    outer loop
      vertex   1.800000e-02 -1.946410e-02 -5.000000e-03
      vertex   1.882843e-02 -1.882843e-02 -6.000000e-04
      vertex   1.800000e-02 -1.946410e-02 -6.000000e-04
    endloop
  endfacet
  facet normal 3.826834e-01 -9.238795e-01 0.000000e+00
    outer loop
      vertex   1.800000e-02 -1.946410e-02 -5.000000e-03
      vertex   1.800000e-02 -1.946410e-02 -6.000000e-04
      vertex   1.703528e-02 -1.986370e-02 -5.000000e-03
    endloop
  endfacet
  facet normal 3.826834e-01 -9.238795e-01 0.000000e+00
    outer loop
      vertex   1.703528e-02 -1.986370e-02 -5.000000e-03
      vertex   1.800000e-02 -1.946410e-02 -6.000000e-04
      vertex   1.703528e-02 -1.986370e-02 -6.000000e-04
    endloop
  endfacet
  facet normal 1.305262e-01 -9.914449e-01 0.000000e+00
    outer loop
      vertex   1.703528e-02 -1.986370e-02 -5.000000e-03
      vertex   1.703528e-02 -1.986370e-02 -6.000000e-04
      vertex   1.600000e-02 -2.000000e-02 -5.000000e-03
    endloop
  endfacet
  facet normal 1.305262e-01 -9.914449e-01 0.000000e+00
    outer loop
      vertex   1.600000e-02 -2.000000e-02 -5.000000e-03
      vertex   1.703528e-02 -1.986370e-02 -6.000000e-04
      vertex   1.600000e-02 -2.000000e-02 -6.000000e-04
    endloop
  endfacet
  facet normal 1.305262e-01 9.914449e-01 -0.000000e+00
    outer loop
      vertex   1.920000e-02 1.600000e-01 -5.000000e-03
      vertex   1.920000e-02 1.600000e-01 -6.000000e-04
      vertex   1.940706e-02 1.599727e-01 -5.000000e-03
    endloop
  endfacet
  facet normal 1.305262e-01 9.914449e-01 -0.000000e+00
    outer loop
      vertex   1.940706e-02 1.599727e-01 -5.000000e-03
      vertex   1.920000e-02 1.600000e-01 -6.000000e-04
      vertex   1.940706e-02 1.599727e-01 -6.000000e-04
    endloop
  endfacet
  facet normal 3.826834e-01 9.238795e-01 -0.000000e+00
    outer loop
      vertex   1.940706e-02 1.599727e-01 -5.000000e-03
      vertex   1.940706e-02 1.599727e-01 -6.000000e-04
      vertex   1.960000e-02 1.598928e-01 -5.000000e-03
    endloop
  endfacet
  facet normal 3.826834e-01 9.238795e-01 -0.000000e+00
    outer loop
      vertex   1.960000e-02 1.598928e-01 -5.000000e-03
      vertex   1.940706e-02 1.599727e-01 -6.000000e-04
      vertex   1.960000e-02 1.598928e-01 -6.000000e-04
    endloop
  endfacet
  facet normal 6.087614e-01 7.933533e-01 -0.000000e+00
    outer loop
      vertex   1.960000e-02 1.598928e-01 -5.000000e-03
      vertex   1.960000e-02 1.598928e-01 -6.000000e-04
      vertex   1.976569e-02 1.597657e-01 -5.000000e-03
    endloop
  endfacet
  facet normal 6.087614e-01 7.933533e-01 -0.000000e+00
    outer loop
      vertex   1.976569e-02 1.597657e-01 -5.000000e-03
      vertex   1.960000e-02 1.598928e-01 -6.000000e-04
      vertex   1.976569e-02 1.597657e-01 -6.000000e-04
    endloop
  endfacet
  facet normal 7.933533e-01 6.087614e-01 -0.000000e+00
    outer loop
      vertex   1.976569e-02 1.597657e-01 -5.000000e-03
      vertex   1.976569e-02 1.597657e-01 -6.000000e-04
      vertex   1.989282e-02 1.596000e-01 -5.000000e-03
    endloop
  endfacet
  facet normal 7.933533e-01 6.087614e-01 -0.000000e+00
    outer loop
      vertex   1.989282e-02 1.596000e-01 -5.000000e-03
      vertex   1.976569e-02 1.597657e-01 -6.000000e-04
      vertex   1.989282e-02 1.596000e-01 -6.000000e-04
    endloop
  endfacet
  facet normal 9.238795e-01 3.826834e-01 -0.000000e+00
    outer loop
      vertex   1.989282e-02 1.596000e-01 -5.000000e-03
      vertex   1.989282e-02 1.596000e-01 -6.000000e-04
      vertex   1.997274e-02 1.594071e-01 -5.000000e-03
    endloop
  endfacet
  facet normal 9.238795e-01 3.826834e-01 -0.000000e+00
    outer loop
      vertex   1.997274e-02 1.594071e-01 -5.000000e-03
      vertex   1.989282e-02 1.596000e-01 -6.000000e-04
      vertex   1.997274e-02 1.594071e-01 -6.000000e-04
    endloop
  endfacet
  facet normal 9.914449e-01 1.305262e-01 -0.000000e+00
    outer loop
      vertex   1.997274e-02 1.594071e-01 -5.000000e-03
      vertex   1.997274e-02 1.594071e-01 -6.000000e-04
      vertex   2.000000e-02 1.592000e-01 -5.000000e-03
    endloop
  endfacet
  facet normal 9.914449e-01 1.305262e-01 -0.000000e+00
    outer loop
      vertex   2.000000e-02 1.592000e-01 -5.000000e-03
      vertex   1.997274e-02 1.594071e-01 -6.000000e-04
      vertex   2.000000e-02 1.592000e-01 -6.000000e-04
    endloop
  endfacet
  facet normal -9.914449e-01 1.305262e-01 0.000000e+00
    outer loop
      vertex   1.453169e-18 1.592000e-01 -5.000000e-03
      vertex   1.453169e-18 1.592000e-01 -6.000000e-04
      vertex   2.725934e-05 1.594071e-01 -5.000000e-03
    endloop
  endfacet
  facet normal -9.914449e-01 1.305262e-01 0.000000e+00
    outer loop
      vertex   2.725934e-05 1.594071e-01 -5.000000e-03
      vertex   1.453169e-18 1.592000e-01 -6.000000e-04
      vertex   2.725934e-05 1.594071e-01 -6.000000e-04
    endloop
  endfacet
  facet normal -9.238795e-01 3.826834e-01 0.000000e+00
    outer loop
      vertex   2.725934e-05 1.594071e-01 -5.000000e-03
      vertex   2.725934e-05 1.594071e-01 -6.000000e-04
      vertex   1.071797e-04 1.596000e-01 -5.000000e-03
    endloop
  endfacet
  facet normal -9.238795e-01 3.826834e-01 0.000000e+00
    outer loop
      vertex   1.071797e-04 1.596000e-01 -5.000000e-03
      vertex   2.725934e-05 1.594071e-01 -6.000000e-04
      vertex   1.071797e-04 1.596000e-01 -6.000000e-04
    endloop
  endfacet
  facet normal -7.933533e-01 6.087614e-01 0.000000e+00
    outer loop
      vertex   1.071797e-04 1.596000e-01 -5.000000e-03
      vertex   1.071797e-04 1.596000e-01 -6.000000e-04
      vertex   2.343146e-04 1.597657e-01 -5.000000e-03
    endloop
  endfacet
  facet normal -7.933533e-01 6.087614e-01 0.000000e+00
    outer loop
      vertex   2.343146e-04 1.597657e-01 -5.000000e-03
      vertex   1.071797e-04 1.596000e-01 -6.000000e-04
      vertex   2.343146e-04 1.597657e-01 -6.000000e-04
    endloop
  endfacet
  facet normal -6.087614e-01 7.933533e-01 0.000000e+00
    outer loop
      vertex   2.343146e-04 1.597657e-01 -5.000000e-03
      vertex   2.343146e-04 1.597657e-01 -6.000000e-04
      vertex   4.000000e-04 1.598928e-01 -5.000000e-03
    endloop
  endfacet
  facet normal -6.087614e-01 7.933533e-01 0.000000e+00
    outer loop
      vertex   4.000000e-04 1.598928e-01 -5.000000e-03
      vertex   2.343146e-04 1.597657e-01 -6.000000e-04
      vertex   4.000000e-04 1.598928e-01 -6.000000e-04
    endloop
  endfacet
  facet normal -3.826834e-01 9.238795e-01 0.000000e+00
    outer loop
      vertex   4.000000e-04 1.598928e-01 -5.000000e-03
      vertex   4.000000e-04 1.598928e-01 -6.000000e-04
      vertex   5.929448e-04 1.599727e-01 -5.000000e-03
    endloop
  endfacet
  facet normal -3.826834e-01 9.238795e-01 0.000000e+00
    outer loop
      vertex   5.929448e-04 1.599727e-01 -5.000000e-03
      vertex   4.000000e-04 1.598928e-01 -6.000000e-04
      vertex   5.929448e-04 1.599727e-01 -6.000000e-04
    endloop
  endfacet
  facet normal -1.305262e-01 9.914449e-01 0.000000e+00
    outer loop
      vertex   5.929448e-04 1.599727e-01 -5.000000e-03
      vertex   5.929448e-04 1.599727e-01 -6.000000e-04
      vertex   8.000000e-04 1.600000e-01 -5.000000e-03
    endloop
  endfacet
  facet normal -1.305262e-01 9.914449e-01 0.000000e+00
    outer loop
      vertex   8.000000e-04 1.600000e-01 -5.000000e-03
      vertex   5.929448e-04 1.599727e-01 -6.000000e-04
      vertex   8.000000e-04 1.600000e-01 -6.000000e-04
    endloop
  endfacet
  facet normal -9.914449e-01 1.305262e-01 0.000000e+00
    outer loop
      vertex   -1.600000e-01 -8.000000e-04 -5.000000e-03
      vertex   -1.600000e-01 -8.000000e-04 -6.000000e-04
      vertex   -1.599727e-01 -5.929448e-04 -5.000000e-03
    endloop
  endfacet
  facet normal -9.914449e-01 1.305262e-01 0.000000e+00
    outer loop
      vertex   -1.599727e-01 -5.929448e-04 -5.000000e-03
      vertex   -1.600000e-01 -8.000000e-04 -6.000000e-04
      vertex   -1.599727e-01 -5.929448e-04 -6.000000e-04
    endloop
  endfacet
  facet normal -9.238795e-01 3.826834e-01 0.000000e+00
    outer loop
      vertex   -1.599727e-01 -5.929448e-04 -5.000000e-03
      vertex   -1.599727e-01 -5.929448e-04 -6.000000e-04
      vertex   -1.598928e-01 -4.000000e-04 -5.000000e-03
    endloop
  endfacet
  facet normal -9.238795e-01 3.826834e-01 0.000000e+00
    outer loop
      vertex   -1.598928e-01 -4.000000e-04 -5.000000e-03
      vertex   -1.599727e-01 -5.929448e-04 -6.000000e-04
      vertex   -1.598928e-01 -4.000000e-04 -6.000000e-04
    endloop
  endfacet
  facet normal -7.933533e-01 6.087614e-01 0.000000e+00
    outer loop
      vertex   -1.598928e-01 -4.000000e-04 -5.000000e-03
      vertex   -1.598928e-01 -4.000000e-04 -6.000000e-04
      vertex   -1.597657e-01 -2.343146e-04 -5.000000e-03
    endloop
  endfacet
  facet normal -7.933533e-01 6.087614e-01 0.000000e+00
    outer loop
      vertex   -1.597657e-01 -2.343146e-04 -5.000000e-03
      vertex   -1.598928e-01 -4.000000e-04 -6.000000e-04
      vertex   -1.597657e-01 -2.343146e-04 -6.000000e-04
    endloop
  endfacet
  facet normal -6.087614e-01 7.933533e-01 0.000000e+00
    outer loop
      vertex   -1.597657e-01 -2.343146e-04 -5.000000e-03
      vertex   -1.597657e-01 -2.343146e-04 -6.000000e-04
      vertex   -1.596000e-01 -1.071797e-04 -5.000000e-03
    endloop
  endfacet
  facet normal -6.087614e-01 7.933533e-01 0.000000e+00
    outer loop
      vertex   -1.596000e-01 -1.071797e-04 -5.000000e-03
      vertex   -1.597657e-01 -2.343146e-04 -6.000000e-04
      vertex   -1.596000e-01 -1.071797e-04 -6.000000e-04
    endloop
  endfacet
  facet normal -3.826834e-01 9.238795e-01 0.000000e+00
    outer loop
      vertex   -1.596000e-01 -1.071797e-04 -5.000000e-03
      vertex   -1.596000e-01 -1.071797e-04 -6.000000e-04
      vertex   -1.594071e-01 -2.725934e-05 -5.000000e-03
    endloop
  endfacet
  facet normal -3.826834e-01 9.238795e-01 0.000000e+00
    outer loop
      vertex   -1.594071e-01 -2.725934e-05 -5.000000e-03
      vertex   -1.596000e-01 -1.071797e-04 -6.000000e-04
      vertex   -1.594071e-01 -2.725934e-05 -6.000000e-04
    endloop
  endfacet
  facet normal -1.305262e-01 9.914449e-01 0.000000e+00
    outer loop
      vertex   -1.594071e-01 -2.725934e-05 -5.000000e-03
      vertex   -1.594071e-01 -2.725934e-05 -6.000000e-04
      vertex   -1.592000e-01 -2.802259e-17 -5.000000e-03
    endloop
  endfacet
  facet normal -1.305262e-01 9.914449e-01 -2.443015e-17
    outer loop
      vertex   -1.592000e-01 -2.802259e-17 -5.000000e-03
      vertex   -1.594071e-01 -2.725934e-05 -6.000000e-04
      vertex   -1.592000e-01 -2.791417e-17 -6.000000e-04
    endloop
  endfacet
  facet normal -1.305262e-01 -9.914449e-01 0.000000e+00
    outer loop
      vertex   -1.592000e-01 -2.000000e-02 -5.000000e-03
      vertex   -1.592000e-01 -2.000000e-02 -6.000000e-04
      vertex   -1.594071e-01 -1.997274e-02 -5.000000e-03
    endloop
  endfacet
  facet normal -1.305262e-01 -9.914449e-01 0.000000e+00
    outer loop
      vertex   -1.594071e-01 -1.997274e-02 -5.000000e-03
      vertex   -1.592000e-01 -2.000000e-02 -6.000000e-04
      vertex   -1.594071e-01 -1.997274e-02 -6.000000e-04
    endloop
  endfacet
  facet normal -3.826834e-01 -9.238795e-01 0.000000e+00
    outer loop
      vertex   -1.594071e-01 -1.997274e-02 -5.000000e-03
      vertex   -1.594071e-01 -1.997274e-02 -6.000000e-04
      vertex   -1.596000e-01 -1.989282e-02 -5.000000e-03
    endloop
  endfacet
  facet normal -3.826834e-01 -9.238795e-01 0.000000e+00
    outer loop
      vertex   -1.596000e-01 -1.989282e-02 -5.000000e-03
      vertex   -1.594071e-01 -1.997274e-02 -6.000000e-04
      vertex   -1.596000e-01 -1.989282e-02 -6.000000e-04
    endloop
  endfacet
  facet normal -6.087614e-01 -7.933533e-01 0.000000e+00
    outer loop
      vertex   -1.596000e-01 -1.989282e-02 -5.000000e-03
      vertex   -1.596000e-01 -1.989282e-02 -6.000000e-04
      vertex   -1.597657e-01 -1.976569e-02 -5.000000e-03
    endloop
  endfacet
  facet normal -6.087614e-01 -7.933533e-01 0.000000e+00
    outer loop
      vertex   -1.597657e-01 -1.976569e-02 -5.000000e-03
      vertex   -1.596000e-01 -1.989282e-02 -6.000000e-04
      vertex   -1.597657e-01 -1.976569e-02 -6.000000e-04
    endloop
  endfacet
  facet normal -7.933533e-01 -6.087614e-01 0.000000e+00
    outer loop
      vertex   -1.597657e-01 -1.976569e-02 -5.000000e-03
      vertex   -1.597657e-01 -1.976569e-02 -6.000000e-04
      vertex   -1.598928e-01 -1.960000e-02 -5.000000e-03
    endloop
  endfacet
  facet normal -7.933533e-01 -6.087614e-01 0.000000e+00
    outer loop
      vertex   -1.598928e-01 -1.960000e-02 -5.000000e-03
      vertex   -1.597657e-01 -1.976569e-02 -6.000000e-04
      vertex   -1.598928e-01 -1.960000e-02 -6.000000e-04
    endloop
  endfacet
  facet normal -9.238795e-01 -3.826834e-01 0.000000e+00
    outer loop
      vertex   -1.598928e-01 -1.960000e-02 -5.000000e-03
      vertex   -1.598928e-01 -1.960000e-02 -6.000000e-04
      vertex   -1.599727e-01 -1.940706e-02 -5.000000e-03
    endloop
  endfacet
  facet normal -9.238795e-01 -3.826834e-01 0.000000e+00
    outer loop
      vertex   -1.599727e-01 -1.940706e-02 -5.000000e-03
      vertex   -1.598928e-01 -1.960000e-02 -6.000000e-04
      vertex   -1.599727e-01 -1.940706e-02 -6.000000e-04
    endloop
  endfacet
  facet normal -9.914449e-01 -1.305262e-01 0.000000e+00
    outer loop
      vertex   -1.599727e-01 -1.940706e-02 -5.000000e-03
      vertex   -1.599727e-01 -1.940706e-02 -6.000000e-04
      vertex   -1.600000e-01 -1.920000e-02 -5.000000e-03
    endloop
  endfacet
  facet normal -9.914449e-01 -1.305262e-01 0.000000e+00
    outer loop
      vertex   -1.600000e-01 -1.920000e-02 -5.000000e-03
      vertex   -1.599727e-01 -1.940706e-02 -6.000000e-04
      vertex   -1.600000e-01 -1.920000e-02 -6.000000e-04
    endloop
  endfacet
  facet normal -1.305262e-01 9.914449e-01 1.206566e-15
    outer loop
      vertex   -9.000000e-03 -1.584192e-18 -5.000000e-03
      vertex   -9.000000e-03 -6.938894e-18 -6.000000e-04
      vertex   -6.670629e-03 3.066676e-04 -5.000000e-03
    endloop
  endfacet
  facet normal -1.305262e-01 9.914449e-01 0.000000e+00
    outer loop
      vertex   -6.670629e-03 3.066676e-04 -5.000000e-03
      vertex   -9.000000e-03 -6.938894e-18 -6.000000e-04
      vertex   -6.670629e-03 3.066676e-04 -6.000000e-04
    endloop
  endfacet
  facet normal -3.826834e-01 9.238795e-01 0.000000e+00
    outer loop
      vertex   -6.670629e-03 3.066676e-04 -5.000000e-03
      vertex   -6.670629e-03 3.066676e-04 -6.000000e-04
      vertex   -4.500000e-03 1.205771e-03 -5.000000e-03
    endloop
  endfacet
  facet normal -3.826834e-01 9.238795e-01 0.000000e+00
    outer loop
      vertex   -4.500000e-03 1.205771e-03 -5.000000e-03
      vertex   -6.670629e-03 3.066676e-04 -6.000000e-04
      vertex   -4.500000e-03 1.205771e-03 -6.000000e-04
    endloop
  endfacet
  facet normal -6.087614e-01 7.933533e-01 0.000000e+00
    outer loop
      vertex   -4.500000e-03 1.205771e-03 -5.000000e-03
      vertex   -4.500000e-03 1.205771e-03 -6.000000e-04
      vertex   -2.636039e-03 2.636039e-03 -5.000000e-03
    endloop
  endfacet
  facet normal -6.087614e-01 7.933533e-01 0.000000e+00
    outer loop
      vertex   -2.636039e-03 2.636039e-03 -5.000000e-03
      vertex   -4.500000e-03 1.205771e-03 -6.000000e-04
      vertex   -2.636039e-03 2.636039e-03 -6.000000e-04
    endloop
  endfacet
  facet normal -7.933533e-01 6.087614e-01 0.000000e+00
    outer loop
      vertex   -2.636039e-03 2.636039e-03 -5.000000e-03
      vertex   -2.636039e-03 2.636039e-03 -6.000000e-04
      vertex   -1.205771e-03 4.500000e-03 -5.000000e-03
    endloop
  endfacet
  facet normal -7.933533e-01 6.087614e-01 0.000000e+00
    outer loop
      vertex   -1.205771e-03 4.500000e-03 -5.000000e-03
      vertex   -2.636039e-03 2.636039e-03 -6.000000e-04
      vertex   -1.205771e-03 4.500000e-03 -6.000000e-04
    endloop
  endfacet
  facet normal -9.238795e-01 3.826834e-01 0.000000e+00
    outer loop
      vertex   -1.205771e-03 4.500000e-03 -5.000000e-03
      vertex   -1.205771e-03 4.500000e-03 -6.000000e-04
      vertex   -3.066676e-04 6.670629e-03 -5.000000e-03
    endloop
  endfacet
  facet normal -9.238795e-01 3.826834e-01 0.000000e+00
    outer loop
      vertex   -3.066676e-04 6.670629e-03 -5.000000e-03
      vertex   -1.205771e-03 4.500000e-03 -6.000000e-04
      vertex   -3.066676e-04 6.670629e-03 -6.000000e-04
    endloop
  endfacet
  facet normal -9.914449e-01 1.305262e-01 0.000000e+00
    outer loop
      vertex   -3.066676e-04 6.670629e-03 -5.000000e-03
      vertex   -3.066676e-04 6.670629e-03 -6.000000e-04
      vertex   3.825663e-17 9.000000e-03 -5.000000e-03
    endloop
  endfacet
  facet normal -9.914449e-01 1.305262e-01 -2.443015e-17
    outer loop
      vertex   3.825663e-17 9.000000e-03 -5.000000e-03
      vertex   -3.066676e-04 6.670629e-03 -6.000000e-04
      vertex   3.814821e-17 9.000000e-03 -6.000000e-04
    endloop
  endfacet
  facet normal 0.000000e+00 -7.071068e-01 7.071068e-01
    outer loop
      vertex   1.600000e-02 -1.940000e-02 0.000000e+00
      vertex   -1.592000e-01 -1.940000e-02 0.000000e+00
      vertex   1.600000e-02 -2.000000e-02 -6.000000e-04
    endloop
  endfacet
  facet normal 0.000000e+00 -7.071068e-01 7.071068e-01
    outer loop
      vertex   1.600000e-02 -2.000000e-02 -6.000000e-04
      vertex   -1.592000e-01 -1.940000e-02 0.000000e+00
      vertex   -1.592000e-01 -2.000000e-02 -6.000000e-04
    endloop
  endfacet
  facet normal -9.269160e-02 -7.040626e-01 7.040626e-01
    outer loop
      vertex   -1.592000e-01 -2.000000e-02 -6.000000e-04
      vertex   -1.592000e-01 -1.940000e-02 0.000000e+00
      vertex   -1.594071e-01 -1.997274e-02 -6.000000e-04
    endloop
  endfacet
  facet normal -9.269160e-02 -7.040626e-01 7.040626e-01
    outer loop
      vertex   -1.594071e-01 -1.997274e-02 -6.000000e-04
      vertex   -1.592000e-01 -1.940000e-02 0.000000e+00
      vertex   -1.592518e-01 -1.939319e-02 0.000000e+00
    endloop
  endfacet
  facet normal -2.717580e-01 -6.560819e-01 7.040626e-01
    outer loop
      vertex   -1.594071e-01 -1.997274e-02 -6.000000e-04
      vertex   -1.592518e-01 -1.939319e-02 0.000000e+00
      vertex   -1.596000e-01 -1.989282e-02 -6.000000e-04
    endloop
  endfacet
  facet normal -2.717580e-01 -6.560819e-01 7.040626e-01
    outer loop
      vertex   -1.596000e-01 -1.989282e-02 -6.000000e-04
      vertex   -1.592518e-01 -1.939319e-02 0.000000e+00
      vertex   -1.593000e-01 -1.937321e-02 0.000000e+00
    endloop
  endfacet
  facet normal -4.323046e-01 -5.633903e-01 7.040626e-01
    outer loop
      vertex   -1.596000e-01 -1.989282e-02 -6.000000e-04
      vertex   -1.593000e-01 -1.937321e-02 0.000000e+00
      vertex   -1.597657e-01 -1.976569e-02 -6.000000e-04
    endloop
  endfacet
  facet normal -4.323046e-01 -5.633903e-01 7.040626e-01
    outer loop
      vertex   -1.597657e-01 -1.976569e-02 -6.000000e-04
      vertex   -1.593000e-01 -1.937321e-02 0.000000e+00
      vertex   -1.593414e-01 -1.934142e-02 0.000000e+00
    endloop
  endfacet
  facet normal -5.633903e-01 -4.323046e-01 7.040626e-01
    outer loop
      vertex   -1.597657e-01 -1.976569e-02 -6.000000e-04
      vertex   -1.593414e-01 -1.934142e-02 0.000000e+00
      vertex   -1.598928e-01 -1.960000e-02 -6.000000e-04
    endloop
  endfacet
  facet normal -5.633903e-01 -4.323046e-01 7.040626e-01
    outer loop
      vertex   -1.598928e-01 -1.960000e-02 -6.000000e-04
      vertex   -1.593414e-01 -1.934142e-02 0.000000e+00
      vertex   -1.593732e-01 -1.930000e-02 0.000000e+00
    endloop
  endfacet
  facet normal -6.560819e-01 -2.717580e-01 7.040626e-01
    outer loop
      vertex   -1.598928e-01 -1.960000e-02 -6.000000e-04
      vertex   -1.593732e-01 -1.930000e-02 0.000000e+00
      vertex   -1.599727e-01 -1.940706e-02 -6.000000e-04
    endloop
  endfacet
  facet normal -6.560819e-01 -2.717580e-01 7.040626e-01
    outer loop
      vertex   -1.599727e-01 -1.940706e-02 -6.000000e-04
      vertex   -1.593732e-01 -1.930000e-02 0.000000e+00
      vertex   -1.593932e-01 -1.925176e-02 0.000000e+00
    endloop
  endfacet
  facet normal -7.040626e-01 -9.269160e-02 7.040626e-01
    outer loop
      vertex   -1.599727e-01 -1.940706e-02 -6.000000e-04
      vertex   -1.593932e-01 -1.925176e-02 0.000000e+00
      vertex   -1.600000e-01 -1.920000e-02 -6.000000e-04
    endloop
  endfacet
  facet normal -7.040626e-01 -9.269160e-02 7.040626e-01
    outer loop
      vertex   -1.600000e-01 -1.920000e-02 -6.000000e-04
      vertex   -1.593932e-01 -1.925176e-02 0.000000e+00
      vertex   -1.594000e-01 -1.920000e-02 0.000000e+00
    endloop
  endfacet
  facet normal 9.269160e-02 -7.040626e-01 7.040626e-01
    outer loop
      vertex   1.600000e-02 -1.940000e-02 0.000000e+00
      vertex   1.600000e-02 -2.000000e-02 -6.000000e-04
      vertex   1.687998e-02 -1.928415e-02 0.000000e+00
    endloop
  endfacet
  facet normal 9.269160e-02 -7.040626e-01 7.040626e-01
    outer loop
      vertex   1.687998e-02 -1.928415e-02 0.000000e+00
      vertex   1.600000e-02 -2.000000e-02 -6.000000e-04
      vertex   1.703528e-02 -1.986370e-02 -6.000000e-04
    endloop
  endfacet
  facet normal 2.717580e-01 -6.560819e-01 7.040626e-01
    outer loop
      vertex   1.687998e-02 -1.928415e-02 0.000000e+00
      vertex   1.703528e-02 -1.986370e-02 -6.000000e-04
      vertex   1.770000e-02 -1.894449e-02 0.000000e+00
    endloop
  endfacet
  facet normal 2.717580e-01 -6.560819e-01 7.040626e-01
    outer loop
      vertex   1.770000e-02 -1.894449e-02 0.000000e+00
      vertex   1.703528e-02 -1.986370e-02 -6.000000e-04
      vertex   1.800000e-02 -1.946410e-02 -6.000000e-04
    endloop
  endfacet
  facet normal 4.323046e-01 -5.633903e-01 7.040626e-01
    outer loop
      vertex   1.770000e-02 -1.894449e-02 0.000000e+00
      vertex   1.800000e-02 -1.946410e-02 -6.000000e-04
      vertex   1.840416e-02 -1.840416e-02 0.000000e+00
    endloop
  endfacet
  facet normal 4.323046e-01 -5.633903e-01 7.040626e-01
    outer loop
      vertex   1.840416e-02 -1.840416e-02 0.000000e+00
      vertex   1.800000e-02 -1.946410e-02 -6.000000e-04
      vertex   1.882843e-02 -1.882843e-02 -6.000000e-04
    endloop
  endfacet
  facet normal 5.633903e-01 -4.323046e-01 7.040626e-01
    outer loop
      vertex   1.840416e-02 -1.840416e-02 0.000000e+00
      vertex   1.882843e-02 -1.882843e-02 -6.000000e-04
      vertex   1.894449e-02 -1.770000e-02 0.000000e+00
    endloop
  endfacet
  facet normal 5.633903e-01 -4.323046e-01 7.040626e-01
    outer loop
      vertex   1.894449e-02 -1.770000e-02 0.000000e+00
      vertex   1.882843e-02 -1.882843e-02 -6.000000e-04
      vertex   1.946410e-02 -1.800000e-02 -6.000000e-04
    endloop
  endfacet
  facet normal 6.560819e-01 -2.717580e-01 7.040626e-01
    outer loop
      vertex   1.894449e-02 -1.770000e-02 0.000000e+00
      vertex   1.946410e-02 -1.800000e-02 -6.000000e-04
      vertex   1.928415e-02 -1.687998e-02 0.000000e+00
    endloop
  endfacet
  facet normal 6.560819e-01 -2.717580e-01 7.040626e-01
    outer loop
      vertex   1.928415e-02 -1.687998e-02 0.000000e+00
      vertex   1.946410e-02 -1.800000e-02 -6.000000e-04
      vertex   1.986370e-02 -1.703528e-02 -6.000000e-04
    endloop
  endfacet
  facet normal 7.040626e-01 -9.269160e-02 7.040626e-01
    outer loop
      vertex   1.928415e-02 -1.687998e-02 0.000000e+00
      vertex   1.986370e-02 -1.703528e-02 -6.000000e-04
      vertex   1.940000e-02 -1.600000e-02 0.000000e+00
    endloop
  endfacet
  facet normal 7.040626e-01 -9.269160e-02 7.040626e-01
    outer loop
      vertex   1.940000e-02 -1.600000e-02 0.000000e+00
      vertex   1.986370e-02 -1.703528e-02 -6.000000e-04
      vertex   2.000000e-02 -1.600000e-02 -6.000000e-04
    endloop
  endfacet
  facet normal -7.071068e-01 0.000000e+00 7.071068e-01
    outer loop
      vertex   -1.600000e-01 -5.500000e-03 -6.000000e-04
      vertex   -1.600000e-01 -1.920000e-02 -6.000000e-04
      vertex   -1.594000e-01 -5.500000e-03 -1.626303e-19
    endloop
  endfacet
  facet normal -7.071068e-01 8.393942e-18 7.071068e-01
    outer loop
      vertex   -1.594000e-01 -5.500000e-03 -1.626303e-19
      vertex   -1.600000e-01 -1.920000e-02 -6.000000e-04
      vertex   -1.594000e-01 -1.920000e-02 0.000000e+00
    endloop
  endfacet
  facet normal 7.071068e-01 -0.000000e+00 7.071068e-01
    outer loop
      vertex   2.000000e-02 -1.600000e-02 -6.000000e-04
      vertex   2.000000e-02 1.592000e-01 -6.000000e-04
      vertex   1.940000e-02 -1.600000e-02 0.000000e+00
    endloop
  endfacet
  facet normal 7.071068e-01 -0.000000e+00 7.071068e-01
    outer loop
      vertex   1.940000e-02 -1.600000e-02 0.000000e+00
      vertex   2.000000e-02 1.592000e-01 -6.000000e-04
      vertex   1.940000e-02 1.592000e-01 0.000000e+00
    endloop
  endfacet
  facet normal 7.040626e-01 9.269160e-02 7.040626e-01
    outer loop
      vertex   1.940000e-02 1.592000e-01 0.000000e+00
      vertex   2.000000e-02 1.592000e-01 -6.000000e-04
      vertex   1.939319e-02 1.592518e-01 0.000000e+00
    endloop
  endfacet
  facet normal 7.040626e-01 9.269160e-02 7.040626e-01
    outer loop
      vertex   1.939319e-02 1.592518e-01 0.000000e+00
      vertex   2.000000e-02 1.592000e-01 -6.000000e-04
      vertex   1.997274e-02 1.594071e-01 -6.000000e-04
    endloop
  endfacet
  facet normal 6.560819e-01 2.717580e-01 7.040626e-01
    outer loop
      vertex   1.939319e-02 1.592518e-01 0.000000e+00
      vertex   1.997274e-02 1.594071e-01 -6.000000e-04
      vertex   1.937321e-02 1.593000e-01 0.000000e+00
    endloop
  endfacet
  facet normal 6.560819e-01 2.717580e-01 7.040626e-01
    outer loop
      vertex   1.937321e-02 1.593000e-01 0.000000e+00
      vertex   1.997274e-02 1.594071e-01 -6.000000e-04
      vertex   1.989282e-02 1.596000e-01 -6.000000e-04
    endloop
  endfacet
  facet normal 5.633903e-01 4.323046e-01 7.040626e-01
    outer loop
      vertex   1.937321e-02 1.593000e-01 0.000000e+00
      vertex   1.989282e-02 1.596000e-01 -6.000000e-04
      vertex   1.934142e-02 1.593414e-01 0.000000e+00
    endloop
  endfacet
  facet normal 5.633903e-01 4.323046e-01 7.040626e-01
    outer loop
      vertex   1.934142e-02 1.593414e-01 0.000000e+00
      vertex   1.989282e-02 1.596000e-01 -6.000000e-04
      vertex   1.976569e-02 1.597657e-01 -6.000000e-04
    endloop
  endfacet
  facet normal 4.323046e-01 5.633903e-01 7.040626e-01
    outer loop
      vertex   1.934142e-02 1.593414e-01 0.000000e+00
      vertex   1.976569e-02 1.597657e-01 -6.000000e-04
      vertex   1.930000e-02 1.593732e-01 0.000000e+00
    endloop
  endfacet
  facet normal 4.323046e-01 5.633903e-01 7.040626e-01
    outer loop
      vertex   1.930000e-02 1.593732e-01 0.000000e+00
      vertex   1.976569e-02 1.597657e-01 -6.000000e-04
      vertex   1.960000e-02 1.598928e-01 -6.000000e-04
    endloop
  endfacet
  facet normal 2.717580e-01 6.560819e-01 7.040626e-01
    outer loop
      vertex   1.930000e-02 1.593732e-01 0.000000e+00
      vertex   1.960000e-02 1.598928e-01 -6.000000e-04
      vertex   1.925176e-02 1.593932e-01 0.000000e+00
    endloop
  endfacet
  facet normal 2.717580e-01 6.560819e-01 7.040626e-01
    outer loop
      vertex   1.925176e-02 1.593932e-01 0.000000e+00
      vertex   1.960000e-02 1.598928e-01 -6.000000e-04
      vertex   1.940706e-02 1.599727e-01 -6.000000e-04
    endloop
  endfacet
  facet normal 9.269160e-02 7.040626e-01 7.040626e-01
    outer loop
      vertex   1.925176e-02 1.593932e-01 0.000000e+00
      vertex   1.940706e-02 1.599727e-01 -6.000000e-04
      vertex   1.920000e-02 1.594000e-01 0.000000e+00
    endloop
  endfacet
  facet normal 9.269160e-02 7.040626e-01 7.040626e-01
    outer loop
      vertex   1.920000e-02 1.594000e-01 0.000000e+00
      vertex   1.940706e-02 1.599727e-01 -6.000000e-04
      vertex   1.920000e-02 1.600000e-01 -6.000000e-04
    endloop
  endfacet
  facet normal -0.000000e+00 7.071068e-01 7.071068e-01
    outer loop
      vertex   5.500000e-03 1.594000e-01 0.000000e+00
      vertex   1.920000e-02 1.594000e-01 0.000000e+00
      vertex   5.500000e-03 1.600000e-01 -6.000000e-04
    endloop
  endfacet
  facet normal -0.000000e+00 7.071068e-01 7.071068e-01
    outer loop
      vertex   5.500000e-03 1.600000e-01 -6.000000e-04
      vertex   1.920000e-02 1.594000e-01 0.000000e+00
      vertex   1.920000e-02 1.600000e-01 -6.000000e-04
    endloop
  endfacet
  facet normal 6.114508e-01 7.912824e-01 3.484328e-04
    outer loop
      vertex   7.886700e-03 1.789896e-02 -3.200000e-03
      vertex   7.892822e-03 1.789282e-02 0.000000e+00
      vertex   8.500000e-03 1.742504e-02 -3.200000e-03
    endloop
  endfacet
  facet normal 6.087614e-01 7.933533e-01 -4.645770e-04
    outer loop
      vertex   8.500000e-03 1.742504e-02 -3.200000e-03
      vertex   7.892822e-03 1.789282e-02 0.000000e+00
      vertex   8.510000e-03 1.741924e-02 0.000000e+00
    endloop
  endfacet
  facet normal 5.016788e-01 8.650540e-01 0.000000e+00
    outer loop
      vertex   8.500000e-03 1.742504e-02 -3.200000e-03
      vertex   8.510000e-03 1.741924e-02 0.000000e+00
      vertex   8.500000e-03 1.742504e-02 -3.400000e-03
    endloop
  endfacet
  facet normal 4.095697e-01 9.122788e-01 3.514606e-04
    outer loop
      vertex   8.500000e-03 1.742504e-02 -3.400000e-03
      vertex   8.510000e-03 1.741924e-02 0.000000e+00
      vertex   9.072535e-03 1.716800e-02 -3.400000e-03
    endloop
  endfacet
  facet normal 3.826787e-01 9.238682e-01 -4.954090e-03
    outer loop
      vertex   9.072535e-03 1.716800e-02 -3.400000e-03
      vertex   8.510000e-03 1.741924e-02 0.000000e+00
      vertex   9.228719e-03 1.712154e-02 0.000000e+00
    endloop
  endfacet
  facet normal 2.094277e-01 9.778170e-01 3.741664e-03
    outer loop
      vertex   9.072535e-03 1.716800e-02 -3.400000e-03
      vertex   9.228719e-03 1.712154e-02 0.000000e+00
      vertex   9.686206e-03 1.703657e-02 -3.400000e-03
    endloop
  endfacet
  facet normal 1.305228e-01 9.914191e-01 -7.215332e-03
    outer loop
      vertex   9.686206e-03 1.703657e-02 -3.400000e-03
      vertex   9.228719e-03 1.712154e-02 0.000000e+00
      vertex   1.000000e-02 1.702000e-02 0.000000e+00
    endloop
  endfacet
  facet normal -0.000000e+00 9.999881e-01 4.872681e-03
    outer loop
      vertex   9.686206e-03 1.703657e-02 -3.400000e-03
      vertex   1.000000e-02 1.702000e-02 0.000000e+00
      vertex   1.031379e-02 1.703657e-02 -3.400000e-03
    endloop
  endfacet
  facet normal -1.305228e-01 9.914191e-01 -7.215332e-03
    outer loop
      vertex   1.031379e-02 1.703657e-02 -3.400000e-03
      vertex   1.000000e-02 1.702000e-02 0.000000e+00
      vertex   1.077128e-02 1.712154e-02 0.000000e+00
    endloop
  endfacet
  facet normal -2.094277e-01 9.778170e-01 3.741664e-03
    outer loop
      vertex   1.031379e-02 1.703657e-02 -3.400000e-03
      vertex   1.077128e-02 1.712154e-02 0.000000e+00
      vertex   1.092746e-02 1.716800e-02 -3.400000e-03
    endloop
  endfacet
  facet normal -3.826787e-01 9.238682e-01 -4.954090e-03
    outer loop
      vertex   1.092746e-02 1.716800e-02 -3.400000e-03
      vertex   1.077128e-02 1.712154e-02 0.000000e+00
      vertex   1.149000e-02 1.741924e-02 0.000000e+00
    endloop
  endfacet
  facet normal -4.095697e-01 9.122788e-01 3.514606e-04
    outer loop
      vertex   1.092746e-02 1.716800e-02 -3.400000e-03
      vertex   1.149000e-02 1.741924e-02 0.000000e+00
      vertex   1.150000e-02 1.742504e-02 -3.400000e-03
    endloop
  endfacet
  facet normal -5.016788e-01 8.650540e-01 0.000000e+00
    outer loop
      vertex   1.150000e-02 1.742504e-02 -3.400000e-03
      vertex   1.149000e-02 1.741924e-02 0.000000e+00
      vertex   1.150000e-02 1.742504e-02 -3.200000e-03
    endloop
  endfacet
  facet normal -6.087614e-01 7.933533e-01 -4.645770e-04
    outer loop
      vertex   1.150000e-02 1.742504e-02 -3.200000e-03
      vertex   1.149000e-02 1.741924e-02 0.000000e+00
      vertex   1.210718e-02 1.789282e-02 0.000000e+00
    endloop
  endfacet
  facet normal -6.114508e-01 7.912824e-01 3.484328e-04
    outer loop
      vertex   1.150000e-02 1.742504e-02 -3.200000e-03
      vertex   1.210718e-02 1.789282e-02 0.000000e+00
      vertex   1.211330e-02 1.789896e-02 -3.200000e-03
    endloop
  endfacet
  facet normal -7.933533e-01 6.087614e-01 -3.497357e-04
    outer loop
      vertex   1.211330e-02 1.789896e-02 -3.200000e-03
      vertex   1.210718e-02 1.789282e-02 0.000000e+00
      vertex   1.258076e-02 1.851000e-02 0.000000e+00
    endloop
  endfacet
  facet normal -7.948269e-01 6.068361e-01 2.331572e-04
    outer loop
      vertex   1.211330e-02 1.789896e-02 -3.200000e-03
      vertex   1.258076e-02 1.851000e-02 0.000000e+00
      vertex   1.258364e-02 1.851501e-02 -3.200000e-03
    endloop
  endfacet
  facet normal -9.238795e-01 3.826834e-01 -2.340257e-04
    outer loop
      vertex   1.258364e-02 1.851501e-02 -3.200000e-03
      vertex   1.258076e-02 1.851000e-02 0.000000e+00
      vertex   1.287846e-02 1.922872e-02 0.000000e+00
    endloop
  endfacet
  facet normal -9.244352e-01 3.813391e-01 1.170128e-04
    outer loop
      vertex   1.258364e-02 1.851501e-02 -3.200000e-03
      vertex   1.287846e-02 1.922872e-02 0.000000e+00
      vertex   1.287921e-02 1.923151e-02 -3.200000e-03
    endloop
  endfacet
  facet normal -9.914449e-01 1.305262e-01 -1.174471e-04
    outer loop
      vertex   1.287921e-02 1.923151e-02 -3.200000e-03
      vertex   1.287846e-02 1.922872e-02 0.000000e+00
      vertex   1.298000e-02 2.000000e-02 0.000000e+00
    endloop
  endfacet
  facet normal -9.915080e-01 1.300454e-01 0.000000e+00
    outer loop
      vertex   1.287921e-02 1.923151e-02 -3.200000e-03
      vertex   1.298000e-02 2.000000e-02 0.000000e+00
      vertex   1.298000e-02 2.000000e-02 -3.200000e-03
    endloop
  endfacet
  facet normal -9.915080e-01 -1.300454e-01 0.000000e+00
    outer loop
      vertex   1.298000e-02 2.000000e-02 -3.200000e-03
      vertex   1.298000e-02 2.000000e-02 0.000000e+00
      vertex   1.287921e-02 2.076849e-02 -3.200000e-03
    endloop
  endfacet
  facet normal -9.914449e-01 -1.305262e-01 -1.174471e-04
    outer loop
      vertex   1.287921e-02 2.076849e-02 -3.200000e-03
      vertex   1.298000e-02 2.000000e-02 0.000000e+00
      vertex   1.287846e-02 2.077128e-02 0.000000e+00
    endloop
  endfacet
  facet normal -9.244352e-01 -3.813391e-01 1.170128e-04
    outer loop
      vertex   1.287921e-02 2.076849e-02 -3.200000e-03
      vertex   1.287846e-02 2.077128e-02 0.000000e+00
      vertex   1.258364e-02 2.148499e-02 -3.200000e-03
    endloop
  endfacet
  facet normal -9.238795e-01 -3.826834e-01 -2.340257e-04
    outer loop
      vertex   1.258364e-02 2.148499e-02 -3.200000e-03
      vertex   1.287846e-02 2.077128e-02 0.000000e+00
      vertex   1.258076e-02 2.149000e-02 0.000000e+00
    endloop
  endfacet
  facet normal -7.948269e-01 -6.068361e-01 2.331572e-04
    outer loop
      vertex   1.258364e-02 2.148499e-02 -3.200000e-03
      vertex   1.258076e-02 2.149000e-02 0.000000e+00
      vertex   1.211330e-02 2.210104e-02 -3.200000e-03
    endloop
  endfacet
  facet normal -7.933533e-01 -6.087614e-01 -3.497357e-04
    outer loop
      vertex   1.211330e-02 2.210104e-02 -3.200000e-03
      vertex   1.258076e-02 2.149000e-02 0.000000e+00
      vertex   1.210718e-02 2.210718e-02 0.000000e+00
    endloop
  endfacet
  facet normal -6.114508e-01 -7.912824e-01 3.484328e-04
    outer loop
      vertex   1.211330e-02 2.210104e-02 -3.200000e-03
      vertex   1.210718e-02 2.210718e-02 0.000000e+00
      vertex   1.150000e-02 2.257496e-02 -3.200000e-03
    endloop
  endfacet
  facet normal -6.087614e-01 -7.933533e-01 -4.645770e-04
    outer loop
      vertex   1.150000e-02 2.257496e-02 -3.200000e-03
      vertex   1.210718e-02 2.210718e-02 0.000000e+00
      vertex   1.149000e-02 2.258076e-02 0.000000e+00
    endloop
  endfacet
  facet normal -5.016788e-01 -8.650540e-01 -0.000000e+00
    outer loop
      vertex   1.150000e-02 2.257496e-02 -3.200000e-03
      vertex   1.149000e-02 2.258076e-02 0.000000e+00
      vertex   1.150000e-02 2.257496e-02 -3.400000e-03
    endloop
  endfacet
  facet normal -4.095697e-01 -9.122788e-01 3.514606e-04
    outer loop
      vertex   1.150000e-02 2.257496e-02 -3.400000e-03
      vertex   1.149000e-02 2.258076e-02 0.000000e+00
      vertex   1.092746e-02 2.283200e-02 -3.400000e-03
    endloop
  endfacet
  facet normal -3.826787e-01 -9.238682e-01 -4.954090e-03
    outer loop
      vertex   1.092746e-02 2.283200e-02 -3.400000e-03
      vertex   1.149000e-02 2.258076e-02 0.000000e+00
      vertex   1.077128e-02 2.287846e-02 0.000000e+00
    endloop
  endfacet
  facet normal -2.094277e-01 -9.778170e-01 3.741664e-03
    outer loop
      vertex   1.092746e-02 2.283200e-02 -3.400000e-03
      vertex   1.077128e-02 2.287846e-02 0.000000e+00
      vertex   1.031379e-02 2.296343e-02 -3.400000e-03
    endloop
  endfacet
  facet normal -1.305228e-01 -9.914191e-01 -7.215332e-03
    outer loop
      vertex   1.031379e-02 2.296343e-02 -3.400000e-03
      vertex   1.077128e-02 2.287846e-02 0.000000e+00
      vertex   1.000000e-02 2.298000e-02 0.000000e+00
    endloop
  endfacet
  facet normal 0.000000e+00 -9.999881e-01 4.872681e-03
    outer loop
      vertex   1.031379e-02 2.296343e-02 -3.400000e-03
      vertex   1.000000e-02 2.298000e-02 0.000000e+00
      vertex   9.686206e-03 2.296343e-02 -3.400000e-03
    endloop
  endfacet
  facet normal 1.305228e-01 -9.914191e-01 -7.215332e-03
    outer loop
      vertex   9.686206e-03 2.296343e-02 -3.400000e-03
      vertex   1.000000e-02 2.298000e-02 0.000000e+00
      vertex   9.228719e-03 2.287846e-02 0.000000e+00
    endloop
  endfacet
  facet normal 2.094277e-01 -9.778170e-01 3.741664e-03
    outer loop
      vertex   9.686206e-03 2.296343e-02 -3.400000e-03
      vertex   9.228719e-03 2.287846e-02 0.000000e+00
      vertex   9.072535e-03 2.283200e-02 -3.400000e-03
    endloop
  endfacet
  facet normal 3.826787e-01 -9.238682e-01 -4.954090e-03
    outer loop
      vertex   9.072535e-03 2.283200e-02 -3.400000e-03
      vertex   9.228719e-03 2.287846e-02 0.000000e+00
      vertex   8.510000e-03 2.258076e-02 0.000000e+00
    endloop
  endfacet
  facet normal 4.095697e-01 -9.122788e-01 3.514606e-04
    outer loop
      vertex   9.072535e-03 2.283200e-02 -3.400000e-03
      vertex   8.510000e-03 2.258076e-02 0.000000e+00
      vertex   8.500000e-03 2.257496e-02 -3.400000e-03
    endloop
  endfacet
  facet normal 5.016788e-01 -8.650540e-01 0.000000e+00
    outer loop
      vertex   8.500000e-03 2.257496e-02 -3.400000e-03
      vertex   8.510000e-03 2.258076e-02 0.000000e+00
      vertex   8.500000e-03 2.257496e-02 -3.200000e-03
    endloop
  endfacet
  facet normal 6.087614e-01 -7.933533e-01 -4.645770e-04
    outer loop
      vertex   8.500000e-03 2.257496e-02 -3.200000e-03
      vertex   8.510000e-03 2.258076e-02 0.000000e+00
      vertex   7.892822e-03 2.210718e-02 0.000000e+00
    endloop
  endfacet
  facet normal 6.114508e-01 -7.912824e-01 3.484328e-04
    outer loop
      vertex   8.500000e-03 2.257496e-02 -3.200000e-03
      vertex   7.892822e-03 2.210718e-02 0.000000e+00
      vertex   7.886700e-03 2.210104e-02 -3.200000e-03
    endloop
  endfacet
  facet normal 7.933533e-01 -6.087614e-01 -3.497357e-04
    outer loop
      vertex   7.886700e-03 2.210104e-02 -3.200000e-03
      vertex   7.892822e-03 2.210718e-02 0.000000e+00
      vertex   7.419244e-03 2.149000e-02 0.000000e+00
    endloop
  endfacet
  facet normal 7.948269e-01 -6.068361e-01 2.331572e-04
    outer loop
      vertex   7.886700e-03 2.210104e-02 -3.200000e-03
      vertex   7.419244e-03 2.149000e-02 0.000000e+00
      vertex   7.416359e-03 2.148499e-02 -3.200000e-03
    endloop
  endfacet
  facet normal 9.238795e-01 -3.826834e-01 -2.340257e-04
    outer loop
      vertex   7.416359e-03 2.148499e-02 -3.200000e-03
      vertex   7.419244e-03 2.149000e-02 0.000000e+00
      vertex   7.121541e-03 2.077128e-02 0.000000e+00
    endloop
  endfacet
  facet normal 9.244352e-01 -3.813391e-01 1.170128e-04
    outer loop
      vertex   7.416359e-03 2.148499e-02 -3.200000e-03
      vertex   7.121541e-03 2.077128e-02 0.000000e+00
      vertex   7.120794e-03 2.076849e-02 -3.200000e-03
    endloop
  endfacet
  facet normal 9.914449e-01 -1.305262e-01 -1.174471e-04
    outer loop
      vertex   7.120794e-03 2.076849e-02 -3.200000e-03
      vertex   7.121541e-03 2.077128e-02 0.000000e+00
      vertex   7.020000e-03 2.000000e-02 0.000000e+00
    endloop
  endfacet
  facet normal 9.915080e-01 -1.300454e-01 0.000000e+00
    outer loop
      vertex   7.120794e-03 2.076849e-02 -3.200000e-03
      vertex   7.020000e-03 2.000000e-02 0.000000e+00
      vertex   7.020000e-03 2.000000e-02 -3.200000e-03
    endloop
  endfacet
  facet normal 9.915080e-01 1.300454e-01 -0.000000e+00
    outer loop
      vertex   7.020000e-03 2.000000e-02 -3.200000e-03
      vertex   7.020000e-03 2.000000e-02 0.000000e+00
      vertex   7.120794e-03 1.923151e-02 -3.200000e-03
    endloop
  endfacet
  facet normal 9.914449e-01 1.305262e-01 -1.174471e-04
    outer loop
      vertex   7.120794e-03 1.923151e-02 -3.200000e-03
      vertex   7.020000e-03 2.000000e-02 0.000000e+00
      vertex   7.121541e-03 1.922872e-02 0.000000e+00
    endloop
  endfacet
  facet normal 9.244352e-01 3.813391e-01 1.170128e-04
    outer loop
      vertex   7.120794e-03 1.923151e-02 -3.200000e-03
      vertex   7.121541e-03 1.922872e-02 0.000000e+00
      vertex   7.416359e-03 1.851501e-02 -3.200000e-03
    endloop
  endfacet
  facet normal 9.238795e-01 3.826834e-01 -2.340257e-04
    outer loop
      vertex   7.416359e-03 1.851501e-02 -3.200000e-03
      vertex   7.121541e-03 1.922872e-02 0.000000e+00
      vertex   7.419244e-03 1.851000e-02 0.000000e+00
    endloop
  endfacet
  facet normal 7.948269e-01 6.068361e-01 2.331572e-04
    outer loop
      vertex   7.416359e-03 1.851501e-02 -3.200000e-03
      vertex   7.419244e-03 1.851000e-02 0.000000e+00
      vertex   7.886700e-03 1.789896e-02 -3.200000e-03
    endloop
  endfacet
  facet normal 7.933533e-01 6.087614e-01 -3.497357e-04
    outer loop
      vertex   7.886700e-03 1.789896e-02 -3.200000e-03
      vertex   7.419244e-03 1.851000e-02 0.000000e+00
      vertex   7.892822e-03 1.789282e-02 0.000000e+00
    endloop
  endfacet
  facet normal 0.000000e+00 0.000000e+00 1.000000e+00
    outer loop
      vertex   8.500000e-03 2.257496e-02 -3.200000e-03
      vertex   7.886700e-03 2.210104e-02 -3.200000e-03
      vertex   8.500000e-03 1.742504e-02 -3.200000e-03
    endloop
  endfacet
  facet normal 0.000000e+00 0.000000e+00 1.000000e+00
    outer loop
      vertex   8.500000e-03 1.742504e-02 -3.200000e-03
      vertex   7.886700e-03 2.210104e-02 -3.200000e-03
      vertex   7.886700e-03 1.789896e-02 -3.200000e-03
    endloop
  endfacet
  facet normal 0.000000e+00 -0.000000e+00 1.000000e+00
    outer loop
      vertex   7.886700e-03 1.789896e-02 -3.200000e-03
      vertex   7.886700e-03 2.210104e-02 -3.200000e-03
      vertex   7.416359e-03 1.851501e-02 -3.200000e-03
    endloop
  endfacet
  facet normal 0.000000e+00 0.000000e+00 1.000000e+00
    outer loop
      vertex   7.416359e-03 1.851501e-02 -3.200000e-03
      vertex   7.886700e-03 2.210104e-02 -3.200000e-03
      vertex   7.416359e-03 2.148499e-02 -3.200000e-03
    endloop
  endfacet
  facet normal 0.000000e+00 -0.000000e+00 1.000000e+00
    outer loop
      vertex   7.416359e-03 1.851501e-02 -3.200000e-03
      vertex   7.416359e-03 2.148499e-02 -3.200000e-03
      vertex   7.120794e-03 1.923151e-02 -3.200000e-03
    endloop
  endfacet
  facet normal 0.000000e+00 0.000000e+00 1.000000e+00
    outer loop
      vertex   7.120794e-03 1.923151e-02 -3.200000e-03
      vertex   7.416359e-03 2.148499e-02 -3.200000e-03
      vertex   7.120794e-03 2.076849e-02 -3.200000e-03
    endloop
  endfacet
  facet normal 0.000000e+00 -0.000000e+00 1.000000e+00
    outer loop
      vertex   7.120794e-03 1.923151e-02 -3.200000e-03
      vertex   7.120794e-03 2.076849e-02 -3.200000e-03
      vertex   7.020000e-03 2.000000e-02 -3.200000e-03
    endloop
  endfacet
  facet normal -9.914449e-01 1.305262e-01 0.000000e+00
    outer loop
      vertex   1.287846e-02 1.142287e-01 -3.200000e-03
      vertex   1.287846e-02 1.142287e-01 0.000000e+00
      vertex   1.298000e-02 1.150000e-01 -3.200000e-03
    endloop
  endfacet
  facet normal -9.914449e-01 1.305262e-01 0.000000e+00
    outer loop
      vertex   1.298000e-02 1.150000e-01 -3.200000e-03
      vertex   1.287846e-02 1.142287e-01 0.000000e+00
      vertex   1.298000e-02 1.150000e-01 0.000000e+00
    endloop
  endfacet
  facet normal -9.914449e-01 -1.305262e-01 0.000000e+00
    outer loop
      vertex   1.298000e-02 1.150000e-01 -3.200000e-03
      vertex   1.298000e-02 1.150000e-01 0.000000e+00
      vertex   1.287846e-02 1.157713e-01 -3.200000e-03
    endloop
  endfacet
  facet normal -9.914449e-01 -1.305262e-01 0.000000e+00
    outer loop
      vertex   1.287846e-02 1.157713e-01 -3.200000e-03
      vertex   1.298000e-02 1.150000e-01 0.000000e+00
      vertex   1.287846e-02 1.157713e-01 0.000000e+00
    endloop
  endfacet
  facet normal -9.238795e-01 -3.826834e-01 0.000000e+00
    outer loop
      vertex   1.287846e-02 1.157713e-01 -3.200000e-03
      vertex   1.287846e-02 1.157713e-01 0.000000e+00
      vertex   1.258076e-02 1.164900e-01 -3.200000e-03
    endloop
  endfacet
  facet normal -9.238795e-01 -3.826834e-01 0.000000e+00
    outer loop
      vertex   1.258076e-02 1.164900e-01 -3.200000e-03
      vertex   1.287846e-02 1.157713e-01 0.000000e+00
      vertex   1.258076e-02 1.164900e-01 0.000000e+00
    endloop
  endfacet
  facet normal -7.933533e-01 -6.087614e-01 0.000000e+00
    outer loop
      vertex   1.258076e-02 1.164900e-01 -3.200000e-03
      vertex   1.258076e-02 1.164900e-01 0.000000e+00
      vertex   1.210718e-02 1.171072e-01 -3.200000e-03
    endloop
  endfacet
  facet normal -7.933533e-01 -6.087614e-01 0.000000e+00
    outer loop
      vertex   1.210718e-02 1.171072e-01 -3.200000e-03
      vertex   1.258076e-02 1.164900e-01 0.000000e+00
      vertex   1.210718e-02 1.171072e-01 0.000000e+00
    endloop
  endfacet
  facet normal -6.087614e-01 -7.933533e-01 0.000000e+00
    outer loop
      vertex   1.210718e-02 1.171072e-01 -3.200000e-03
      vertex   1.210718e-02 1.171072e-01 0.000000e+00
      vertex   1.149000e-02 1.175808e-01 -3.200000e-03
    endloop
  endfacet
  facet normal -6.087614e-01 -7.933533e-01 0.000000e+00
    outer loop
      vertex   1.149000e-02 1.175808e-01 -3.200000e-03
      vertex   1.210718e-02 1.171072e-01 0.000000e+00
      vertex   1.149000e-02 1.175808e-01 0.000000e+00
    endloop
  endfacet
  facet normal -3.826834e-01 -9.238795e-01 0.000000e+00
    outer loop
      vertex   1.149000e-02 1.175808e-01 -3.200000e-03
      vertex   1.149000e-02 1.175808e-01 0.000000e+00
      vertex   1.077128e-02 1.178785e-01 -3.200000e-03
    endloop
  endfacet
  facet normal -3.826834e-01 -9.238795e-01 0.000000e+00
    outer loop
      vertex   1.077128e-02 1.178785e-01 -3.200000e-03
      vertex   1.149000e-02 1.175808e-01 0.000000e+00
      vertex   1.077128e-02 1.178785e-01 0.000000e+00
    endloop
  endfacet
  facet normal -1.305262e-01 -9.914449e-01 0.000000e+00
    outer loop
      vertex   1.077128e-02 1.178785e-01 -3.200000e-03
      vertex   1.077128e-02 1.178785e-01 0.000000e+00
      vertex   1.000000e-02 1.179800e-01 -3.200000e-03
    endloop
  endfacet
  facet normal -1.305262e-01 -9.914449e-01 0.000000e+00
    outer loop
      vertex   1.000000e-02 1.179800e-01 -3.200000e-03
      vertex   1.077128e-02 1.178785e-01 0.000000e+00
      vertex   1.000000e-02 1.179800e-01 0.000000e+00
    endloop
  endfacet
  facet normal 1.305262e-01 -9.914449e-01 0.000000e+00
    outer loop
      vertex   1.000000e-02 1.179800e-01 -3.200000e-03
      vertex   1.000000e-02 1.179800e-01 0.000000e+00
      vertex   9.228719e-03 1.178785e-01 -3.200000e-03
    endloop
  endfacet
  facet normal 1.305262e-01 -9.914449e-01 0.000000e+00
    outer loop
      vertex   9.228719e-03 1.178785e-01 -3.200000e-03
      vertex   1.000000e-02 1.179800e-01 0.000000e+00
      vertex   9.228719e-03 1.178785e-01 0.000000e+00
    endloop
  endfacet
  facet normal 3.826834e-01 -9.238795e-01 0.000000e+00
    outer loop
      vertex   9.228719e-03 1.178785e-01 -3.200000e-03
      vertex   9.228719e-03 1.178785e-01 0.000000e+00
      vertex   8.510000e-03 1.175808e-01 -3.200000e-03
    endloop
  endfacet
  facet normal 3.826834e-01 -9.238795e-01 0.000000e+00
    outer loop
      vertex   8.510000e-03 1.175808e-01 -3.200000e-03
      vertex   9.228719e-03 1.178785e-01 0.000000e+00
      vertex   8.510000e-03 1.175808e-01 0.000000e+00
    endloop
  endfacet
  facet normal 6.087614e-01 -7.933533e-01 0.000000e+00
    outer loop
      vertex   8.510000e-03 1.175808e-01 -3.200000e-03
      vertex   8.510000e-03 1.175808e-01 0.000000e+00
      vertex   7.892822e-03 1.171072e-01 -3.200000e-03
    endloop
  endfacet
  facet normal 6.087614e-01 -7.933533e-01 0.000000e+00
    outer loop
      vertex   7.892822e-03 1.171072e-01 -3.200000e-03
      vertex   8.510000e-03 1.175808e-01 0.000000e+00
      vertex   7.892822e-03 1.171072e-01 0.000000e+00
    endloop
  endfacet
  facet normal 7.933533e-01 -6.087614e-01 0.000000e+00
    outer loop
      vertex   7.892822e-03 1.171072e-01 -3.200000e-03
      vertex   7.892822e-03 1.171072e-01 0.000000e+00
      vertex   7.419244e-03 1.164900e-01 -3.200000e-03
    endloop
  endfacet
  facet normal 7.933533e-01 -6.087614e-01 0.000000e+00
    outer loop
      vertex   7.419244e-03 1.164900e-01 -3.200000e-03
      vertex   7.892822e-03 1.171072e-01 0.000000e+00
      vertex   7.419244e-03 1.164900e-01 0.000000e+00
    endloop
  endfacet
  facet normal 9.238795e-01 -3.826834e-01 0.000000e+00
    outer loop
      vertex   7.419244e-03 1.164900e-01 -3.200000e-03
      vertex   7.419244e-03 1.164900e-01 0.000000e+00
      vertex   7.121541e-03 1.157713e-01 -3.200000e-03
    endloop
  endfacet
  facet normal 9.238795e-01 -3.826834e-01 0.000000e+00
    outer loop
      vertex   7.121541e-03 1.157713e-01 -3.200000e-03
      vertex   7.419244e-03 1.164900e-01 0.000000e+00
      vertex   7.121541e-03 1.157713e-01 0.000000e+00
    endloop
  endfacet
  facet normal 9.914449e-01 -1.305262e-01 0.000000e+00
    outer loop
      vertex   7.121541e-03 1.157713e-01 -3.200000e-03
      vertex   7.121541e-03 1.157713e-01 0.000000e+00
      vertex   7.020000e-03 1.150000e-01 -3.200000e-03
    endloop
  endfacet
  facet normal 9.914449e-01 -1.305262e-01 0.000000e+00
    outer loop
      vertex   7.020000e-03 1.150000e-01 -3.200000e-03
      vertex   7.121541e-03 1.157713e-01 0.000000e+00
      vertex   7.020000e-03 1.150000e-01 0.000000e+00
    endloop
  endfacet
  facet normal 9.914449e-01 1.305262e-01 -0.000000e+00
    outer loop
      vertex   7.020000e-03 1.150000e-01 -3.200000e-03
      vertex   7.020000e-03 1.150000e-01 0.000000e+00
      vertex   7.121541e-03 1.142287e-01 -3.200000e-03
    endloop
  endfacet
  facet normal 9.914449e-01 1.305262e-01 -0.000000e+00
    outer loop
      vertex   7.121541e-03 1.142287e-01 -3.200000e-03
      vertex   7.020000e-03 1.150000e-01 0.000000e+00
      vertex   7.121541e-03 1.142287e-01 0.000000e+00
    endloop
  endfacet
  facet normal 9.238795e-01 3.826834e-01 -0.000000e+00
    outer loop
      vertex   7.121541e-03 1.142287e-01 -3.200000e-03
      vertex   7.121541e-03 1.142287e-01 0.000000e+00
      vertex   7.419244e-03 1.135100e-01 -3.200000e-03
    endloop
  endfacet
  facet normal 9.238795e-01 3.826834e-01 -0.000000e+00
    outer loop
      vertex   7.419244e-03 1.135100e-01 -3.200000e-03
      vertex   7.121541e-03 1.142287e-01 0.000000e+00
      vertex   7.419244e-03 1.135100e-01 0.000000e+00
    endloop
  endfacet
  facet normal 7.933533e-01 6.087614e-01 -0.000000e+00
    outer loop
      vertex   7.419244e-03 1.135100e-01 -3.200000e-03
      vertex   7.419244e-03 1.135100e-01 0.000000e+00
      vertex   7.892822e-03 1.128928e-01 -3.200000e-03
    endloop
  endfacet
  facet normal 7.933533e-01 6.087614e-01 -0.000000e+00
    outer loop
      vertex   7.892822e-03 1.128928e-01 -3.200000e-03
      vertex   7.419244e-03 1.135100e-01 0.000000e+00
      vertex   7.892822e-03 1.128928e-01 0.000000e+00
    endloop
  endfacet
  facet normal 6.087614e-01 7.933533e-01 -0.000000e+00
    outer loop
      vertex   7.892822e-03 1.128928e-01 -3.200000e-03
      vertex   7.892822e-03 1.128928e-01 0.000000e+00
      vertex   8.510000e-03 1.124192e-01 -3.200000e-03
    endloop
  endfacet
  facet normal 6.087614e-01 7.933533e-01 -0.000000e+00
    outer loop
      vertex   8.510000e-03 1.124192e-01 -3.200000e-03
      vertex   7.892822e-03 1.128928e-01 0.000000e+00
      vertex   8.510000e-03 1.124192e-01 0.000000e+00
    endloop
  endfacet
  facet normal 3.826834e-01 9.238795e-01 -0.000000e+00
    outer loop
      vertex   8.510000e-03 1.124192e-01 -3.200000e-03
      vertex   8.510000e-03 1.124192e-01 0.000000e+00
      vertex   9.228719e-03 1.121215e-01 -3.200000e-03
    endloop
  endfacet
  facet normal 3.826834e-01 9.238795e-01 -0.000000e+00
    outer loop
      vertex   9.228719e-03 1.121215e-01 -3.200000e-03
      vertex   8.510000e-03 1.124192e-01 0.000000e+00
      vertex   9.228719e-03 1.121215e-01 0.000000e+00
    endloop
  endfacet
  facet normal 1.305262e-01 9.914449e-01 -0.000000e+00
    outer loop
      vertex   9.228719e-03 1.121215e-01 -3.200000e-03
      vertex   9.228719e-03 1.121215e-01 0.000000e+00
      vertex   1.000000e-02 1.120200e-01 -3.200000e-03
    endloop
  endfacet
  facet normal 1.305262e-01 9.914449e-01 -0.000000e+00
    outer loop
      vertex   1.000000e-02 1.120200e-01 -3.200000e-03
      vertex   9.228719e-03 1.121215e-01 0.000000e+00
      vertex   1.000000e-02 1.120200e-01 0.000000e+00
    endloop
  endfacet
  facet normal -1.305262e-01 9.914449e-01 0.000000e+00
    outer loop
      vertex   1.000000e-02 1.120200e-01 -3.200000e-03
      vertex   1.000000e-02 1.120200e-01 0.000000e+00
      vertex   1.077128e-02 1.121215e-01 -3.200000e-03
    endloop
  endfacet
  facet normal -1.305262e-01 9.914449e-01 0.000000e+00
    outer loop
      vertex   1.077128e-02 1.121215e-01 -3.200000e-03
      vertex   1.000000e-02 1.120200e-01 0.000000e+00
      vertex   1.077128e-02 1.121215e-01 0.000000e+00
    endloop
  endfacet
  facet normal -3.826834e-01 9.238795e-01 0.000000e+00
    outer loop
      vertex   1.077128e-02 1.121215e-01 -3.200000e-03
      vertex   1.077128e-02 1.121215e-01 0.000000e+00
      vertex   1.149000e-02 1.124192e-01 -3.200000e-03
    endloop
  endfacet
  facet normal -3.826834e-01 9.238795e-01 0.000000e+00
    outer loop
      vertex   1.149000e-02 1.124192e-01 -3.200000e-03
      vertex   1.077128e-02 1.121215e-01 0.000000e+00
      vertex   1.149000e-02 1.124192e-01 0.000000e+00
    endloop
  endfacet
  facet normal -6.087614e-01 7.933533e-01 0.000000e+00
    outer loop
      vertex   1.149000e-02 1.124192e-01 -3.200000e-03
      vertex   1.149000e-02 1.124192e-01 0.000000e+00
      vertex   1.210718e-02 1.128928e-01 -3.200000e-03
    endloop
  endfacet
  facet normal -6.087614e-01 7.933533e-01 0.000000e+00
    outer loop
      vertex   1.210718e-02 1.128928e-01 -3.200000e-03
      vertex   1.149000e-02 1.124192e-01 0.000000e+00
      vertex   1.210718e-02 1.128928e-01 0.000000e+00
    endloop
  endfacet
  facet normal -7.933533e-01 6.087614e-01 0.000000e+00
    outer loop
      vertex   1.210718e-02 1.128928e-01 -3.200000e-03
      vertex   1.210718e-02 1.128928e-01 0.000000e+00
      vertex   1.258076e-02 1.135100e-01 -3.200000e-03
    endloop
  endfacet
  facet normal -7.933533e-01 6.087614e-01 0.000000e+00
    outer loop
      vertex   1.258076e-02 1.135100e-01 -3.200000e-03
      vertex   1.210718e-02 1.128928e-01 0.000000e+00
      vertex   1.258076e-02 1.135100e-01 0.000000e+00
    endloop
  endfacet
  facet normal -9.238795e-01 3.826834e-01 0.000000e+00
    outer loop
      vertex   1.258076e-02 1.135100e-01 -3.200000e-03
      vertex   1.258076e-02 1.135100e-01 0.000000e+00
      vertex   1.287846e-02 1.142287e-01 -3.200000e-03
    endloop
  endfacet
  facet normal -9.238795e-01 3.826834e-01 0.000000e+00
    outer loop
      vertex   1.287846e-02 1.142287e-01 -3.200000e-03
      vertex   1.258076e-02 1.135100e-01 0.000000e+00
      vertex   1.287846e-02 1.142287e-01 0.000000e+00
    endloop
  endfacet
  facet normal 0.000000e+00 0.000000e+00 1.000000e+00
    outer loop
      vertex   1.287846e-02 1.157713e-01 -3.200000e-03
      vertex   1.144889e-02 1.153882e-01 -3.200000e-03
      vertex   1.298000e-02 1.150000e-01 -3.200000e-03
    endloop
  endfacet
  facet normal 0.000000e+00 0.000000e+00 1.000000e+00
    outer loop
      vertex   1.298000e-02 1.150000e-01 -3.200000e-03
      vertex   1.144889e-02 1.153882e-01 -3.200000e-03
      vertex   1.150000e-02 1.150000e-01 -3.200000e-03
    endloop
  endfacet
  facet normal 0.000000e+00 0.000000e+00 1.000000e+00
    outer loop
      vertex   1.298000e-02 1.150000e-01 -3.200000e-03
      vertex   1.150000e-02 1.150000e-01 -3.200000e-03
      vertex   1.287846e-02 1.142287e-01 -3.200000e-03
    endloop
  endfacet
  facet normal 0.000000e+00 0.000000e+00 1.000000e+00
    outer loop
      vertex   1.287846e-02 1.142287e-01 -3.200000e-03
      vertex   1.150000e-02 1.150000e-01 -3.200000e-03
      vertex   1.144889e-02 1.146118e-01 -3.200000e-03
    endloop
  endfacet
  facet normal 0.000000e+00 0.000000e+00 1.000000e+00
    outer loop
      vertex   1.287846e-02 1.142287e-01 -3.200000e-03
      vertex   1.144889e-02 1.146118e-01 -3.200000e-03
      vertex   1.129904e-02 1.142500e-01 -3.200000e-03
    endloop
  endfacet
  facet normal 0.000000e+00 -0.000000e+00 1.000000e+00
    outer loop
      vertex   1.144889e-02 1.153882e-01 -3.200000e-03
      vertex   1.287846e-02 1.157713e-01 -3.200000e-03
      vertex   1.129904e-02 1.157500e-01 -3.200000e-03
    endloop
  endfacet
  facet normal 0.000000e+00 0.000000e+00 1.000000e+00
    outer loop
      vertex   1.129904e-02 1.157500e-01 -3.200000e-03
      vertex   1.287846e-02 1.157713e-01 -3.200000e-03
      vertex   1.258076e-02 1.164900e-01 -3.200000e-03
    endloop
  endfacet
  facet normal 0.000000e+00 -0.000000e+00 1.000000e+00
    outer loop
      vertex   1.129904e-02 1.157500e-01 -3.200000e-03
      vertex   1.258076e-02 1.164900e-01 -3.200000e-03
      vertex   1.106066e-02 1.160607e-01 -3.200000e-03
    endloop
  endfacet
  facet normal 0.000000e+00 0.000000e+00 1.000000e+00
    outer loop
      vertex   1.106066e-02 1.160607e-01 -3.200000e-03
      vertex   1.258076e-02 1.164900e-01 -3.200000e-03
      vertex   1.210718e-02 1.171072e-01 -3.200000e-03
    endloop
  endfacet
  facet normal 0.000000e+00 -0.000000e+00 1.000000e+00
    outer loop
      vertex   1.106066e-02 1.160607e-01 -3.200000e-03
      vertex   1.210718e-02 1.171072e-01 -3.200000e-03
      vertex   1.075000e-02 1.162990e-01 -3.200000e-03
    endloop
  endfacet
  facet normal 0.000000e+00 0.000000e+00 1.000000e+00
    outer loop
      vertex   1.075000e-02 1.162990e-01 -3.200000e-03
      vertex   1.210718e-02 1.171072e-01 -3.200000e-03
      vertex   1.149000e-02 1.175808e-01 -3.200000e-03
    endloop
  endfacet
  facet normal 0.000000e+00 -0.000000e+00 1.000000e+00
    outer loop
      vertex   1.075000e-02 1.162990e-01 -3.200000e-03
      vertex   1.149000e-02 1.175808e-01 -3.200000e-03
      vertex   1.038823e-02 1.164489e-01 -3.200000e-03
    endloop
  endfacet
  facet normal 0.000000e+00 0.000000e+00 1.000000e+00
    outer loop
      vertex   1.038823e-02 1.164489e-01 -3.200000e-03
      vertex   1.149000e-02 1.175808e-01 -3.200000e-03
      vertex   1.077128e-02 1.178785e-01 -3.200000e-03
    endloop
  endfacet
  facet normal 0.000000e+00 -0.000000e+00 1.000000e+00
    outer loop
      vertex   1.038823e-02 1.164489e-01 -3.200000e-03
      vertex   1.077128e-02 1.178785e-01 -3.200000e-03
      vertex   1.000000e-02 1.165000e-01 -3.200000e-03
    endloop
  endfacet
  facet normal 0.000000e+00 0.000000e+00 1.000000e+00
    outer loop
      vertex   1.000000e-02 1.165000e-01 -3.200000e-03
      vertex   1.077128e-02 1.178785e-01 -3.200000e-03
      vertex   1.000000e-02 1.179800e-01 -3.200000e-03
    endloop
  endfacet
  facet normal 0.000000e+00 -0.000000e+00 1.000000e+00
    outer loop
      vertex   1.000000e-02 1.165000e-01 -3.200000e-03
      vertex   1.000000e-02 1.179800e-01 -3.200000e-03
      vertex   9.228719e-03 1.178785e-01 -3.200000e-03
    endloop
  endfacet
  facet normal 0.000000e+00 0.000000e+00 1.000000e+00
    outer loop
      vertex   1.000000e-02 1.165000e-01 -3.200000e-03
      vertex   9.228719e-03 1.178785e-01 -3.200000e-03
      vertex   9.611771e-03 1.164489e-01 -3.200000e-03
    endloop
  endfacet
  facet normal 0.000000e+00 0.000000e+00 1.000000e+00
    outer loop
      vertex   9.611771e-03 1.164489e-01 -3.200000e-03
      vertex   9.228719e-03 1.178785e-01 -3.200000e-03
      vertex   8.510000e-03 1.175808e-01 -3.200000e-03
    endloop
  endfacet
  facet normal 0.000000e+00 0.000000e+00 1.000000e+00
    outer loop
      vertex   9.611771e-03 1.164489e-01 -3.200000e-03
      vertex   8.510000e-03 1.175808e-01 -3.200000e-03
      vertex   9.250000e-03 1.162990e-01 -3.200000e-03
    endloop
  endfacet
  facet normal 0.000000e+00 0.000000e+00 1.000000e+00
    outer loop
      vertex   9.250000e-03 1.162990e-01 -3.200000e-03
      vertex   8.510000e-03 1.175808e-01 -3.200000e-03
      vertex   7.892822e-03 1.171072e-01 -3.200000e-03
    endloop
  endfacet
  facet normal 0.000000e+00 0.000000e+00 1.000000e+00
    outer loop
      vertex   9.250000e-03 1.162990e-01 -3.200000e-03
      vertex   7.892822e-03 1.171072e-01 -3.200000e-03
      vertex   8.939340e-03 1.160607e-01 -3.200000e-03
    endloop
  endfacet
  facet normal 0.000000e+00 0.000000e+00 1.000000e+00
    outer loop
      vertex   8.939340e-03 1.160607e-01 -3.200000e-03
      vertex   7.892822e-03 1.171072e-01 -3.200000e-03
      vertex   7.419244e-03 1.164900e-01 -3.200000e-03
    endloop
  endfacet
  facet normal 0.000000e+00 0.000000e+00 1.000000e+00
    outer loop
      vertex   8.939340e-03 1.160607e-01 -3.200000e-03
      vertex   7.419244e-03 1.164900e-01 -3.200000e-03
      vertex   8.700962e-03 1.157500e-01 -3.200000e-03
    endloop
  endfacet
  facet normal 0.000000e+00 0.000000e+00 1.000000e+00
    outer loop
      vertex   8.700962e-03 1.157500e-01 -3.200000e-03
      vertex   7.419244e-03 1.164900e-01 -3.200000e-03
      vertex   7.121541e-03 1.157713e-01 -3.200000e-03
    endloop
  endfacet
  facet normal 0.000000e+00 0.000000e+00 1.000000e+00
    outer loop
      vertex   8.700962e-03 1.157500e-01 -3.200000e-03
      vertex   7.121541e-03 1.157713e-01 -3.200000e-03
      vertex   8.551111e-03 1.153882e-01 -3.200000e-03
    endloop
  endfacet
  facet normal 0.000000e+00 0.000000e+00 1.000000e+00
    outer loop
      vertex   8.551111e-03 1.153882e-01 -3.200000e-03
      vertex   7.121541e-03 1.157713e-01 -3.200000e-03
      vertex   7.020000e-03 1.150000e-01 -3.200000e-03
    endloop
  endfacet
  facet normal 0.000000e+00 0.000000e+00 1.000000e+00
    outer loop
      vertex   8.551111e-03 1.153882e-01 -3.200000e-03
      vertex   7.020000e-03 1.150000e-01 -3.200000e-03
      vertex   8.500000e-03 1.150000e-01 -3.200000e-03
    endloop
  endfacet
  facet normal 0.000000e+00 0.000000e+00 1.000000e+00
    outer loop
      vertex   8.500000e-03 1.150000e-01 -3.200000e-03
      vertex   7.020000e-03 1.150000e-01 -3.200000e-03
      vertex   8.551111e-03 1.146118e-01 -3.200000e-03
    endloop
  endfacet
  facet normal 0.000000e+00 0.000000e+00 1.000000e+00
    outer loop
      vertex   8.551111e-03 1.146118e-01 -3.200000e-03
      vertex   7.020000e-03 1.150000e-01 -3.200000e-03
      vertex   7.121541e-03 1.142287e-01 -3.200000e-03
    endloop
  endfacet
  facet normal 0.000000e+00 0.000000e+00 1.000000e+00
    outer loop
      vertex   8.551111e-03 1.146118e-01 -3.200000e-03
      vertex   7.121541e-03 1.142287e-01 -3.200000e-03
      vertex   8.700962e-03 1.142500e-01 -3.200000e-03
    endloop
  endfacet
  facet normal 0.000000e+00 0.000000e+00 1.000000e+00
    outer loop
      vertex   8.700962e-03 1.142500e-01 -3.200000e-03
      vertex   7.121541e-03 1.142287e-01 -3.200000e-03
      vertex   7.419244e-03 1.135100e-01 -3.200000e-03
    endloop
  endfacet
  facet normal 0.000000e+00 0.000000e+00 1.000000e+00
    outer loop
      vertex   8.700962e-03 1.142500e-01 -3.200000e-03
      vertex   7.419244e-03 1.135100e-01 -3.200000e-03
      vertex   8.939340e-03 1.139393e-01 -3.200000e-03
    endloop
  endfacet
  facet normal 0.000000e+00 0.000000e+00 1.000000e+00
    outer loop
      vertex   8.939340e-03 1.139393e-01 -3.200000e-03
      vertex   7.419244e-03 1.135100e-01 -3.200000e-03
      vertex   7.892822e-03 1.128928e-01 -3.200000e-03
    endloop
  endfacet
  facet normal 0.000000e+00 0.000000e+00 1.000000e+00
    outer loop
      vertex   8.939340e-03 1.139393e-01 -3.200000e-03
      vertex   7.892822e-03 1.128928e-01 -3.200000e-03
      vertex   9.250000e-03 1.137010e-01 -3.200000e-03
    endloop
  endfacet
  facet normal 0.000000e+00 0.000000e+00 1.000000e+00
    outer loop
      vertex   9.250000e-03 1.137010e-01 -3.200000e-03
      vertex   7.892822e-03 1.128928e-01 -3.200000e-03
      vertex   8.510000e-03 1.124192e-01 -3.200000e-03
    endloop
  endfacet
  facet normal 0.000000e+00 0.000000e+00 1.000000e+00
    outer loop
      vertex   9.250000e-03 1.137010e-01 -3.200000e-03
      vertex   8.510000e-03 1.124192e-01 -3.200000e-03
      vertex   9.611771e-03 1.135511e-01 -3.200000e-03
    endloop
  endfacet
  facet normal 0.000000e+00 0.000000e+00 1.000000e+00
    outer loop
      vertex   9.611771e-03 1.135511e-01 -3.200000e-03
      vertex   8.510000e-03 1.124192e-01 -3.200000e-03
      vertex   9.228719e-03 1.121215e-01 -3.200000e-03
    endloop
  endfacet
  facet normal 0.000000e+00 0.000000e+00 1.000000e+00
    outer loop
      vertex   9.611771e-03 1.135511e-01 -3.200000e-03
      vertex   9.228719e-03 1.121215e-01 -3.200000e-03
      vertex   1.000000e-02 1.135000e-01 -3.200000e-03
    endloop
  endfacet
  facet normal 0.000000e+00 0.000000e+00 1.000000e+00
    outer loop
      vertex   1.000000e-02 1.135000e-01 -3.200000e-03
      vertex   9.228719e-03 1.121215e-01 -3.200000e-03
      vertex   1.000000e-02 1.120200e-01 -3.200000e-03
    endloop
  endfacet
  facet normal 0.000000e+00 0.000000e+00 1.000000e+00
    outer loop
      vertex   1.000000e-02 1.135000e-01 -3.200000e-03
      vertex   1.000000e-02 1.120200e-01 -3.200000e-03
      vertex   1.077128e-02 1.121215e-01 -3.200000e-03
    endloop
  endfacet
  facet normal -0.000000e+00 0.000000e+00 1.000000e+00
    outer loop
      vertex   1.000000e-02 1.135000e-01 -3.200000e-03
      vertex   1.077128e-02 1.121215e-01 -3.200000e-03
      vertex   1.038823e-02 1.135511e-01 -3.200000e-03
    endloop
  endfacet
  facet normal 0.000000e+00 0.000000e+00 1.000000e+00
    outer loop
      vertex   1.038823e-02 1.135511e-01 -3.200000e-03
      vertex   1.077128e-02 1.121215e-01 -3.200000e-03
      vertex   1.149000e-02 1.124192e-01 -3.200000e-03
    endloop
  endfacet
  facet normal -0.000000e+00 0.000000e+00 1.000000e+00
    outer loop
      vertex   1.038823e-02 1.135511e-01 -3.200000e-03
      vertex   1.149000e-02 1.124192e-01 -3.200000e-03
      vertex   1.075000e-02 1.137010e-01 -3.200000e-03
    endloop
  endfacet
  facet normal 0.000000e+00 0.000000e+00 1.000000e+00
    outer loop
      vertex   1.075000e-02 1.137010e-01 -3.200000e-03
      vertex   1.149000e-02 1.124192e-01 -3.200000e-03
      vertex   1.210718e-02 1.128928e-01 -3.200000e-03
    endloop
  endfacet
  facet normal -0.000000e+00 0.000000e+00 1.000000e+00
    outer loop
      vertex   1.075000e-02 1.137010e-01 -3.200000e-03
      vertex   1.210718e-02 1.128928e-01 -3.200000e-03
      vertex   1.106066e-02 1.139393e-01 -3.200000e-03
    endloop
  endfacet
  facet normal 0.000000e+00 0.000000e+00 1.000000e+00
    outer loop
      vertex   1.106066e-02 1.139393e-01 -3.200000e-03
      vertex   1.210718e-02 1.128928e-01 -3.200000e-03
      vertex   1.258076e-02 1.135100e-01 -3.200000e-03
    endloop
  endfacet
  facet normal -0.000000e+00 0.000000e+00 1.000000e+00
    outer loop
      vertex   1.106066e-02 1.139393e-01 -3.200000e-03
      vertex   1.258076e-02 1.135100e-01 -3.200000e-03
      vertex   1.129904e-02 1.142500e-01 -3.200000e-03
    endloop
  endfacet
  facet normal 0.000000e+00 0.000000e+00 1.000000e+00
    outer loop
      vertex   1.129904e-02 1.142500e-01 -3.200000e-03
      vertex   1.258076e-02 1.135100e-01 -3.200000e-03
      vertex   1.287846e-02 1.142287e-01 -3.200000e-03
    endloop
  endfacet
  facet normal -8.992106e-01 -4.374912e-01 4.666507e-03
    outer loop
      vertex   -1.121809e-01 -9.033971e-03 -3.200000e-03
      vertex   -1.124192e-01 -8.510000e-03 0.000000e+00
      vertex   -1.125000e-01 -8.378149e-03 -3.200000e-03
    endloop
  endfacet
  facet normal -7.933432e-01 -6.087536e-01 -5.061770e-03
    outer loop
      vertex   -1.125000e-01 -8.378149e-03 -3.200000e-03
      vertex   -1.124192e-01 -8.510000e-03 0.000000e+00
      vertex   -1.128928e-01 -7.892822e-03 0.000000e+00
    endloop
  endfacet
  facet normal -7.627512e-01 -6.466768e-01 4.445215e-03
    outer loop
      vertex   -1.125000e-01 -8.378149e-03 -3.200000e-03
      vertex   -1.128928e-01 -7.892822e-03 0.000000e+00
      vertex   -1.129961e-01 -7.794365e-03 -3.400000e-03
    endloop
  endfacet
  facet normal -6.087553e-01 -7.933454e-01 -4.480269e-03
    outer loop
      vertex   -1.129961e-01 -7.794365e-03 -3.400000e-03
      vertex   -1.128928e-01 -7.892822e-03 0.000000e+00
      vertex   -1.135100e-01 -7.419244e-03 0.000000e+00
    endloop
  endfacet
  facet normal -5.717223e-01 -8.204369e-01 4.106033e-03
    outer loop
      vertex   -1.129961e-01 -7.794365e-03 -3.400000e-03
      vertex   -1.135100e-01 -7.419244e-03 0.000000e+00
      vertex   -1.136247e-01 -7.356357e-03 -3.400000e-03
    endloop
  endfacet
  facet normal -3.826801e-01 -9.238715e-01 -4.182529e-03
    outer loop
      vertex   -1.136247e-01 -7.356357e-03 -3.400000e-03
      vertex   -1.135100e-01 -7.419244e-03 0.000000e+00
      vertex   -1.142287e-01 -7.121541e-03 0.000000e+00
    endloop
  endfacet
  facet normal -3.436571e-01 -9.390875e-01 3.801303e-03
    outer loop
      vertex   -1.136247e-01 -7.356357e-03 -3.400000e-03
      vertex   -1.142287e-01 -7.121541e-03 0.000000e+00
      vertex   -1.143441e-01 -7.093074e-03 -3.400000e-03
    endloop
  endfacet
  facet normal -1.305252e-01 -9.914374e-01 -3.870812e-03
    outer loop
      vertex   -1.143441e-01 -7.093074e-03 -3.400000e-03
      vertex   -1.142287e-01 -7.121541e-03 0.000000e+00
      vertex   -1.150000e-01 -7.020000e-03 0.000000e+00
    endloop
  endfacet
  facet normal -9.287795e-02 -9.956714e-01 3.482598e-03
    outer loop
      vertex   -1.143441e-01 -7.093074e-03 -3.400000e-03
      vertex   -1.150000e-01 -7.020000e-03 0.000000e+00
      vertex   -1.151069e-01 -7.021919e-03 -3.400000e-03
    endloop
  endfacet
  facet normal 1.305254e-01 -9.914386e-01 -3.545121e-03
    outer loop
      vertex   -1.151069e-01 -7.021919e-03 -3.400000e-03
      vertex   -1.150000e-01 -7.020000e-03 0.000000e+00
      vertex   -1.157713e-01 -7.121541e-03 0.000000e+00
    endloop
  endfacet
  facet normal 1.640403e-01 -9.864486e-01 3.149922e-03
    outer loop
      vertex   -1.151069e-01 -7.021919e-03 -3.400000e-03
      vertex   -1.157713e-01 -7.121541e-03 0.000000e+00
      vertex   -1.158627e-01 -7.147593e-03 -3.400000e-03
    endloop
  endfacet
  facet normal 3.826815e-01 -9.238748e-01 -3.205464e-03
    outer loop
      vertex   -1.158627e-01 -7.147593e-03 -3.400000e-03
      vertex   -1.157713e-01 -7.121541e-03 0.000000e+00
      vertex   -1.164900e-01 -7.419244e-03 0.000000e+00
    endloop
  endfacet
  facet normal 4.101172e-01 -9.120285e-01 2.803282e-03
    outer loop
      vertex   -1.158627e-01 -7.147593e-03 -3.400000e-03
      vertex   -1.164900e-01 -7.419244e-03 0.000000e+00
      vertex   -1.165614e-01 -7.461791e-03 -3.400000e-03
    endloop
  endfacet
  facet normal 6.087590e-01 -7.933501e-01 -2.851843e-03
    outer loop
      vertex   -1.165614e-01 -7.461791e-03 -3.400000e-03
      vertex   -1.164900e-01 -7.419244e-03 0.000000e+00
      vertex   -1.171072e-01 -7.892822e-03 0.000000e+00
    endloop
  endfacet
  facet normal 6.290888e-01 -7.773296e-01 2.442682e-03
    outer loop
      vertex   -1.165614e-01 -7.461791e-03 -3.400000e-03
      vertex   -1.171072e-01 -7.892822e-03 0.000000e+00
      vertex   -1.171569e-01 -7.943746e-03 -3.400000e-03
    endloop
  endfacet
  facet normal 7.933509e-01 -6.087596e-01 -2.484266e-03
    outer loop
      vertex   -1.171569e-01 -7.943746e-03 -3.400000e-03
      vertex   -1.171072e-01 -7.892822e-03 0.000000e+00
      vertex   -1.175808e-01 -8.510000e-03 0.000000e+00
    endloop
  endfacet
  facet normal 8.064824e-01 -5.912545e-01 2.068129e-03
    outer loop
      vertex   -1.171569e-01 -7.943746e-03 -3.400000e-03
      vertex   -1.175808e-01 -8.510000e-03 0.000000e+00
      vertex   -1.176099e-01 -8.561604e-03 -3.400000e-03
    endloop
  endfacet
  facet normal 9.238775e-01 -3.826826e-01 -2.102739e-03
    outer loop
      vertex   -1.176099e-01 -8.561604e-03 -3.400000e-03
      vertex   -1.175808e-01 -8.510000e-03 0.000000e+00
      vertex   -1.178785e-01 -9.228719e-03 0.000000e+00
    endloop
  endfacet
  facet normal 9.305735e-01 -3.661014e-01 1.679627e-03
    outer loop
      vertex   -1.176099e-01 -8.561604e-03 -3.400000e-03
      vertex   -1.178785e-01 -9.228719e-03 0.000000e+00
      vertex   -1.178903e-01 -9.274530e-03 -3.400000e-03
    endloop
  endfacet
  facet normal 9.914434e-01 -1.305260e-01 -1.707267e-03
    outer loop
      vertex   -1.178903e-01 -9.274530e-03 -3.400000e-03
      vertex   -1.178785e-01 -9.228719e-03 0.000000e+00
      vertex   -1.179800e-01 -1.000000e-02 0.000000e+00
    endloop
  endfacet
  facet normal 9.931604e-01 -1.167512e-01 1.277185e-03
    outer loop
      vertex   -1.178903e-01 -9.274530e-03 -3.400000e-03
      vertex   -1.179800e-01 -1.000000e-02 0.000000e+00
      vertex   -1.179798e-01 -1.003540e-02 -3.400000e-03
    endloop
  endfacet
  facet normal 9.914440e-01 1.305261e-01 -1.297857e-03
    outer loop
      vertex   -1.179798e-01 -1.003540e-02 -3.400000e-03
      vertex   -1.179800e-01 -1.000000e-02 0.000000e+00
      vertex   -1.178785e-01 -1.077128e-02 0.000000e+00
    endloop
  endfacet
  facet normal 9.901064e-01 1.403157e-01 8.608080e-04
    outer loop
      vertex   -1.179798e-01 -1.003540e-02 -3.400000e-03
      vertex   -1.178785e-01 -1.077128e-02 0.000000e+00
      vertex   -1.178723e-01 -1.079394e-02 -3.400000e-03
    endloop
  endfacet
  facet normal 9.238792e-01 3.826833e-01 -8.745151e-04
    outer loop
      vertex   -1.178723e-01 -1.079394e-02 -3.400000e-03
      vertex   -1.178785e-01 -1.077128e-02 0.000000e+00
      vertex   -1.175808e-01 -1.149000e-02 0.000000e+00
    endloop
  endfacet
  facet normal 9.216134e-01 3.881088e-01 4.305030e-04
    outer loop
      vertex   -1.178723e-01 -1.079394e-02 -3.400000e-03
      vertex   -1.175808e-01 -1.149000e-02 0.000000e+00
      vertex   -1.175750e-01 -1.150000e-02 -3.400000e-03
    endloop
  endfacet
  facet normal 8.650540e-01 5.016788e-01 -0.000000e+00
    outer loop
      vertex   -1.175750e-01 -1.150000e-02 -3.400000e-03
      vertex   -1.175808e-01 -1.149000e-02 0.000000e+00
      vertex   -1.175750e-01 -1.150000e-02 -3.200000e-03
    endloop
  endfacet
  facet normal 7.959899e-01 6.053098e-01 -4.490123e-04
    outer loop
      vertex   -1.175750e-01 -1.150000e-02 -3.200000e-03
      vertex   -1.175808e-01 -1.149000e-02 0.000000e+00
      vertex   -1.171335e-01 -1.208053e-02 -3.200000e-03
    endloop
  endfacet
  facet normal 7.933525e-01 6.087608e-01 -1.454499e-03
    outer loop
      vertex   -1.171335e-01 -1.208053e-02 -3.200000e-03
      vertex   -1.175808e-01 -1.149000e-02 0.000000e+00
      vertex   -1.171072e-01 -1.210718e-02 0.000000e+00
    endloop
  endfacet
  facet normal 6.251209e-01 7.805268e-01 1.358976e-03
    outer loop
      vertex   -1.171335e-01 -1.208053e-02 -3.200000e-03
      vertex   -1.171072e-01 -1.210718e-02 0.000000e+00
      vertex   -1.165642e-01 -1.253645e-02 -3.200000e-03
    endloop
  endfacet
  facet normal 6.087584e-01 7.933494e-01 -3.137371e-03
    outer loop
      vertex   -1.165642e-01 -1.253645e-02 -3.200000e-03
      vertex   -1.171072e-01 -1.210718e-02 0.000000e+00
      vertex   -1.164900e-01 -1.258076e-02 0.000000e+00
    endloop
  endfacet
  facet normal 4.168081e-01 9.089898e-01 2.916632e-03
    outer loop
      vertex   -1.165642e-01 -1.253645e-02 -3.200000e-03
      vertex   -1.164900e-01 -1.258076e-02 0.000000e+00
      vertex   -1.159013e-01 -1.284044e-02 -3.200000e-03
    endloop
  endfacet
  facet normal 3.826794e-01 9.238699e-01 -4.569683e-03
    outer loop
      vertex   -1.159013e-01 -1.284044e-02 -3.200000e-03
      vertex   -1.164900e-01 -1.258076e-02 0.000000e+00
      vertex   -1.157713e-01 -1.287846e-02 0.000000e+00
    endloop
  endfacet
  facet normal 1.835309e-01 9.830049e-01 4.223531e-03
    outer loop
      vertex   -1.159013e-01 -1.284044e-02 -3.200000e-03
      vertex   -1.157713e-01 -1.287846e-02 0.000000e+00
      vertex   -1.151843e-01 -1.297429e-02 -3.200000e-03
    endloop
  endfacet
  facet normal 1.305240e-01 9.914285e-01 -5.751051e-03
    outer loop
      vertex   -1.151843e-01 -1.297429e-02 -3.200000e-03
      vertex   -1.157713e-01 -1.287846e-02 0.000000e+00
      vertex   -1.150000e-01 -1.298000e-02 0.000000e+00
    endloop
  endfacet
  facet normal -6.073703e-02 9.981398e-01 5.279323e-03
    outer loop
      vertex   -1.151843e-01 -1.297429e-02 -3.200000e-03
      vertex   -1.150000e-01 -1.298000e-02 0.000000e+00
      vertex   -1.144564e-01 -1.292999e-02 -3.200000e-03
    endloop
  endfacet
  facet normal -1.305233e-01 9.914227e-01 -6.681165e-03
    outer loop
      vertex   -1.144564e-01 -1.292999e-02 -3.200000e-03
      vertex   -1.150000e-01 -1.298000e-02 0.000000e+00
      vertex   -1.142287e-01 -1.287846e-02 0.000000e+00
    endloop
  endfacet
  facet normal -3.013647e-01 9.534895e-01 6.083729e-03
    outer loop
      vertex   -1.144564e-01 -1.292999e-02 -3.200000e-03
      vertex   -1.142287e-01 -1.287846e-02 0.000000e+00
      vertex   -1.137610e-01 -1.271020e-02 -3.200000e-03
    endloop
  endfacet
  facet normal -3.826731e-01 9.238545e-01 -7.359783e-03
    outer loop
      vertex   -1.137610e-01 -1.271020e-02 -3.200000e-03
      vertex   -1.142287e-01 -1.287846e-02 0.000000e+00
      vertex   -1.135100e-01 -1.258076e-02 0.000000e+00
    endloop
  endfacet
  facet normal -5.239399e-01 8.517294e-01 6.636541e-03
    outer loop
      vertex   -1.137610e-01 -1.271020e-02 -3.200000e-03
      vertex   -1.135100e-01 -1.258076e-02 0.000000e+00
      vertex   -1.131398e-01 -1.232807e-02 -3.200000e-03
    endloop
  endfacet
  facet normal -6.087430e-01 7.933293e-01 -7.786732e-03
    outer loop
      vertex   -1.131398e-01 -1.232807e-02 -3.200000e-03
      vertex   -1.135100e-01 -1.258076e-02 0.000000e+00
      vertex   -1.128928e-01 -1.210718e-02 0.000000e+00
    endloop
  endfacet
  facet normal -7.151321e-01 6.989549e-01 6.937616e-03
    outer loop
      vertex   -1.131398e-01 -1.232807e-02 -3.200000e-03
      vertex   -1.128928e-01 -1.210718e-02 0.000000e+00
      vertex   -1.126300e-01 -1.180649e-02 -3.200000e-03
    endloop
  endfacet
  facet normal -7.933282e-01 6.087421e-01 -7.961902e-03
    outer loop
      vertex   -1.126300e-01 -1.180649e-02 -3.200000e-03
      vertex   -1.128928e-01 -1.210718e-02 0.000000e+00
      vertex   -1.124192e-01 -1.149000e-02 0.000000e+00
    endloop
  endfacet
  facet normal -8.634906e-01 5.043165e-01 6.986878e-03
    outer loop
      vertex   -1.126300e-01 -1.180649e-02 -3.200000e-03
      vertex   -1.124192e-01 -1.149000e-02 0.000000e+00
      vertex   -1.122622e-01 -1.117672e-02 -3.200000e-03
    endloop
  endfacet
  facet normal -9.238508e-01 3.826715e-01 -7.885250e-03
    outer loop
      vertex   -1.122622e-01 -1.117672e-02 -3.200000e-03
      vertex   -1.124192e-01 -1.149000e-02 0.000000e+00
      vertex   -1.121215e-01 -1.077128e-02 0.000000e+00
    endloop
  endfacet
  facet normal -9.601300e-01 2.794715e-01 6.784314e-03
    outer loop
      vertex   -1.122622e-01 -1.117672e-02 -3.200000e-03
      vertex   -1.121215e-01 -1.077128e-02 0.000000e+00
      vertex   -1.120583e-01 -1.047645e-02 -3.200000e-03
    endloop
  endfacet
  facet normal -9.914166e-01 1.305225e-01 -7.556795e-03
    outer loop
      vertex   -1.120583e-01 -1.047645e-02 -3.200000e-03
      vertex   -1.121215e-01 -1.077128e-02 0.000000e+00
      vertex   -1.120200e-01 -1.000000e-02 0.000000e+00
    endloop
  endfacet
  facet normal -9.992620e-01 3.788636e-02 6.329975e-03
    outer loop
      vertex   -1.120583e-01 -1.047645e-02 -3.200000e-03
      vertex   -1.120200e-01 -1.000000e-02 0.000000e+00
      vertex   -1.120307e-01 -9.747656e-03 -3.200000e-03
    endloop
  endfacet
  facet normal -9.914207e-01 -1.305230e-01 -6.976620e-03
    outer loop
      vertex   -1.120307e-01 -9.747656e-03 -3.200000e-03
      vertex   -1.120200e-01 -1.000000e-02 0.000000e+00
      vertex   -1.121215e-01 -9.228719e-03 0.000000e+00
    endloop
  endfacet
  facet normal -9.785422e-01 -2.059698e-01 5.623979e-03
    outer loop
      vertex   -1.120307e-01 -9.747656e-03 -3.200000e-03
      vertex   -1.121215e-01 -9.228719e-03 0.000000e+00
      vertex   -1.121809e-01 -9.033971e-03 -3.200000e-03
    endloop
  endfacet
  facet normal -9.238621e-01 -3.826762e-01 -6.144873e-03
    outer loop
      vertex   -1.121809e-01 -9.033971e-03 -3.200000e-03
      vertex   -1.121215e-01 -9.228719e-03 0.000000e+00
      vertex   -1.124192e-01 -8.510000e-03 0.000000e+00
    endloop
  endfacet
  facet normal -7.620077e-01 -6.475679e-01 0.000000e+00
    outer loop
      vertex   -1.129961e-01 -7.794365e-03 -3.400000e-03
      vertex   -1.125000e-01 -8.378149e-03 -3.400000e-03
      vertex   -1.125000e-01 -8.378149e-03 -3.200000e-03
    endloop
  endfacet
  facet normal -0.000000e+00 0.000000e+00 1.000000e+00
    outer loop
      vertex   -1.150000e-01 -8.500000e-03 -3.200000e-03
      vertex   -1.146118e-01 -8.551111e-03 -3.200000e-03
      vertex   -1.125750e-01 -8.500000e-03 -3.200000e-03
    endloop
  endfacet
  facet normal 0.000000e+00 0.000000e+00 1.000000e+00
    outer loop
      vertex   -1.125750e-01 -8.500000e-03 -3.200000e-03
      vertex   -1.146118e-01 -8.551111e-03 -3.200000e-03
      vertex   -1.142500e-01 -8.700962e-03 -3.200000e-03
    endloop
  endfacet
  facet normal 0.000000e+00 0.000000e+00 1.000000e+00
    outer loop
      vertex   -1.125750e-01 -8.500000e-03 -3.200000e-03
      vertex   -1.142500e-01 -8.700962e-03 -3.200000e-03
      vertex   -1.139393e-01 -8.939340e-03 -3.200000e-03
    endloop
  endfacet
  facet normal -0.000000e+00 0.000000e+00 1.000000e+00
    outer loop
      vertex   -1.139393e-01 -8.939340e-03 -3.200000e-03
      vertex   -1.137010e-01 -9.250000e-03 -3.200000e-03
      vertex   -1.125750e-01 -8.500000e-03 -3.200000e-03
    endloop
  endfacet
  facet normal 0.000000e+00 0.000000e+00 1.000000e+00
    outer loop
      vertex   -1.125750e-01 -8.500000e-03 -3.200000e-03
      vertex   -1.137010e-01 -9.250000e-03 -3.200000e-03
      vertex   -1.121809e-01 -9.033971e-03 -3.200000e-03
    endloop
  endfacet
  facet normal -0.000000e+00 0.000000e+00 1.000000e+00
    outer loop
      vertex   -1.125750e-01 -8.500000e-03 -3.200000e-03
      vertex   -1.121809e-01 -9.033971e-03 -3.200000e-03
      vertex   -1.125506e-01 -8.458985e-03 -3.200000e-03
    endloop
  endfacet
  facet normal -0.000000e+00 0.000000e+00 1.000000e+00
    outer loop
      vertex   -1.125506e-01 -8.458985e-03 -3.200000e-03
      vertex   -1.121809e-01 -9.033971e-03 -3.200000e-03
      vertex   -1.125256e-01 -8.418365e-03 -3.200000e-03
    endloop
  endfacet
  facet normal -0.000000e+00 0.000000e+00 1.000000e+00
    outer loop
      vertex   -1.125256e-01 -8.418365e-03 -3.200000e-03
      vertex   -1.121809e-01 -9.033971e-03 -3.200000e-03
      vertex   -1.125000e-01 -8.378149e-03 -3.200000e-03
    endloop
  endfacet
  facet normal -0.000000e+00 0.000000e+00 1.000000e+00
    outer loop
      vertex   -1.137010e-01 -9.250000e-03 -3.200000e-03
      vertex   -1.135511e-01 -9.611771e-03 -3.200000e-03
      vertex   -1.121809e-01 -9.033971e-03 -3.200000e-03
    endloop
  endfacet
  facet normal 0.000000e+00 0.000000e+00 1.000000e+00
    outer loop
      vertex   -1.121809e-01 -9.033971e-03 -3.200000e-03
      vertex   -1.135511e-01 -9.611771e-03 -3.200000e-03
      vertex   -1.120307e-01 -9.747656e-03 -3.200000e-03
    endloop
  endfacet
  facet normal 0.000000e+00 0.000000e+00 1.000000e+00
    outer loop
      vertex   -1.120307e-01 -9.747656e-03 -3.200000e-03
      vertex   -1.135511e-01 -9.611771e-03 -3.200000e-03
      vertex   -1.135000e-01 -1.000000e-02 -3.200000e-03
    endloop
  endfacet
  facet normal 0.000000e+00 0.000000e+00 1.000000e+00
    outer loop
      vertex   -1.120307e-01 -9.747656e-03 -3.200000e-03
      vertex   -1.135000e-01 -1.000000e-02 -3.200000e-03
      vertex   -1.120583e-01 -1.047645e-02 -3.200000e-03
    endloop
  endfacet
  facet normal 0.000000e+00 0.000000e+00 1.000000e+00
    outer loop
      vertex   -1.120583e-01 -1.047645e-02 -3.200000e-03
      vertex   -1.135000e-01 -1.000000e-02 -3.200000e-03
      vertex   -1.135511e-01 -1.038823e-02 -3.200000e-03
    endloop
  endfacet
  facet normal 0.000000e+00 0.000000e+00 1.000000e+00
    outer loop
      vertex   -1.120583e-01 -1.047645e-02 -3.200000e-03
      vertex   -1.135511e-01 -1.038823e-02 -3.200000e-03
      vertex   -1.122622e-01 -1.117672e-02 -3.200000e-03
    endloop
  endfacet
  facet normal 0.000000e+00 0.000000e+00 1.000000e+00
    outer loop
      vertex   -1.122622e-01 -1.117672e-02 -3.200000e-03
      vertex   -1.135511e-01 -1.038823e-02 -3.200000e-03
      vertex   -1.137010e-01 -1.075000e-02 -3.200000e-03
    endloop
  endfacet
  facet normal 0.000000e+00 0.000000e+00 1.000000e+00
    outer loop
      vertex   -1.122622e-01 -1.117672e-02 -3.200000e-03
      vertex   -1.137010e-01 -1.075000e-02 -3.200000e-03
      vertex   -1.126300e-01 -1.180649e-02 -3.200000e-03
    endloop
  endfacet
  facet normal 0.000000e+00 0.000000e+00 1.000000e+00
    outer loop
      vertex   -1.126300e-01 -1.180649e-02 -3.200000e-03
      vertex   -1.137010e-01 -1.075000e-02 -3.200000e-03
      vertex   -1.139393e-01 -1.106066e-02 -3.200000e-03
    endloop
  endfacet
  facet normal 0.000000e+00 0.000000e+00 1.000000e+00
    outer loop
      vertex   -1.126300e-01 -1.180649e-02 -3.200000e-03
      vertex   -1.139393e-01 -1.106066e-02 -3.200000e-03
      vertex   -1.131398e-01 -1.232807e-02 -3.200000e-03
    endloop
  endfacet
  facet normal 0.000000e+00 0.000000e+00 1.000000e+00
    outer loop
      vertex   -1.131398e-01 -1.232807e-02 -3.200000e-03
      vertex   -1.139393e-01 -1.106066e-02 -3.200000e-03
      vertex   -1.142500e-01 -1.129904e-02 -3.200000e-03
    endloop
  endfacet
  facet normal 0.000000e+00 0.000000e+00 1.000000e+00
    outer loop
      vertex   -1.131398e-01 -1.232807e-02 -3.200000e-03
      vertex   -1.142500e-01 -1.129904e-02 -3.200000e-03
      vertex   -1.137610e-01 -1.271020e-02 -3.200000e-03
    endloop
  endfacet
  facet normal 0.000000e+00 0.000000e+00 1.000000e+00
    outer loop
      vertex   -1.137610e-01 -1.271020e-02 -3.200000e-03
      vertex   -1.142500e-01 -1.129904e-02 -3.200000e-03
      vertex   -1.146118e-01 -1.144889e-02 -3.200000e-03
    endloop
  endfacet
  facet normal 0.000000e+00 0.000000e+00 1.000000e+00
    outer loop
      vertex   -1.137610e-01 -1.271020e-02 -3.200000e-03
      vertex   -1.146118e-01 -1.144889e-02 -3.200000e-03
      vertex   -1.144564e-01 -1.292999e-02 -3.200000e-03
    endloop
  endfacet
  facet normal 0.000000e+00 0.000000e+00 1.000000e+00
    outer loop
      vertex   -1.144564e-01 -1.292999e-02 -3.200000e-03
      vertex   -1.146118e-01 -1.144889e-02 -3.200000e-03
      vertex   -1.150000e-01 -1.150000e-02 -3.200000e-03
    endloop
  endfacet
  facet normal 0.000000e+00 0.000000e+00 1.000000e+00
    outer loop
      vertex   -1.144564e-01 -1.292999e-02 -3.200000e-03
      vertex   -1.150000e-01 -1.150000e-02 -3.200000e-03
      vertex   -1.151843e-01 -1.297429e-02 -3.200000e-03
    endloop
  endfacet
  facet normal 0.000000e+00 -0.000000e+00 1.000000e+00
    outer loop
      vertex   -1.151843e-01 -1.297429e-02 -3.200000e-03
      vertex   -1.150000e-01 -1.150000e-02 -3.200000e-03
      vertex   -1.159013e-01 -1.284044e-02 -3.200000e-03
    endloop
  endfacet
  facet normal 0.000000e+00 -0.000000e+00 1.000000e+00
    outer loop
      vertex   -1.159013e-01 -1.284044e-02 -3.200000e-03
      vertex   -1.150000e-01 -1.150000e-02 -3.200000e-03
      vertex   -1.165642e-01 -1.253645e-02 -3.200000e-03
    endloop
  endfacet
  facet normal 0.000000e+00 -0.000000e+00 1.000000e+00
    outer loop
      vertex   -1.165642e-01 -1.253645e-02 -3.200000e-03
      vertex   -1.150000e-01 -1.150000e-02 -3.200000e-03
      vertex   -1.171335e-01 -1.208053e-02 -3.200000e-03
    endloop
  endfacet
  facet normal 0.000000e+00 -0.000000e+00 1.000000e+00
    outer loop
      vertex   -1.171335e-01 -1.208053e-02 -3.200000e-03
      vertex   -1.150000e-01 -1.150000e-02 -3.200000e-03
      vertex   -1.175750e-01 -1.150000e-02 -3.200000e-03
    endloop
  endfacet
  facet normal -7.912824e-01 6.114508e-01 3.484328e-04
    outer loop
      vertex   -1.789896e-02 -1.211330e-02 -3.200000e-03
      vertex   -1.789282e-02 -1.210718e-02 0.000000e+00
      vertex   -1.742504e-02 -1.150000e-02 -3.200000e-03
    endloop
  endfacet
  facet normal -7.933533e-01 6.087614e-01 -4.645770e-04
    outer loop
      vertex   -1.742504e-02 -1.150000e-02 -3.200000e-03
      vertex   -1.789282e-02 -1.210718e-02 0.000000e+00
      vertex   -1.741924e-02 -1.149000e-02 0.000000e+00
    endloop
  endfacet
  facet normal -8.650540e-01 5.016788e-01 0.000000e+00
    outer loop
      vertex   -1.742504e-02 -1.150000e-02 -3.200000e-03
      vertex   -1.741924e-02 -1.149000e-02 0.000000e+00
      vertex   -1.742504e-02 -1.150000e-02 -3.400000e-03
    endloop
  endfacet
  facet normal -9.122788e-01 4.095697e-01 3.514606e-04
    outer loop
      vertex   -1.742504e-02 -1.150000e-02 -3.400000e-03
      vertex   -1.741924e-02 -1.149000e-02 0.000000e+00
      vertex   -1.716800e-02 -1.092746e-02 -3.400000e-03
    endloop
  endfacet
  facet normal -9.238682e-01 3.826787e-01 -4.954090e-03
    outer loop
      vertex   -1.716800e-02 -1.092746e-02 -3.400000e-03
      vertex   -1.741924e-02 -1.149000e-02 0.000000e+00
      vertex   -1.712154e-02 -1.077128e-02 0.000000e+00
    endloop
  endfacet
  facet normal -9.778170e-01 2.094277e-01 3.741664e-03
    outer loop
      vertex   -1.716800e-02 -1.092746e-02 -3.400000e-03
      vertex   -1.712154e-02 -1.077128e-02 0.000000e+00
      vertex   -1.703657e-02 -1.031379e-02 -3.400000e-03
    endloop
  endfacet
  facet normal -9.914191e-01 1.305228e-01 -7.215332e-03
    outer loop
      vertex   -1.703657e-02 -1.031379e-02 -3.400000e-03
      vertex   -1.712154e-02 -1.077128e-02 0.000000e+00
      vertex   -1.702000e-02 -1.000000e-02 0.000000e+00
    endloop
  endfacet
  facet normal -9.999881e-01 0.000000e+00 4.872681e-03
    outer loop
      vertex   -1.703657e-02 -1.031379e-02 -3.400000e-03
      vertex   -1.702000e-02 -1.000000e-02 0.000000e+00
      vertex   -1.703657e-02 -9.686206e-03 -3.400000e-03
    endloop
  endfacet
  facet normal -9.914191e-01 -1.305228e-01 -7.215332e-03
    outer loop
      vertex   -1.703657e-02 -9.686206e-03 -3.400000e-03
      vertex   -1.702000e-02 -1.000000e-02 0.000000e+00
      vertex   -1.712154e-02 -9.228719e-03 0.000000e+00
    endloop
  endfacet
  facet normal -9.778170e-01 -2.094277e-01 3.741664e-03
    outer loop
      vertex   -1.703657e-02 -9.686206e-03 -3.400000e-03
      vertex   -1.712154e-02 -9.228719e-03 0.000000e+00
      vertex   -1.716800e-02 -9.072535e-03 -3.400000e-03
    endloop
  endfacet
  facet normal -9.238682e-01 -3.826787e-01 -4.954090e-03
    outer loop
      vertex   -1.716800e-02 -9.072535e-03 -3.400000e-03
      vertex   -1.712154e-02 -9.228719e-03 0.000000e+00
      vertex   -1.741924e-02 -8.510000e-03 0.000000e+00
    endloop
  endfacet
  facet normal -9.122788e-01 -4.095697e-01 3.514606e-04
    outer loop
      vertex   -1.716800e-02 -9.072535e-03 -3.400000e-03
      vertex   -1.741924e-02 -8.510000e-03 0.000000e+00
      vertex   -1.742504e-02 -8.500000e-03 -3.400000e-03
    endloop
  endfacet
  facet normal -8.650540e-01 -5.016788e-01 0.000000e+00
    outer loop
      vertex   -1.742504e-02 -8.500000e-03 -3.400000e-03
      vertex   -1.741924e-02 -8.510000e-03 0.000000e+00
      vertex   -1.742504e-02 -8.500000e-03 -3.200000e-03
    endloop
  endfacet
  facet normal -7.933533e-01 -6.087614e-01 -4.645770e-04
    outer loop
      vertex   -1.742504e-02 -8.500000e-03 -3.200000e-03
      vertex   -1.741924e-02 -8.510000e-03 0.000000e+00
      vertex   -1.789282e-02 -7.892822e-03 0.000000e+00
    endloop
  endfacet
  facet normal -7.912824e-01 -6.114508e-01 3.484328e-04
    outer loop
      vertex   -1.742504e-02 -8.500000e-03 -3.200000e-03
      vertex   -1.789282e-02 -7.892822e-03 0.000000e+00
      vertex   -1.789896e-02 -7.886700e-03 -3.200000e-03
    endloop
  endfacet
  facet normal -6.087614e-01 -7.933533e-01 -3.497357e-04
    outer loop
      vertex   -1.789896e-02 -7.886700e-03 -3.200000e-03
      vertex   -1.789282e-02 -7.892822e-03 0.000000e+00
      vertex   -1.851000e-02 -7.419244e-03 0.000000e+00
    endloop
  endfacet
  facet normal -6.068361e-01 -7.948269e-01 2.331572e-04
    outer loop
      vertex   -1.789896e-02 -7.886700e-03 -3.200000e-03
      vertex   -1.851000e-02 -7.419244e-03 0.000000e+00
      vertex   -1.851501e-02 -7.416359e-03 -3.200000e-03
    endloop
  endfacet
  facet normal -3.826834e-01 -9.238795e-01 -2.340257e-04
    outer loop
      vertex   -1.851501e-02 -7.416359e-03 -3.200000e-03
      vertex   -1.851000e-02 -7.419244e-03 0.000000e+00
      vertex   -1.922872e-02 -7.121541e-03 0.000000e+00
    endloop
  endfacet
  facet normal -3.813391e-01 -9.244352e-01 1.170128e-04
    outer loop
      vertex   -1.851501e-02 -7.416359e-03 -3.200000e-03
      vertex   -1.922872e-02 -7.121541e-03 0.000000e+00
      vertex   -1.923151e-02 -7.120794e-03 -3.200000e-03
    endloop
  endfacet
  facet normal -1.305262e-01 -9.914449e-01 -1.174471e-04
    outer loop
      vertex   -1.923151e-02 -7.120794e-03 -3.200000e-03
      vertex   -1.922872e-02 -7.121541e-03 0.000000e+00
      vertex   -2.000000e-02 -7.020000e-03 0.000000e+00
    endloop
  endfacet
  facet normal -1.300454e-01 -9.915080e-01 0.000000e+00
    outer loop
      vertex   -1.923151e-02 -7.120794e-03 -3.200000e-03
      vertex   -2.000000e-02 -7.020000e-03 0.000000e+00
      vertex   -2.000000e-02 -7.020000e-03 -3.200000e-03
    endloop
  endfacet
  facet normal 1.300454e-01 -9.915080e-01 0.000000e+00
    outer loop
      vertex   -2.000000e-02 -7.020000e-03 -3.200000e-03
      vertex   -2.000000e-02 -7.020000e-03 0.000000e+00
      vertex   -2.076849e-02 -7.120794e-03 -3.200000e-03
    endloop
  endfacet
  facet normal 1.305262e-01 -9.914449e-01 -1.174471e-04
    outer loop
      vertex   -2.076849e-02 -7.120794e-03 -3.200000e-03
      vertex   -2.000000e-02 -7.020000e-03 0.000000e+00
      vertex   -2.077128e-02 -7.121541e-03 0.000000e+00
    endloop
  endfacet
  facet normal 3.813391e-01 -9.244352e-01 1.170128e-04
    outer loop
      vertex   -2.076849e-02 -7.120794e-03 -3.200000e-03
      vertex   -2.077128e-02 -7.121541e-03 0.000000e+00
      vertex   -2.148499e-02 -7.416359e-03 -3.200000e-03
    endloop
  endfacet
  facet normal 3.826834e-01 -9.238795e-01 -2.340257e-04
    outer loop
      vertex   -2.148499e-02 -7.416359e-03 -3.200000e-03
      vertex   -2.077128e-02 -7.121541e-03 0.000000e+00
      vertex   -2.149000e-02 -7.419244e-03 0.000000e+00
    endloop
  endfacet
  facet normal 6.068361e-01 -7.948269e-01 2.331572e-04
    outer loop
      vertex   -2.148499e-02 -7.416359e-03 -3.200000e-03
      vertex   -2.149000e-02 -7.419244e-03 0.000000e+00
      vertex   -2.210104e-02 -7.886700e-03 -3.200000e-03
    endloop
  endfacet
  facet normal 6.087614e-01 -7.933533e-01 -3.497357e-04
    outer loop
      vertex   -2.210104e-02 -7.886700e-03 -3.200000e-03
      vertex   -2.149000e-02 -7.419244e-03 0.000000e+00
      vertex   -2.210718e-02 -7.892822e-03 0.000000e+00
    endloop
  endfacet
  facet normal 7.912824e-01 -6.114508e-01 3.484328e-04
    outer loop
      vertex   -2.210104e-02 -7.886700e-03 -3.200000e-03
      vertex   -2.210718e-02 -7.892822e-03 0.000000e+00
      vertex   -2.257496e-02 -8.500000e-03 -3.200000e-03
    endloop
  endfacet
  facet normal 7.933533e-01 -6.087614e-01 -4.645770e-04
    outer loop
      vertex   -2.257496e-02 -8.500000e-03 -3.200000e-03
      vertex   -2.210718e-02 -7.892822e-03 0.000000e+00
      vertex   -2.258076e-02 -8.510000e-03 0.000000e+00
    endloop
  endfacet
  facet normal 8.650540e-01 -5.016788e-01 0.000000e+00
    outer loop
      vertex   -2.257496e-02 -8.500000e-03 -3.200000e-03
      vertex   -2.258076e-02 -8.510000e-03 0.000000e+00
      vertex   -2.257496e-02 -8.500000e-03 -3.400000e-03
    endloop
  endfacet
  facet normal 9.122788e-01 -4.095697e-01 3.514606e-04
    outer loop
      vertex   -2.257496e-02 -8.500000e-03 -3.400000e-03
      vertex   -2.258076e-02 -8.510000e-03 0.000000e+00
      vertex   -2.283200e-02 -9.072535e-03 -3.400000e-03
    endloop
  endfacet
  facet normal 9.238682e-01 -3.826787e-01 -4.954090e-03
    outer loop
      vertex   -2.283200e-02 -9.072535e-03 -3.400000e-03
      vertex   -2.258076e-02 -8.510000e-03 0.000000e+00
      vertex   -2.287846e-02 -9.228719e-03 0.000000e+00
    endloop
  endfacet
  facet normal 9.778170e-01 -2.094277e-01 3.741664e-03
    outer loop
      vertex   -2.283200e-02 -9.072535e-03 -3.400000e-03
      vertex   -2.287846e-02 -9.228719e-03 0.000000e+00
      vertex   -2.296343e-02 -9.686206e-03 -3.400000e-03
    endloop
  endfacet
  facet normal 9.914191e-01 -1.305228e-01 -7.215332e-03
    outer loop
      vertex   -2.296343e-02 -9.686206e-03 -3.400000e-03
      vertex   -2.287846e-02 -9.228719e-03 0.000000e+00
      vertex   -2.298000e-02 -1.000000e-02 0.000000e+00
    endloop
  endfacet
  facet normal 9.999881e-01 0.000000e+00 4.872681e-03
    outer loop
      vertex   -2.296343e-02 -9.686206e-03 -3.400000e-03
      vertex   -2.298000e-02 -1.000000e-02 0.000000e+00
      vertex   -2.296343e-02 -1.031379e-02 -3.400000e-03
    endloop
  endfacet
  facet normal 9.914191e-01 1.305228e-01 -7.215332e-03
    outer loop
      vertex   -2.296343e-02 -1.031379e-02 -3.400000e-03
      vertex   -2.298000e-02 -1.000000e-02 0.000000e+00
      vertex   -2.287846e-02 -1.077128e-02 0.000000e+00
    endloop
  endfacet
  facet normal 9.778170e-01 2.094277e-01 3.741664e-03
    outer loop
      vertex   -2.296343e-02 -1.031379e-02 -3.400000e-03
      vertex   -2.287846e-02 -1.077128e-02 0.000000e+00
      vertex   -2.283200e-02 -1.092746e-02 -3.400000e-03
    endloop
  endfacet
  facet normal 9.238682e-01 3.826787e-01 -4.954090e-03
    outer loop
      vertex   -2.283200e-02 -1.092746e-02 -3.400000e-03
      vertex   -2.287846e-02 -1.077128e-02 0.000000e+00
      vertex   -2.258076e-02 -1.149000e-02 0.000000e+00
    endloop
  endfacet
  facet normal 9.122788e-01 4.095697e-01 3.514606e-04
    outer loop
      vertex   -2.283200e-02 -1.092746e-02 -3.400000e-03
      vertex   -2.258076e-02 -1.149000e-02 0.000000e+00
      vertex   -2.257496e-02 -1.150000e-02 -3.400000e-03
    endloop
  endfacet
  facet normal 8.650540e-01 5.016788e-01 -0.000000e+00
    outer loop
      vertex   -2.257496e-02 -1.150000e-02 -3.400000e-03
      vertex   -2.258076e-02 -1.149000e-02 0.000000e+00
      vertex   -2.257496e-02 -1.150000e-02 -3.200000e-03
    endloop
  endfacet
  facet normal 7.933533e-01 6.087614e-01 -4.645770e-04
    outer loop
      vertex   -2.257496e-02 -1.150000e-02 -3.200000e-03
      vertex   -2.258076e-02 -1.149000e-02 0.000000e+00
      vertex   -2.210718e-02 -1.210718e-02 0.000000e+00
    endloop
  endfacet
  facet normal 7.912824e-01 6.114508e-01 3.484328e-04
    outer loop
      vertex   -2.257496e-02 -1.150000e-02 -3.200000e-03
      vertex   -2.210718e-02 -1.210718e-02 0.000000e+00
      vertex   -2.210104e-02 -1.211330e-02 -3.200000e-03
    endloop
  endfacet
  facet normal 6.087614e-01 7.933533e-01 -3.497357e-04
    outer loop
      vertex   -2.210104e-02 -1.211330e-02 -3.200000e-03
      vertex   -2.210718e-02 -1.210718e-02 0.000000e+00
      vertex   -2.149000e-02 -1.258076e-02 0.000000e+00
    endloop
  endfacet
  facet normal 6.068361e-01 7.948269e-01 2.331572e-04
    outer loop
      vertex   -2.210104e-02 -1.211330e-02 -3.200000e-03
      vertex   -2.149000e-02 -1.258076e-02 0.000000e+00
      vertex   -2.148499e-02 -1.258364e-02 -3.200000e-03
    endloop
  endfacet
  facet normal 3.826834e-01 9.238795e-01 -2.340257e-04
    outer loop
      vertex   -2.148499e-02 -1.258364e-02 -3.200000e-03
      vertex   -2.149000e-02 -1.258076e-02 0.000000e+00
      vertex   -2.077128e-02 -1.287846e-02 0.000000e+00
    endloop
  endfacet
  facet normal 3.813391e-01 9.244352e-01 1.170128e-04
    outer loop
      vertex   -2.148499e-02 -1.258364e-02 -3.200000e-03
      vertex   -2.077128e-02 -1.287846e-02 0.000000e+00
      vertex   -2.076849e-02 -1.287921e-02 -3.200000e-03
    endloop
  endfacet
  facet normal 1.305262e-01 9.914449e-01 -1.174471e-04
    outer loop
      vertex   -2.076849e-02 -1.287921e-02 -3.200000e-03
      vertex   -2.077128e-02 -1.287846e-02 0.000000e+00
      vertex   -2.000000e-02 -1.298000e-02 0.000000e+00
    endloop
  endfacet
  facet normal 1.300454e-01 9.915080e-01 0.000000e+00
    outer loop
      vertex   -2.076849e-02 -1.287921e-02 -3.200000e-03
      vertex   -2.000000e-02 -1.298000e-02 0.000000e+00
      vertex   -2.000000e-02 -1.298000e-02 -3.200000e-03
    endloop
  endfacet
  facet normal -1.300454e-01 9.915080e-01 0.000000e+00
    outer loop
      vertex   -2.000000e-02 -1.298000e-02 -3.200000e-03
      vertex   -2.000000e-02 -1.298000e-02 0.000000e+00
      vertex   -1.923151e-02 -1.287921e-02 -3.200000e-03
    endloop
  endfacet
  facet normal -1.305262e-01 9.914449e-01 -1.174471e-04
    outer loop
      vertex   -1.923151e-02 -1.287921e-02 -3.200000e-03
      vertex   -2.000000e-02 -1.298000e-02 0.000000e+00
      vertex   -1.922872e-02 -1.287846e-02 0.000000e+00
    endloop
  endfacet
  facet normal -3.813391e-01 9.244352e-01 1.170128e-04
    outer loop
      vertex   -1.923151e-02 -1.287921e-02 -3.200000e-03
      vertex   -1.922872e-02 -1.287846e-02 0.000000e+00
      vertex   -1.851501e-02 -1.258364e-02 -3.200000e-03
    endloop
  endfacet
  facet normal -3.826834e-01 9.238795e-01 -2.340257e-04
    outer loop
      vertex   -1.851501e-02 -1.258364e-02 -3.200000e-03
      vertex   -1.922872e-02 -1.287846e-02 0.000000e+00
      vertex   -1.851000e-02 -1.258076e-02 0.000000e+00
    endloop
  endfacet
  facet normal -6.068361e-01 7.948269e-01 2.331572e-04
    outer loop
      vertex   -1.851501e-02 -1.258364e-02 -3.200000e-03
      vertex   -1.851000e-02 -1.258076e-02 0.000000e+00
      vertex   -1.789896e-02 -1.211330e-02 -3.200000e-03
    endloop
  endfacet
  facet normal -6.087614e-01 7.933533e-01 -3.497357e-04
    outer loop
      vertex   -1.789896e-02 -1.211330e-02 -3.200000e-03
      vertex   -1.851000e-02 -1.258076e-02 0.000000e+00
      vertex   -1.789282e-02 -1.210718e-02 0.000000e+00
    endloop
  endfacet
  facet normal 0.000000e+00 0.000000e+00 1.000000e+00
    outer loop
      vertex   -2.257496e-02 -8.500000e-03 -3.200000e-03
      vertex   -1.742504e-02 -8.500000e-03 -3.200000e-03
      vertex   -2.210104e-02 -7.886700e-03 -3.200000e-03
    endloop
  endfacet
  facet normal -0.000000e+00 0.000000e+00 1.000000e+00
    outer loop
      vertex   -2.210104e-02 -7.886700e-03 -3.200000e-03
      vertex   -1.742504e-02 -8.500000e-03 -3.200000e-03
      vertex   -1.789896e-02 -7.886700e-03 -3.200000e-03
    endloop
  endfacet
  facet normal 0.000000e+00 0.000000e+00 1.000000e+00
    outer loop
      vertex   -2.210104e-02 -7.886700e-03 -3.200000e-03
      vertex   -1.789896e-02 -7.886700e-03 -3.200000e-03
      vertex   -2.148499e-02 -7.416359e-03 -3.200000e-03
    endloop
  endfacet
  facet normal -0.000000e+00 0.000000e+00 1.000000e+00
    outer loop
      vertex   -2.148499e-02 -7.416359e-03 -3.200000e-03
      vertex   -1.789896e-02 -7.886700e-03 -3.200000e-03
      vertex   -1.851501e-02 -7.416359e-03 -3.200000e-03
    endloop
  endfacet
  facet normal 0.000000e+00 0.000000e+00 1.000000e+00
    outer loop
      vertex   -2.148499e-02 -7.416359e-03 -3.200000e-03
      vertex   -1.851501e-02 -7.416359e-03 -3.200000e-03
      vertex   -2.076849e-02 -7.120794e-03 -3.200000e-03
    endloop
  endfacet
  facet normal -0.000000e+00 0.000000e+00 1.000000e+00
    outer loop
      vertex   -2.076849e-02 -7.120794e-03 -3.200000e-03
      vertex   -1.851501e-02 -7.416359e-03 -3.200000e-03
      vertex   -1.923151e-02 -7.120794e-03 -3.200000e-03
    endloop
  endfacet
  facet normal 0.000000e+00 0.000000e+00 1.000000e+00
    outer loop
      vertex   -2.076849e-02 -7.120794e-03 -3.200000e-03
      vertex   -1.923151e-02 -7.120794e-03 -3.200000e-03
      vertex   -2.000000e-02 -7.020000e-03 -3.200000e-03
    endloop
  endfacet
  facet normal 1.271602e-01 -9.918821e-01 3.484328e-04
    outer loop
      vertex   1.000867e-02 -7.020013e-03 -3.200000e-03
      vertex   1.000000e-02 -7.020000e-03 0.000000e+00
      vertex   9.239891e-03 -7.118571e-03 -3.200000e-03
    endloop
  endfacet
  facet normal 1.305262e-01 -9.914448e-01 -4.645770e-04
    outer loop
      vertex   9.239891e-03 -7.118571e-03 -3.200000e-03
      vertex   1.000000e-02 -7.020000e-03 0.000000e+00
      vertex   9.228719e-03 -7.121541e-03 0.000000e+00
    endloop
  endfacet
  facet normal 2.569451e-01 -9.664260e-01 0.000000e+00
    outer loop
      vertex   9.239891e-03 -7.118571e-03 -3.200000e-03
      vertex   9.228719e-03 -7.121541e-03 0.000000e+00
      vertex   9.239891e-03 -7.118571e-03 -3.400000e-03
    endloop
  endfacet
  facet normal 3.554690e-01 -9.346880e-01 3.514606e-04
    outer loop
      vertex   9.239891e-03 -7.118571e-03 -3.400000e-03
      vertex   9.228719e-03 -7.121541e-03 0.000000e+00
      vertex   8.653292e-03 -7.341659e-03 -3.400000e-03
    endloop
  endfacet
  facet normal 3.826787e-01 -9.238682e-01 -4.954090e-03
    outer loop
      vertex   8.653292e-03 -7.341659e-03 -3.400000e-03
      vertex   9.228719e-03 -7.121541e-03 0.000000e+00
      vertex   8.510000e-03 -7.419244e-03 0.000000e+00
    endloop
  endfacet
  facet normal 5.433332e-01 -8.395088e-01 3.741664e-03
    outer loop
      vertex   8.653292e-03 -7.341659e-03 -3.400000e-03
      vertex   8.510000e-03 -7.419244e-03 0.000000e+00
      vertex   8.126423e-03 -7.682651e-03 -3.400000e-03
    endloop
  endfacet
  facet normal 6.087456e-01 -7.933327e-01 -7.215332e-03
    outer loop
      vertex   8.126423e-03 -7.682651e-03 -3.400000e-03
      vertex   8.510000e-03 -7.419244e-03 0.000000e+00
      vertex   7.892822e-03 -7.892822e-03 0.000000e+00
    endloop
  endfacet
  facet normal 7.070984e-01 -7.070984e-01 4.872681e-03
    outer loop
      vertex   8.126423e-03 -7.682651e-03 -3.400000e-03
      vertex   7.892822e-03 -7.892822e-03 0.000000e+00
      vertex   7.682651e-03 -8.126423e-03 -3.400000e-03
    endloop
  endfacet
  facet normal 7.933327e-01 -6.087456e-01 -7.215332e-03
    outer loop
      vertex   7.682651e-03 -8.126423e-03 -3.400000e-03
      vertex   7.892822e-03 -7.892822e-03 0.000000e+00
      vertex   7.419244e-03 -8.510000e-03 0.000000e+00
    endloop
  endfacet
  facet normal 8.395088e-01 -5.433332e-01 3.741664e-03
    outer loop
      vertex   7.682651e-03 -8.126423e-03 -3.400000e-03
      vertex   7.419244e-03 -8.510000e-03 0.000000e+00
      vertex   7.341659e-03 -8.653292e-03 -3.400000e-03
    endloop
  endfacet
  facet normal 9.238682e-01 -3.826787e-01 -4.954090e-03
    outer loop
      vertex   7.341659e-03 -8.653292e-03 -3.400000e-03
      vertex   7.419244e-03 -8.510000e-03 0.000000e+00
      vertex   7.121541e-03 -9.228719e-03 0.000000e+00
    endloop
  endfacet
  facet normal 9.346880e-01 -3.554690e-01 3.514606e-04
    outer loop
      vertex   7.341659e-03 -8.653292e-03 -3.400000e-03
      vertex   7.121541e-03 -9.228719e-03 0.000000e+00
      vertex   7.118571e-03 -9.239891e-03 -3.400000e-03
    endloop
  endfacet
  facet normal 9.664260e-01 -2.569451e-01 0.000000e+00
    outer loop
      vertex   7.118571e-03 -9.239891e-03 -3.400000e-03
      vertex   7.121541e-03 -9.228719e-03 0.000000e+00
      vertex   7.118571e-03 -9.239891e-03 -3.200000e-03
    endloop
  endfacet
  facet normal 9.914448e-01 -1.305262e-01 -4.645770e-04
    outer loop
      vertex   7.118571e-03 -9.239891e-03 -3.200000e-03
      vertex   7.121541e-03 -9.228719e-03 0.000000e+00
      vertex   7.020000e-03 -1.000000e-02 0.000000e+00
    endloop
  endfacet
  facet normal 9.918821e-01 -1.271602e-01 3.484328e-04
    outer loop
      vertex   7.118571e-03 -9.239891e-03 -3.200000e-03
      vertex   7.020000e-03 -1.000000e-02 0.000000e+00
      vertex   7.020013e-03 -1.000867e-02 -3.200000e-03
    endloop
  endfacet
  facet normal 9.914448e-01 1.305262e-01 -3.497357e-04
    outer loop
      vertex   7.020013e-03 -1.000867e-02 -3.200000e-03
      vertex   7.020000e-03 -1.000000e-02 0.000000e+00
      vertex   7.121541e-03 -1.077128e-02 0.000000e+00
    endloop
  endfacet
  facet normal 9.911255e-01 1.329296e-01 2.331572e-04
    outer loop
      vertex   7.020013e-03 -1.000867e-02 -3.200000e-03
      vertex   7.121541e-03 -1.077128e-02 0.000000e+00
      vertex   7.123042e-03 -1.077686e-02 -3.200000e-03
    endloop
  endfacet
  facet normal 9.238795e-01 3.826834e-01 -2.340257e-04
    outer loop
      vertex   7.123042e-03 -1.077686e-02 -3.200000e-03
      vertex   7.121541e-03 -1.077128e-02 0.000000e+00
      vertex   7.419244e-03 -1.149000e-02 0.000000e+00
    endloop
  endfacet
  facet normal 9.233219e-01 3.840270e-01 1.170128e-04
    outer loop
      vertex   7.123042e-03 -1.077686e-02 -3.200000e-03
      vertex   7.419244e-03 -1.149000e-02 0.000000e+00
      vertex   7.420691e-03 -1.149250e-02 -3.200000e-03
    endloop
  endfacet
  facet normal 7.933533e-01 6.087614e-01 -1.174471e-04
    outer loop
      vertex   7.420691e-03 -1.149250e-02 -3.200000e-03
      vertex   7.419244e-03 -1.149000e-02 0.000000e+00
      vertex   7.892822e-03 -1.210718e-02 0.000000e+00
    endloop
  endfacet
  facet normal 7.930581e-01 6.091461e-01 0.000000e+00
    outer loop
      vertex   7.420691e-03 -1.149250e-02 -3.200000e-03
      vertex   7.892822e-03 -1.210718e-02 0.000000e+00
      vertex   7.892822e-03 -1.210718e-02 -3.200000e-03
    endloop
  endfacet
  facet normal 6.091461e-01 7.930581e-01 -0.000000e+00
    outer loop
      vertex   7.892822e-03 -1.210718e-02 -3.200000e-03
      vertex   7.892822e-03 -1.210718e-02 0.000000e+00
      vertex   8.507498e-03 -1.257931e-02 -3.200000e-03
    endloop
  endfacet
  facet normal 6.087614e-01 7.933533e-01 -1.174471e-04
    outer loop
      vertex   8.507498e-03 -1.257931e-02 -3.200000e-03
      vertex   7.892822e-03 -1.210718e-02 0.000000e+00
      vertex   8.510000e-03 -1.258076e-02 0.000000e+00
    endloop
  endfacet
  facet normal 3.840270e-01 9.233219e-01 1.170128e-04
    outer loop
      vertex   8.507498e-03 -1.257931e-02 -3.200000e-03
      vertex   8.510000e-03 -1.258076e-02 0.000000e+00
      vertex   9.223138e-03 -1.287696e-02 -3.200000e-03
    endloop
  endfacet
  facet normal 3.826834e-01 9.238795e-01 -2.340257e-04
    outer loop
      vertex   9.223138e-03 -1.287696e-02 -3.200000e-03
      vertex   8.510000e-03 -1.258076e-02 0.000000e+00
      vertex   9.228719e-03 -1.287846e-02 0.000000e+00
    endloop
  endfacet
  facet normal 1.329296e-01 9.911255e-01 2.331572e-04
    outer loop
      vertex   9.223138e-03 -1.287696e-02 -3.200000e-03
      vertex   9.228719e-03 -1.287846e-02 0.000000e+00
      vertex   9.991330e-03 -1.297999e-02 -3.200000e-03
    endloop
  endfacet
  facet normal 1.305262e-01 9.914448e-01 -3.497357e-04
    outer loop
      vertex   9.991330e-03 -1.297999e-02 -3.200000e-03
      vertex   9.228719e-03 -1.287846e-02 0.000000e+00
      vertex   1.000000e-02 -1.298000e-02 0.000000e+00
    endloop
  endfacet
  facet normal -1.271602e-01 9.918821e-01 3.484328e-04
    outer loop
      vertex   9.991330e-03 -1.297999e-02 -3.200000e-03
      vertex   1.000000e-02 -1.298000e-02 0.000000e+00
      vertex   1.076011e-02 -1.288143e-02 -3.200000e-03
    endloop
  endfacet
  facet normal -1.305262e-01 9.914448e-01 -4.645770e-04
    outer loop
      vertex   1.076011e-02 -1.288143e-02 -3.200000e-03
      vertex   1.000000e-02 -1.298000e-02 0.000000e+00
      vertex   1.077128e-02 -1.287846e-02 0.000000e+00
    endloop
  endfacet
  facet normal -2.569451e-01 9.664260e-01 0.000000e+00
    outer loop
      vertex   1.076011e-02 -1.288143e-02 -3.200000e-03
      vertex   1.077128e-02 -1.287846e-02 0.000000e+00
      vertex   1.076011e-02 -1.288143e-02 -3.400000e-03
    endloop
  endfacet
  facet normal -3.554690e-01 9.346880e-01 3.514606e-04
    outer loop
      vertex   1.076011e-02 -1.288143e-02 -3.400000e-03
      vertex   1.077128e-02 -1.287846e-02 0.000000e+00
      vertex   1.134671e-02 -1.265834e-02 -3.400000e-03
    endloop
  endfacet
  facet normal -3.826787e-01 9.238682e-01 -4.954090e-03
    outer loop
      vertex   1.134671e-02 -1.265834e-02 -3.400000e-03
      vertex   1.077128e-02 -1.287846e-02 0.000000e+00
      vertex   1.149000e-02 -1.258076e-02 0.000000e+00
    endloop
  endfacet
  facet normal -5.433332e-01 8.395088e-01 3.741664e-03
    outer loop
      vertex   1.134671e-02 -1.265834e-02 -3.400000e-03
      vertex   1.149000e-02 -1.258076e-02 0.000000e+00
      vertex   1.187358e-02 -1.231735e-02 -3.400000e-03
    endloop
  endfacet
  facet normal -6.087456e-01 7.933327e-01 -7.215332e-03
    outer loop
      vertex   1.187358e-02 -1.231735e-02 -3.400000e-03
      vertex   1.149000e-02 -1.258076e-02 0.000000e+00
      vertex   1.210718e-02 -1.210718e-02 0.000000e+00
    endloop
  endfacet
  facet normal -7.070984e-01 7.070984e-01 4.872681e-03
    outer loop
      vertex   1.187358e-02 -1.231735e-02 -3.400000e-03
      vertex   1.210718e-02 -1.210718e-02 0.000000e+00
      vertex   1.231735e-02 -1.187358e-02 -3.400000e-03
    endloop
  endfacet
  facet normal -7.933327e-01 6.087456e-01 -7.215332e-03
    outer loop
      vertex   1.231735e-02 -1.187358e-02 -3.400000e-03
      vertex   1.210718e-02 -1.210718e-02 0.000000e+00
      vertex   1.258076e-02 -1.149000e-02 0.000000e+00
    endloop
  endfacet
  facet normal -8.395088e-01 5.433332e-01 3.741664e-03
    outer loop
      vertex   1.231735e-02 -1.187358e-02 -3.400000e-03
      vertex   1.258076e-02 -1.149000e-02 0.000000e+00
      vertex   1.265834e-02 -1.134671e-02 -3.400000e-03
    endloop
  endfacet
  facet normal -9.238682e-01 3.826787e-01 -4.954090e-03
    outer loop
      vertex   1.265834e-02 -1.134671e-02 -3.400000e-03
      vertex   1.258076e-02 -1.149000e-02 0.000000e+00
      vertex   1.287846e-02 -1.077128e-02 0.000000e+00
    endloop
  endfacet
  facet normal -9.346880e-01 3.554690e-01 3.514606e-04
    outer loop
      vertex   1.265834e-02 -1.134671e-02 -3.400000e-03
      vertex   1.287846e-02 -1.077128e-02 0.000000e+00
      vertex   1.288143e-02 -1.076011e-02 -3.400000e-03
    endloop
  endfacet
  facet normal -9.664260e-01 2.569451e-01 0.000000e+00
    outer loop
      vertex   1.288143e-02 -1.076011e-02 -3.400000e-03
      vertex   1.287846e-02 -1.077128e-02 0.000000e+00
      vertex   1.288143e-02 -1.076011e-02 -3.200000e-03
    endloop
  endfacet
  facet normal -9.914448e-01 1.305262e-01 -4.645770e-04
    outer loop
      vertex   1.288143e-02 -1.076011e-02 -3.200000e-03
      vertex   1.287846e-02 -1.077128e-02 0.000000e+00
      vertex   1.298000e-02 -1.000000e-02 0.000000e+00
    endloop
  endfacet
  facet normal -9.918821e-01 1.271602e-01 3.484328e-04
    outer loop
      vertex   1.288143e-02 -1.076011e-02 -3.200000e-03
      vertex   1.298000e-02 -1.000000e-02 0.000000e+00
      vertex   1.297999e-02 -9.991330e-03 -3.200000e-03
    endloop
  endfacet
  facet normal -9.914448e-01 -1.305262e-01 -3.497357e-04
    outer loop
      vertex   1.297999e-02 -9.991330e-03 -3.200000e-03
      vertex   1.298000e-02 -1.000000e-02 0.000000e+00
      vertex   1.287846e-02 -9.228719e-03 0.000000e+00
    endloop
  endfacet
  facet normal -9.911255e-01 -1.329296e-01 2.331572e-04
    outer loop
      vertex   1.297999e-02 -9.991330e-03 -3.200000e-03
      vertex   1.287846e-02 -9.228719e-03 0.000000e+00
      vertex   1.287696e-02 -9.223138e-03 -3.200000e-03
    endloop
  endfacet
  facet normal -9.238795e-01 -3.826834e-01 -2.340257e-04
    outer loop
      vertex   1.287696e-02 -9.223138e-03 -3.200000e-03
      vertex   1.287846e-02 -9.228719e-03 0.000000e+00
      vertex   1.258076e-02 -8.510000e-03 0.000000e+00
    endloop
  endfacet
  facet normal -9.233219e-01 -3.840270e-01 1.170128e-04
    outer loop
      vertex   1.287696e-02 -9.223138e-03 -3.200000e-03
      vertex   1.258076e-02 -8.510000e-03 0.000000e+00
      vertex   1.257931e-02 -8.507498e-03 -3.200000e-03
    endloop
  endfacet
  facet normal -7.933533e-01 -6.087614e-01 -1.174471e-04
    outer loop
      vertex   1.257931e-02 -8.507498e-03 -3.200000e-03
      vertex   1.258076e-02 -8.510000e-03 0.000000e+00
      vertex   1.210718e-02 -7.892822e-03 0.000000e+00
    endloop
  endfacet
  facet normal -7.930581e-01 -6.091461e-01 -7.897520e-16
    outer loop
      vertex   1.257931e-02 -8.507498e-03 -3.200000e-03
      vertex   1.210718e-02 -7.892822e-03 0.000000e+00
      vertex   1.210718e-02 -7.892822e-03 -3.200000e-03
    endloop
  endfacet
  facet normal -6.091461e-01 -7.930581e-01 7.975912e-16
    outer loop
      vertex   1.210718e-02 -7.892822e-03 -3.200000e-03
      vertex   1.210718e-02 -7.892822e-03 0.000000e+00
      vertex   1.149250e-02 -7.420691e-03 -3.200000e-03
    endloop
  endfacet
  facet normal -6.087614e-01 -7.933533e-01 -1.174471e-04
    outer loop
      vertex   1.149250e-02 -7.420691e-03 -3.200000e-03
      vertex   1.210718e-02 -7.892822e-03 0.000000e+00
      vertex   1.149000e-02 -7.419244e-03 0.000000e+00
    endloop
  endfacet
  facet normal -3.840270e-01 -9.233219e-01 1.170128e-04
    outer loop
      vertex   1.149250e-02 -7.420691e-03 -3.200000e-03
      vertex   1.149000e-02 -7.419244e-03 0.000000e+00
      vertex   1.077686e-02 -7.123042e-03 -3.200000e-03
    endloop
  endfacet
  facet normal -3.826834e-01 -9.238795e-01 -2.340257e-04
    outer loop
      vertex   1.077686e-02 -7.123042e-03 -3.200000e-03
      vertex   1.149000e-02 -7.419244e-03 0.000000e+00
      vertex   1.077128e-02 -7.121541e-03 0.000000e+00
    endloop
  endfacet
  facet normal -1.329296e-01 -9.911255e-01 2.331572e-04
    outer loop
      vertex   1.077686e-02 -7.123042e-03 -3.200000e-03
      vertex   1.077128e-02 -7.121541e-03 0.000000e+00
      vertex   1.000867e-02 -7.020013e-03 -3.200000e-03
    endloop
  endfacet
  facet normal -1.305262e-01 -9.914448e-01 -3.497357e-04
    outer loop
      vertex   1.000867e-02 -7.020013e-03 -3.200000e-03
      vertex   1.077128e-02 -7.121541e-03 0.000000e+00
      vertex   1.000000e-02 -7.020000e-03 0.000000e+00
    endloop
  endfacet
  facet normal 6.087614e-01 7.933533e-01 -5.118356e-15
    outer loop
      vertex   9.250000e-03 -1.129904e-02 -3.400000e-03
      vertex   9.250000e-03 -1.129904e-02 -5.000000e-03
      vertex   8.939340e-03 -1.106066e-02 -3.400000e-03
    endloop
  endfacet
  facet normal 6.087614e-01 7.933533e-01 3.870699e-14
    outer loop
      vertex   8.939340e-03 -1.106066e-02 -3.400000e-03
      vertex   9.250000e-03 -1.129904e-02 -5.000000e-03
      vertex   8.939340e-03 -1.106066e-02 -5.000000e-03
    endloop
  endfacet
  facet normal 7.933533e-01 6.087614e-01 2.970092e-14
    outer loop
      vertex   8.939340e-03 -1.106066e-02 -3.400000e-03
      vertex   8.939340e-03 -1.106066e-02 -5.000000e-03
      vertex   8.700962e-03 -1.075000e-02 -3.400000e-03
    endloop
  endfacet
  facet normal 7.933533e-01 6.087614e-01 5.118356e-15
    outer loop
      vertex   8.700962e-03 -1.075000e-02 -3.400000e-03
      vertex   8.939340e-03 -1.106066e-02 -5.000000e-03
      vertex   8.700962e-03 -1.075000e-02 -5.000000e-03
    endloop
  endfacet
  facet normal 9.238795e-01 3.826834e-01 -3.235849e-15
    outer loop
      vertex   8.700962e-03 -1.075000e-02 -3.400000e-03
      vertex   8.700962e-03 -1.075000e-02 -5.000000e-03
      vertex   8.551111e-03 -1.038823e-02 -3.400000e-03
    endloop
  endfacet
  facet normal 9.238795e-01 3.826834e-01 3.775856e-15
    outer loop
      vertex   8.551111e-03 -1.038823e-02 -3.400000e-03
      vertex   8.700962e-03 -1.075000e-02 -5.000000e-03
      vertex   8.551111e-03 -1.038823e-02 -5.000000e-03
    endloop
  endfacet
  facet normal 9.914449e-01 1.305262e-01 -3.845050e-15
    outer loop
      vertex   8.551111e-03 -1.038823e-02 -3.400000e-03
      vertex   8.551111e-03 -1.038823e-02 -5.000000e-03
      vertex   8.500000e-03 -1.000000e-02 -3.400000e-03
    endloop
  endfacet
  facet normal 9.914449e-01 1.305262e-01 3.254886e-15
    outer loop
      vertex   8.500000e-03 -1.000000e-02 -3.400000e-03
      vertex   8.551111e-03 -1.038823e-02 -5.000000e-03
      vertex   8.500000e-03 -1.000000e-02 -5.000000e-03
    endloop
  endfacet
  facet normal 9.914449e-01 -1.305262e-01 -3.254886e-15
    outer loop
      vertex   8.500000e-03 -1.000000e-02 -3.400000e-03
      vertex   8.500000e-03 -1.000000e-02 -5.000000e-03
      vertex   8.551111e-03 -9.611771e-03 -3.400000e-03
    endloop
  endfacet
  facet normal 9.914449e-01 -1.305262e-01 3.760741e-15
    outer loop
      vertex   8.551111e-03 -9.611771e-03 -3.400000e-03
      vertex   8.500000e-03 -1.000000e-02 -5.000000e-03
      vertex   8.551111e-03 -9.611771e-03 -5.000000e-03
    endloop
  endfacet
  facet normal 9.238795e-01 -3.826834e-01 -1.873185e-15
    outer loop
      vertex   8.551111e-03 -9.611771e-03 -3.400000e-03
      vertex   8.551111e-03 -9.611771e-03 -5.000000e-03
      vertex   8.700962e-03 -9.250000e-03 -3.400000e-03
    endloop
  endfacet
  facet normal 9.238795e-01 -3.826834e-01 1.789784e-15
    outer loop
      vertex   8.700962e-03 -9.250000e-03 -3.400000e-03
      vertex   8.551111e-03 -9.611771e-03 -5.000000e-03
      vertex   8.700962e-03 -9.250000e-03 -5.000000e-03
    endloop
  endfacet
  facet normal 7.933533e-01 -6.087614e-01 -3.019064e-15
    outer loop
      vertex   8.700962e-03 -9.250000e-03 -3.400000e-03
      vertex   8.700962e-03 -9.250000e-03 -5.000000e-03
      vertex   8.939340e-03 -8.939340e-03 -3.400000e-03
    endloop
  endfacet
  facet normal 7.933533e-01 -6.087614e-01 2.661370e-15
    outer loop
      vertex   8.939340e-03 -8.939340e-03 -3.400000e-03
      vertex   8.700962e-03 -9.250000e-03 -5.000000e-03
      vertex   8.939340e-03 -8.939340e-03 -5.000000e-03
    endloop
  endfacet
  facet normal 6.087614e-01 -7.933533e-01 -1.141194e-15
    outer loop
      vertex   8.939340e-03 -8.939340e-03 -3.400000e-03
      vertex   8.939340e-03 -8.939340e-03 -5.000000e-03
      vertex   9.250000e-03 -8.700962e-03 -3.400000e-03
    endloop
  endfacet
  facet normal 6.087614e-01 -7.933533e-01 1.639407e-15
    outer loop
      vertex   9.250000e-03 -8.700962e-03 -3.400000e-03
      vertex   8.939340e-03 -8.939340e-03 -5.000000e-03
      vertex   9.250000e-03 -8.700962e-03 -5.000000e-03
    endloop
  endfacet
  facet normal 3.826834e-01 -9.238795e-01 -1.274205e-15
    outer loop
      vertex   9.250000e-03 -8.700962e-03 -3.400000e-03
      vertex   9.250000e-03 -8.700962e-03 -5.000000e-03
      vertex   9.611771e-03 -8.551111e-03 -3.400000e-03
    endloop
  endfacet
  facet normal 3.826834e-01 -9.238795e-01 1.902671e-15
    outer loop
      vertex   9.611771e-03 -8.551111e-03 -3.400000e-03
      vertex   9.250000e-03 -8.700962e-03 -5.000000e-03
      vertex   9.611771e-03 -8.551111e-03 -5.000000e-03
    endloop
  endfacet
  facet normal 1.305262e-01 -9.914449e-01 -8.430920e-17
    outer loop
      vertex   9.611771e-03 -8.551111e-03 -3.400000e-03
      vertex   9.611771e-03 -8.551111e-03 -5.000000e-03
      vertex   1.000000e-02 -8.500000e-03 -3.400000e-03
    endloop
  endfacet
  facet normal 1.305262e-01 -9.914449e-01 5.660671e-16
    outer loop
      vertex   1.000000e-02 -8.500000e-03 -3.400000e-03
      vertex   9.611771e-03 -8.551111e-03 -5.000000e-03
      vertex   1.000000e-02 -8.500000e-03 -5.000000e-03
    endloop
  endfacet
  facet normal -1.305262e-01 -9.914449e-01 -5.660671e-16
    outer loop
      vertex   1.000000e-02 -8.500000e-03 -3.400000e-03
      vertex   1.000000e-02 -8.500000e-03 -5.000000e-03
      vertex   1.038823e-02 -8.551111e-03 -3.400000e-03
    endloop
  endfacet
  facet normal -1.305262e-01 -9.914449e-01 -1.415168e-16
    outer loop
      vertex   1.038823e-02 -8.551111e-03 -3.400000e-03
      vertex   1.000000e-02 -8.500000e-03 -5.000000e-03
      vertex   1.038823e-02 -8.551111e-03 -5.000000e-03
    endloop
  endfacet
  facet normal -3.826834e-01 -9.238795e-01 -4.149062e-16
    outer loop
      vertex   1.038823e-02 -8.551111e-03 -3.400000e-03
      vertex   1.038823e-02 -8.551111e-03 -5.000000e-03
      vertex   1.075000e-02 -8.700962e-03 -3.400000e-03
    endloop
  endfacet
  facet normal -3.826834e-01 -9.238795e-01 2.430464e-16
    outer loop
      vertex   1.075000e-02 -8.700962e-03 -3.400000e-03
      vertex   1.038823e-02 -8.551111e-03 -5.000000e-03
      vertex   1.075000e-02 -8.700962e-03 -5.000000e-03
    endloop
  endfacet
  facet normal -6.087614e-01 -7.933533e-01 1.119906e-15
    outer loop
      vertex   1.075000e-02 -8.700962e-03 -3.400000e-03
      vertex   1.075000e-02 -8.700962e-03 -5.000000e-03
      vertex   1.106066e-02 -8.939340e-03 -3.400000e-03
    endloop
  endfacet
  facet normal -6.087614e-01 -7.933533e-01 -2.274302e-14
    outer loop
      vertex   1.106066e-02 -8.939340e-03 -3.400000e-03
      vertex   1.075000e-02 -8.700962e-03 -5.000000e-03
      vertex   1.106066e-02 -8.939340e-03 -5.000000e-03
    endloop
  endfacet
  facet normal -7.933533e-01 -6.087614e-01 -2.134208e-14
    outer loop
      vertex   1.106066e-02 -8.939340e-03 -3.400000e-03
      vertex   1.106066e-02 -8.939340e-03 -5.000000e-03
      vertex   1.129904e-02 -9.250000e-03 -3.400000e-03
    endloop
  endfacet
  facet normal -7.933533e-01 -6.087614e-01 2.001350e-16
    outer loop
      vertex   1.129904e-02 -9.250000e-03 -3.400000e-03
      vertex   1.106066e-02 -8.939340e-03 -5.000000e-03
      vertex   1.129904e-02 -9.250000e-03 -5.000000e-03
    endloop
  endfacet
  facet normal -9.238795e-01 -3.826834e-01 5.867660e-16
    outer loop
      vertex   1.129904e-02 -9.250000e-03 -3.400000e-03
      vertex   1.129904e-02 -9.250000e-03 -5.000000e-03
      vertex   1.144889e-02 -9.611771e-03 -3.400000e-03
    endloop
  endfacet
  facet normal -9.238795e-01 -3.826834e-01 4.149062e-16
    outer loop
      vertex   1.144889e-02 -9.611771e-03 -3.400000e-03
      vertex   1.129904e-02 -9.250000e-03 -5.000000e-03
      vertex   1.144889e-02 -9.611771e-03 -5.000000e-03
    endloop
  endfacet
  facet normal -9.914449e-01 -1.305262e-01 1.415168e-16
    outer loop
      vertex   1.144889e-02 -9.611771e-03 -3.400000e-03
      vertex   1.144889e-02 -9.611771e-03 -5.000000e-03
      vertex   1.150000e-02 -1.000000e-02 -3.400000e-03
    endloop
  endfacet
  facet normal -9.914449e-01 -1.305262e-01 5.660671e-16
    outer loop
      vertex   1.150000e-02 -1.000000e-02 -3.400000e-03
      vertex   1.144889e-02 -9.611771e-03 -5.000000e-03
      vertex   1.150000e-02 -1.000000e-02 -5.000000e-03
    endloop
  endfacet
  facet normal -9.914449e-01 1.305262e-01 -5.660671e-16
    outer loop
      vertex   1.150000e-02 -1.000000e-02 -3.400000e-03
      vertex   1.150000e-02 -1.000000e-02 -5.000000e-03
      vertex   1.144889e-02 -1.038823e-02 -3.400000e-03
    endloop
  endfacet
  facet normal -9.914449e-01 1.305262e-01 1.159236e-15
    outer loop
      vertex   1.144889e-02 -1.038823e-02 -3.400000e-03
      vertex   1.150000e-02 -1.000000e-02 -5.000000e-03
      vertex   1.144889e-02 -1.038823e-02 -5.000000e-03
    endloop
  endfacet
  facet normal -9.238795e-01 3.826834e-01 -9.009991e-16
    outer loop
      vertex   1.144889e-02 -1.038823e-02 -3.400000e-03
      vertex   1.144889e-02 -1.038823e-02 -5.000000e-03
      vertex   1.129904e-02 -1.075000e-02 -3.400000e-03
    endloop
  endfacet
  facet normal -9.238795e-01 3.826834e-01 4.443927e-16
    outer loop
      vertex   1.129904e-02 -1.075000e-02 -3.400000e-03
      vertex   1.144889e-02 -1.038823e-02 -5.000000e-03
      vertex   1.129904e-02 -1.075000e-02 -5.000000e-03
    endloop
  endfacet
  facet normal -7.933533e-01 6.087614e-01 -2.959448e-15
    outer loop
      vertex   1.129904e-02 -1.075000e-02 -3.400000e-03
      vertex   1.129904e-02 -1.075000e-02 -5.000000e-03
      vertex   1.106066e-02 -1.106066e-02 -3.400000e-03
    endloop
  endfacet
  facet normal -7.933533e-01 6.087614e-01 1.801215e-15
    outer loop
      vertex   1.106066e-02 -1.106066e-02 -3.400000e-03
      vertex   1.129904e-02 -1.075000e-02 -5.000000e-03
      vertex   1.106066e-02 -1.106066e-02 -5.000000e-03
    endloop
  endfacet
  facet normal -6.087614e-01 7.933533e-01 -1.801215e-15
    outer loop
      vertex   1.106066e-02 -1.106066e-02 -3.400000e-03
      vertex   1.106066e-02 -1.106066e-02 -5.000000e-03
      vertex   1.075000e-02 -1.129904e-02 -3.400000e-03
    endloop
  endfacet
  facet normal -6.087614e-01 7.933533e-01 2.359043e-15
    outer loop
      vertex   1.075000e-02 -1.129904e-02 -3.400000e-03
      vertex   1.106066e-02 -1.106066e-02 -5.000000e-03
      vertex   1.075000e-02 -1.129904e-02 -5.000000e-03
    endloop
  endfacet
  facet normal -3.826834e-01 9.238795e-01 -2.204691e-15
    outer loop
      vertex   1.075000e-02 -1.129904e-02 -3.400000e-03
      vertex   1.075000e-02 -1.129904e-02 -5.000000e-03
      vertex   1.038823e-02 -1.144889e-02 -3.400000e-03
    endloop
  endfacet
  facet normal -3.826834e-01 9.238795e-01 2.874857e-15
    outer loop
      vertex   1.038823e-02 -1.144889e-02 -3.400000e-03
      vertex   1.075000e-02 -1.129904e-02 -5.000000e-03
      vertex   1.038823e-02 -1.144889e-02 -5.000000e-03
    endloop
  endfacet
  facet normal -1.305262e-01 9.914449e-01 -2.685815e-15
    outer loop
      vertex   1.038823e-02 -1.144889e-02 -3.400000e-03
      vertex   1.038823e-02 -1.144889e-02 -5.000000e-03
      vertex   1.000000e-02 -1.150000e-02 -3.400000e-03
    endloop
  endfacet
  facet normal -1.305262e-01 9.914449e-01 3.254886e-15
    outer loop
      vertex   1.000000e-02 -1.150000e-02 -3.400000e-03
      vertex   1.038823e-02 -1.144889e-02 -5.000000e-03
      vertex   1.000000e-02 -1.150000e-02 -5.000000e-03
    endloop
  endfacet
  facet normal 1.305262e-01 9.914449e-01 -3.254886e-15
    outer loop
      vertex   1.000000e-02 -1.150000e-02 -3.400000e-03
      vertex   1.000000e-02 -1.150000e-02 -5.000000e-03
      vertex   9.611771e-03 -1.144889e-02 -3.400000e-03
    endloop
  endfacet
  facet normal 1.305262e-01 9.914449e-01 3.845050e-15
    outer loop
      vertex   9.611771e-03 -1.144889e-02 -3.400000e-03
      vertex   1.000000e-02 -1.150000e-02 -5.000000e-03
      vertex   9.611771e-03 -1.144889e-02 -5.000000e-03
    endloop
  endfacet
  facet normal 3.826834e-01 9.238795e-01 -3.775856e-15
    outer loop
      vertex   9.611771e-03 -1.144889e-02 -3.400000e-03
      vertex   9.611771e-03 -1.144889e-02 -5.000000e-03
      vertex   9.250000e-03 -1.129904e-02 -3.400000e-03
    endloop
  endfacet
  facet normal 3.826834e-01 9.238795e-01 3.235849e-15
    outer loop
      vertex   9.250000e-03 -1.129904e-02 -3.400000e-03
      vertex   9.611771e-03 -1.144889e-02 -5.000000e-03
      vertex   9.250000e-03 -1.129904e-02 -5.000000e-03
    endloop
  endfacet
  facet normal 1.305262e-01 -9.914449e-01 -7.450601e-15
    outer loop
      vertex   -2.038823e-02 -8.551111e-03 -3.400000e-03
      vertex   -2.038823e-02 -8.551111e-03 -6.000000e-03
      vertex   -2.000000e-02 -8.500000e-03 -3.400000e-03
    endloop
  endfacet
  facet normal 1.305262e-01 -9.914449e-01 0.000000e+00
    outer loop
      vertex   -2.000000e-02 -8.500000e-03 -3.400000e-03
      vertex   -2.038823e-02 -8.551111e-03 -6.000000e-03
      vertex   -2.000000e-02 -8.500000e-03 -6.000000e-03
    endloop
  endfacet
  facet normal -1.305262e-01 -9.914449e-01 -0.000000e+00
    outer loop
      vertex   -2.000000e-02 -8.500000e-03 -3.400000e-03
      vertex   -2.000000e-02 -8.500000e-03 -6.000000e-03
      vertex   -1.961177e-02 -8.551111e-03 -3.400000e-03
    endloop
  endfacet
  facet normal -1.305262e-01 -9.914449e-01 -7.624776e-15
    outer loop
      vertex   -1.961177e-02 -8.551111e-03 -3.400000e-03
      vertex   -2.000000e-02 -8.500000e-03 -6.000000e-03
      vertex   -1.961177e-02 -8.551111e-03 -6.000000e-03
    endloop
  endfacet
  facet normal -3.826834e-01 -9.238795e-01 -7.801858e-15
    outer loop
      vertex   -1.961177e-02 -8.551111e-03 -3.400000e-03
      vertex   -1.961177e-02 -8.551111e-03 -6.000000e-03
      vertex   -1.925000e-02 -8.700962e-03 -3.400000e-03
    endloop
  endfacet
  facet normal -3.826834e-01 -9.238795e-01 -7.696098e-15
    outer loop
      vertex   -1.925000e-02 -8.700962e-03 -3.400000e-03
      vertex   -1.961177e-02 -8.551111e-03 -6.000000e-03
      vertex   -1.925000e-02 -8.700962e-03 -6.000000e-03
    endloop
  endfacet
  facet normal -6.087614e-01 -7.933533e-01 -7.730263e-15
    outer loop
      vertex   -1.925000e-02 -8.700962e-03 -3.400000e-03
      vertex   -1.925000e-02 -8.700962e-03 -6.000000e-03
      vertex   -1.893934e-02 -8.939340e-03 -3.400000e-03
    endloop
  endfacet
  facet normal -6.087614e-01 -7.933533e-01 -7.483943e-15
    outer loop
      vertex   -1.893934e-02 -8.939340e-03 -3.400000e-03
      vertex   -1.925000e-02 -8.700962e-03 -6.000000e-03
      vertex   -1.893934e-02 -8.939340e-03 -6.000000e-03
    endloop
  endfacet
  facet normal -7.933533e-01 -6.087614e-01 -7.483943e-15
    outer loop
      vertex   -1.893934e-02 -8.939340e-03 -3.400000e-03
      vertex   -1.893934e-02 -8.939340e-03 -6.000000e-03
      vertex   -1.870096e-02 -9.250000e-03 -3.400000e-03
    endloop
  endfacet
  facet normal -7.933533e-01 -6.087614e-01 -7.324096e-15
    outer loop
      vertex   -1.870096e-02 -9.250000e-03 -3.400000e-03
      vertex   -1.893934e-02 -8.939340e-03 -6.000000e-03
      vertex   -1.870096e-02 -9.250000e-03 -6.000000e-03
    endloop
  endfacet
  facet normal -9.238795e-01 -3.826834e-01 -7.440771e-15
    outer loop
      vertex   -1.870096e-02 -9.250000e-03 -3.400000e-03
      vertex   -1.870096e-02 -9.250000e-03 -6.000000e-03
      vertex   -1.855111e-02 -9.611771e-03 -3.400000e-03
    endloop
  endfacet
  facet normal -9.238795e-01 -3.826834e-01 -8.162945e-15
    outer loop
      vertex   -1.855111e-02 -9.611771e-03 -3.400000e-03
      vertex   -1.870096e-02 -9.250000e-03 -6.000000e-03
      vertex   -1.855111e-02 -9.611771e-03 -6.000000e-03
    endloop
  endfacet
  facet normal -9.914449e-01 -1.305262e-01 -8.199182e-15
    outer loop
      vertex   -1.855111e-02 -9.611771e-03 -3.400000e-03
      vertex   -1.855111e-02 -9.611771e-03 -6.000000e-03
      vertex   -1.850000e-02 -1.000000e-02 -3.400000e-03
    endloop
  endfacet
  facet normal -9.914449e-01 -1.305262e-01 -7.937920e-15
    outer loop
      vertex   -1.850000e-02 -1.000000e-02 -3.400000e-03
      vertex   -1.855111e-02 -9.611771e-03 -6.000000e-03
      vertex   -1.850000e-02 -1.000000e-02 -6.000000e-03
    endloop
  endfacet
  facet normal -9.914449e-01 1.305262e-01 -7.937920e-15
    outer loop
      vertex   -1.850000e-02 -1.000000e-02 -3.400000e-03
      vertex   -1.850000e-02 -1.000000e-02 -6.000000e-03
      vertex   -1.855111e-02 -1.038823e-02 -3.400000e-03
    endloop
  endfacet
  facet normal -9.914449e-01 1.305262e-01 -8.199182e-15
    outer loop
      vertex   -1.855111e-02 -1.038823e-02 -3.400000e-03
      vertex   -1.850000e-02 -1.000000e-02 -6.000000e-03
      vertex   -1.855111e-02 -1.038823e-02 -6.000000e-03
    endloop
  endfacet
  facet normal -9.238795e-01 3.826834e-01 -8.162945e-15
    outer loop
      vertex   -1.855111e-02 -1.038823e-02 -3.400000e-03
      vertex   -1.855111e-02 -1.038823e-02 -6.000000e-03
      vertex   -1.870096e-02 -1.075000e-02 -3.400000e-03
    endloop
  endfacet
  facet normal -9.238795e-01 3.826834e-01 -7.951425e-15
    outer loop
      vertex   -1.870096e-02 -1.075000e-02 -3.400000e-03
      vertex   -1.855111e-02 -1.038823e-02 -6.000000e-03
      vertex   -1.870096e-02 -1.075000e-02 -6.000000e-03
    endloop
  endfacet
  facet normal -7.933533e-01 6.087614e-01 -8.136429e-15
    outer loop
      vertex   -1.870096e-02 -1.075000e-02 -3.400000e-03
      vertex   -1.870096e-02 -1.075000e-02 -6.000000e-03
      vertex   -1.893934e-02 -1.106066e-02 -3.400000e-03
    endloop
  endfacet
  facet normal -7.933533e-01 6.087614e-01 -7.890109e-15
    outer loop
      vertex   -1.893934e-02 -1.106066e-02 -3.400000e-03
      vertex   -1.870096e-02 -1.075000e-02 -6.000000e-03
      vertex   -1.893934e-02 -1.106066e-02 -6.000000e-03
    endloop
  endfacet
  facet normal -6.087614e-01 7.933533e-01 -8.013269e-15
    outer loop
      vertex   -1.893934e-02 -1.106066e-02 -3.400000e-03
      vertex   -1.893934e-02 -1.106066e-02 -6.000000e-03
      vertex   -1.925000e-02 -1.129904e-02 -3.400000e-03
    endloop
  endfacet
  facet normal -6.087614e-01 7.933533e-01 -7.730263e-15
    outer loop
      vertex   -1.925000e-02 -1.129904e-02 -3.400000e-03
      vertex   -1.893934e-02 -1.106066e-02 -6.000000e-03
      vertex   -1.925000e-02 -1.129904e-02 -6.000000e-03
    endloop
  endfacet
  facet normal -3.826834e-01 9.238795e-01 -7.696098e-15
    outer loop
      vertex   -1.925000e-02 -1.129904e-02 -3.400000e-03
      vertex   -1.925000e-02 -1.129904e-02 -6.000000e-03
      vertex   -1.961177e-02 -1.144889e-02 -3.400000e-03
    endloop
  endfacet
  facet normal -3.826834e-01 9.238795e-01 -7.801858e-15
    outer loop
      vertex   -1.961177e-02 -1.144889e-02 -3.400000e-03
      vertex   -1.925000e-02 -1.129904e-02 -6.000000e-03
      vertex   -1.961177e-02 -1.144889e-02 -6.000000e-03
    endloop
  endfacet
  facet normal -1.305262e-01 9.914449e-01 -7.624776e-15
    outer loop
      vertex   -1.961177e-02 -1.144889e-02 -3.400000e-03
      vertex   -1.961177e-02 -1.144889e-02 -6.000000e-03
      vertex   -2.000000e-02 -1.150000e-02 -3.400000e-03
    endloop
  endfacet
  facet normal -1.305262e-01 9.914449e-01 0.000000e+00
    outer loop
      vertex   -2.000000e-02 -1.150000e-02 -3.400000e-03
      vertex   -1.961177e-02 -1.144889e-02 -6.000000e-03
      vertex   -2.000000e-02 -1.150000e-02 -6.000000e-03
    endloop
  endfacet
  facet normal 1.305262e-01 9.914449e-01 0.000000e+00
    outer loop
      vertex   -2.000000e-02 -1.150000e-02 -3.400000e-03
      vertex   -2.000000e-02 -1.150000e-02 -6.000000e-03
      vertex   -2.038823e-02 -1.144889e-02 -3.400000e-03
    endloop
  endfacet
  facet normal 1.305262e-01 9.914449e-01 -7.624776e-15
    outer loop
      vertex   -2.038823e-02 -1.144889e-02 -3.400000e-03
      vertex   -2.000000e-02 -1.150000e-02 -6.000000e-03
      vertex   -2.038823e-02 -1.144889e-02 -6.000000e-03
    endloop
  endfacet
  facet normal 3.826834e-01 9.238795e-01 -7.801858e-15
    outer loop
      vertex   -2.038823e-02 -1.144889e-02 -3.400000e-03
      vertex   -2.038823e-02 -1.144889e-02 -6.000000e-03
      vertex   -2.075000e-02 -1.129904e-02 -3.400000e-03
    endloop
  endfacet
  facet normal 3.826834e-01 9.238795e-01 -7.185444e-15
    outer loop
      vertex   -2.075000e-02 -1.129904e-02 -3.400000e-03
      vertex   -2.038823e-02 -1.144889e-02 -6.000000e-03
      vertex   -2.075000e-02 -1.129904e-02 -6.000000e-03
    endloop
  endfacet
  facet normal 6.087614e-01 7.933533e-01 -6.917930e-15
    outer loop
      vertex   -2.075000e-02 -1.129904e-02 -3.400000e-03
      vertex   -2.075000e-02 -1.129904e-02 -6.000000e-03
      vertex   -2.106066e-02 -1.106066e-02 -3.400000e-03
    endloop
  endfacet
  facet normal 6.087614e-01 7.933533e-01 -8.825602e-15
    outer loop
      vertex   -2.106066e-02 -1.106066e-02 -3.400000e-03
      vertex   -2.075000e-02 -1.129904e-02 -6.000000e-03
      vertex   -2.106066e-02 -1.106066e-02 -6.000000e-03
    endloop
  endfacet
  facet normal 7.933533e-01 6.087614e-01 -8.948762e-15
    outer loop
      vertex   -2.106066e-02 -1.106066e-02 -3.400000e-03
      vertex   -2.106066e-02 -1.106066e-02 -6.000000e-03
      vertex   -2.129904e-02 -1.075000e-02 -3.400000e-03
    endloop
  endfacet
  facet normal 7.933533e-01 6.087614e-01 -7.324096e-15
    outer loop
      vertex   -2.129904e-02 -1.075000e-02 -3.400000e-03
      vertex   -2.106066e-02 -1.106066e-02 -6.000000e-03
      vertex   -2.129904e-02 -1.075000e-02 -6.000000e-03
    endloop
  endfacet
  facet normal 9.238795e-01 3.826834e-01 -7.440771e-15
    outer loop
      vertex   -2.129904e-02 -1.075000e-02 -3.400000e-03
      vertex   -2.129904e-02 -1.075000e-02 -6.000000e-03
      vertex   -2.144889e-02 -1.038823e-02 -3.400000e-03
    endloop
  endfacet
  facet normal 9.238795e-01 3.826834e-01 -7.185444e-15
    outer loop
      vertex   -2.144889e-02 -1.038823e-02 -3.400000e-03
      vertex   -2.129904e-02 -1.075000e-02 -6.000000e-03
      vertex   -2.144889e-02 -1.038823e-02 -6.000000e-03
    endloop
  endfacet
  facet normal 9.914449e-01 1.305262e-01 -6.963282e-15
    outer loop
      vertex   -2.144889e-02 -1.038823e-02 -3.400000e-03
      vertex   -2.144889e-02 -1.038823e-02 -6.000000e-03
      vertex   -2.150000e-02 -1.000000e-02 -3.400000e-03
    endloop
  endfacet
  facet normal 9.914449e-01 1.305262e-01 -6.614933e-15
    outer loop
      vertex   -2.150000e-02 -1.000000e-02 -3.400000e-03
      vertex   -2.144889e-02 -1.038823e-02 -6.000000e-03
      vertex   -2.150000e-02 -1.000000e-02 -6.000000e-03
    endloop
  endfacet
  facet normal 9.914449e-01 -1.305262e-01 -6.614933e-15
    outer loop
      vertex   -2.150000e-02 -1.000000e-02 -3.400000e-03
      vertex   -2.150000e-02 -1.000000e-02 -6.000000e-03
      vertex   -2.144889e-02 -9.611771e-03 -3.400000e-03
    endloop
  endfacet
  facet normal 9.914449e-01 -1.305262e-01 -6.789108e-15
    outer loop
      vertex   -2.144889e-02 -9.611771e-03 -3.400000e-03
      vertex   -2.150000e-02 -1.000000e-02 -6.000000e-03
      vertex   -2.144889e-02 -9.611771e-03 -6.000000e-03
    endloop
  endfacet
  facet normal 9.238795e-01 -3.826834e-01 -6.674790e-15
    outer loop
      vertex   -2.144889e-02 -9.611771e-03 -3.400000e-03
      vertex   -2.144889e-02 -9.611771e-03 -6.000000e-03
      vertex   -2.129904e-02 -9.250000e-03 -3.400000e-03
    endloop
  endfacet
  facet normal 9.238795e-01 -3.826834e-01 -7.696098e-15
    outer loop
      vertex   -2.129904e-02 -9.250000e-03 -3.400000e-03
      vertex   -2.144889e-02 -9.611771e-03 -6.000000e-03
      vertex   -2.129904e-02 -9.250000e-03 -6.000000e-03
    endloop
  endfacet
  facet normal 7.933533e-01 -6.087614e-01 -7.730263e-15
    outer loop
      vertex   -2.129904e-02 -9.250000e-03 -3.400000e-03
      vertex   -2.129904e-02 -9.250000e-03 -6.000000e-03
      vertex   -2.106066e-02 -8.939340e-03 -3.400000e-03
    endloop
  endfacet
  facet normal 7.933533e-01 -6.087614e-01 -6.425290e-15
    outer loop
      vertex   -2.106066e-02 -8.939340e-03 -3.400000e-03
      vertex   -2.129904e-02 -9.250000e-03 -6.000000e-03
      vertex   -2.106066e-02 -8.939340e-03 -6.000000e-03
    endloop
  endfacet
  facet normal 6.087614e-01 -7.933533e-01 -6.671610e-15
    outer loop
      vertex   -2.106066e-02 -8.939340e-03 -3.400000e-03
      vertex   -2.106066e-02 -8.939340e-03 -6.000000e-03
      vertex   -2.075000e-02 -8.700962e-03 -3.400000e-03
    endloop
  endfacet
  facet normal 6.087614e-01 -7.933533e-01 -8.013269e-15
    outer loop
      vertex   -2.075000e-02 -8.700962e-03 -3.400000e-03
      vertex   -2.106066e-02 -8.939340e-03 -6.000000e-03
      vertex   -2.075000e-02 -8.700962e-03 -6.000000e-03
    endloop
  endfacet
  facet normal 3.826834e-01 -9.238795e-01 -7.590338e-15
    outer loop
      vertex   -2.075000e-02 -8.700962e-03 -3.400000e-03
      vertex   -2.075000e-02 -8.700962e-03 -6.000000e-03
      vertex   -2.038823e-02 -8.551111e-03 -3.400000e-03
    endloop
  endfacet
  facet normal 3.826834e-01 -9.238795e-01 -7.291204e-15
    outer loop
      vertex   -2.038823e-02 -8.551111e-03 -3.400000e-03
      vertex   -2.075000e-02 -8.700962e-03 -6.000000e-03
      vertex   -2.038823e-02 -8.551111e-03 -6.000000e-03
    endloop
  endfacet
  facet normal 1.305262e-01 -9.914449e-01 0.000000e+00
    outer loop
      vertex   -1.153882e-01 -8.551111e-03 -3.400000e-03
      vertex   -1.153882e-01 -8.551111e-03 -6.000000e-03
      vertex   -1.150000e-01 -8.500000e-03 -3.400000e-03
    endloop
  endfacet
  facet normal 1.305262e-01 -9.914449e-01 0.000000e+00
    outer loop
      vertex   -1.150000e-01 -8.500000e-03 -3.400000e-03
      vertex   -1.153882e-01 -8.551111e-03 -6.000000e-03
      vertex   -1.150000e-01 -8.500000e-03 -6.000000e-03
    endloop
  endfacet
  facet normal -1.305262e-01 -9.914449e-01 -0.000000e+00
    outer loop
      vertex   -1.150000e-01 -8.500000e-03 -3.400000e-03
      vertex   -1.150000e-01 -8.500000e-03 -6.000000e-03
      vertex   -1.146118e-01 -8.551111e-03 -6.000000e-03
    endloop
  endfacet
  facet normal 3.826834e-01 -9.238795e-01 0.000000e+00
    outer loop
      vertex   -1.153882e-01 -8.551111e-03 -6.000000e-03
      vertex   -1.153882e-01 -8.551111e-03 -3.400000e-03
      vertex   -1.157500e-01 -8.700962e-03 -6.000000e-03
    endloop
  endfacet
  facet normal 3.826834e-01 -9.238795e-01 0.000000e+00
    outer loop
      vertex   -1.157500e-01 -8.700962e-03 -6.000000e-03
      vertex   -1.153882e-01 -8.551111e-03 -3.400000e-03
      vertex   -1.157500e-01 -8.700962e-03 -3.400000e-03
    endloop
  endfacet
  facet normal 6.087614e-01 -7.933533e-01 0.000000e+00
    outer loop
      vertex   -1.157500e-01 -8.700962e-03 -6.000000e-03
      vertex   -1.157500e-01 -8.700962e-03 -3.400000e-03
      vertex   -1.160607e-01 -8.939340e-03 -6.000000e-03
    endloop
  endfacet
  facet normal 6.087614e-01 -7.933533e-01 0.000000e+00
    outer loop
      vertex   -1.160607e-01 -8.939340e-03 -6.000000e-03
      vertex   -1.157500e-01 -8.700962e-03 -3.400000e-03
      vertex   -1.160607e-01 -8.939340e-03 -3.400000e-03
    endloop
  endfacet
  facet normal 7.933533e-01 -6.087614e-01 0.000000e+00
    outer loop
      vertex   -1.160607e-01 -8.939340e-03 -6.000000e-03
      vertex   -1.160607e-01 -8.939340e-03 -3.400000e-03
      vertex   -1.162990e-01 -9.250000e-03 -6.000000e-03
    endloop
  endfacet
  facet normal 7.933533e-01 -6.087614e-01 0.000000e+00
    outer loop
      vertex   -1.162990e-01 -9.250000e-03 -6.000000e-03
      vertex   -1.160607e-01 -8.939340e-03 -3.400000e-03
      vertex   -1.162990e-01 -9.250000e-03 -3.400000e-03
    endloop
  endfacet
  facet normal 9.238795e-01 -3.826834e-01 0.000000e+00
    outer loop
      vertex   -1.162990e-01 -9.250000e-03 -6.000000e-03
      vertex   -1.162990e-01 -9.250000e-03 -3.400000e-03
      vertex   -1.164489e-01 -9.611771e-03 -6.000000e-03
    endloop
  endfacet
  facet normal 9.238795e-01 -3.826834e-01 0.000000e+00
    outer loop
      vertex   -1.164489e-01 -9.611771e-03 -6.000000e-03
      vertex   -1.162990e-01 -9.250000e-03 -3.400000e-03
      vertex   -1.164489e-01 -9.611771e-03 -3.400000e-03
    endloop
  endfacet
  facet normal 9.914449e-01 -1.305262e-01 0.000000e+00
    outer loop
      vertex   -1.164489e-01 -9.611771e-03 -6.000000e-03
      vertex   -1.164489e-01 -9.611771e-03 -3.400000e-03
      vertex   -1.165000e-01 -1.000000e-02 -6.000000e-03
    endloop
  endfacet
  facet normal 9.914449e-01 -1.305262e-01 0.000000e+00
    outer loop
      vertex   -1.165000e-01 -1.000000e-02 -6.000000e-03
      vertex   -1.164489e-01 -9.611771e-03 -3.400000e-03
      vertex   -1.165000e-01 -1.000000e-02 -3.400000e-03
    endloop
  endfacet
  facet normal 9.914449e-01 1.305262e-01 -0.000000e+00
    outer loop
      vertex   -1.165000e-01 -1.000000e-02 -6.000000e-03
      vertex   -1.165000e-01 -1.000000e-02 -3.400000e-03
      vertex   -1.164489e-01 -1.038823e-02 -6.000000e-03
    endloop
  endfacet
  facet normal 9.914449e-01 1.305262e-01 -0.000000e+00
    outer loop
      vertex   -1.164489e-01 -1.038823e-02 -6.000000e-03
      vertex   -1.165000e-01 -1.000000e-02 -3.400000e-03
      vertex   -1.164489e-01 -1.038823e-02 -3.400000e-03
    endloop
  endfacet
  facet normal 9.238795e-01 3.826834e-01 -0.000000e+00
    outer loop
      vertex   -1.164489e-01 -1.038823e-02 -6.000000e-03
      vertex   -1.164489e-01 -1.038823e-02 -3.400000e-03
      vertex   -1.162990e-01 -1.075000e-02 -6.000000e-03
    endloop
  endfacet
  facet normal 9.238795e-01 3.826834e-01 -0.000000e+00
    outer loop
      vertex   -1.162990e-01 -1.075000e-02 -6.000000e-03
      vertex   -1.164489e-01 -1.038823e-02 -3.400000e-03
      vertex   -1.162990e-01 -1.075000e-02 -3.400000e-03
    endloop
  endfacet
  facet normal 7.933533e-01 6.087614e-01 -0.000000e+00
    outer loop
      vertex   -1.162990e-01 -1.075000e-02 -6.000000e-03
      vertex   -1.162990e-01 -1.075000e-02 -3.400000e-03
      vertex   -1.160607e-01 -1.106066e-02 -6.000000e-03
    endloop
  endfacet
  facet normal 7.933533e-01 6.087614e-01 -0.000000e+00
    outer loop
      vertex   -1.160607e-01 -1.106066e-02 -6.000000e-03
      vertex   -1.162990e-01 -1.075000e-02 -3.400000e-03
      vertex   -1.160607e-01 -1.106066e-02 -3.400000e-03
    endloop
  endfacet
  facet normal 6.087614e-01 7.933533e-01 -0.000000e+00
    outer loop
      vertex   -1.160607e-01 -1.106066e-02 -6.000000e-03
      vertex   -1.160607e-01 -1.106066e-02 -3.400000e-03
      vertex   -1.157500e-01 -1.129904e-02 -6.000000e-03
    endloop
  endfacet
  facet normal 6.087614e-01 7.933533e-01 -0.000000e+00
    outer loop
      vertex   -1.157500e-01 -1.129904e-02 -6.000000e-03
      vertex   -1.160607e-01 -1.106066e-02 -3.400000e-03
      vertex   -1.157500e-01 -1.129904e-02 -3.400000e-03
    endloop
  endfacet
  facet normal 3.826834e-01 9.238795e-01 -0.000000e+00
    outer loop
      vertex   -1.157500e-01 -1.129904e-02 -6.000000e-03
      vertex   -1.157500e-01 -1.129904e-02 -3.400000e-03
      vertex   -1.153882e-01 -1.144889e-02 -6.000000e-03
    endloop
  endfacet
  facet normal 3.826834e-01 9.238795e-01 -0.000000e+00
    outer loop
      vertex   -1.153882e-01 -1.144889e-02 -6.000000e-03
      vertex   -1.157500e-01 -1.129904e-02 -3.400000e-03
      vertex   -1.153882e-01 -1.144889e-02 -3.400000e-03
    endloop
  endfacet
  facet normal 1.305262e-01 9.914449e-01 -0.000000e+00
    outer loop
      vertex   -1.153882e-01 -1.144889e-02 -6.000000e-03
      vertex   -1.153882e-01 -1.144889e-02 -3.400000e-03
      vertex   -1.150000e-01 -1.150000e-02 -6.000000e-03
    endloop
  endfacet
  facet normal 1.305262e-01 9.914449e-01 -0.000000e+00
    outer loop
      vertex   -1.150000e-01 -1.150000e-02 -6.000000e-03
      vertex   -1.153882e-01 -1.144889e-02 -3.400000e-03
      vertex   -1.150000e-01 -1.150000e-02 -3.400000e-03
    endloop
  endfacet
  facet normal -1.305262e-01 9.914449e-01 0.000000e+00
    outer loop
      vertex   -1.150000e-01 -1.150000e-02 -6.000000e-03
      vertex   -1.150000e-01 -1.150000e-02 -3.400000e-03
      vertex   -1.146118e-01 -1.144889e-02 -6.000000e-03
    endloop
  endfacet
  facet normal -1.305262e-01 9.914449e-01 0.000000e+00
    outer loop
      vertex   -1.146118e-01 -1.144889e-02 -6.000000e-03
      vertex   -1.150000e-01 -1.150000e-02 -3.400000e-03
      vertex   -1.146118e-01 -1.144889e-02 -3.200000e-03
    endloop
  endfacet
  facet normal -3.826834e-01 9.238795e-01 0.000000e+00
    outer loop
      vertex   -1.146118e-01 -1.144889e-02 -6.000000e-03
      vertex   -1.146118e-01 -1.144889e-02 -3.200000e-03
      vertex   -1.142500e-01 -1.129904e-02 -6.000000e-03
    endloop
  endfacet
  facet normal -3.826834e-01 9.238795e-01 0.000000e+00
    outer loop
      vertex   -1.142500e-01 -1.129904e-02 -6.000000e-03
      vertex   -1.146118e-01 -1.144889e-02 -3.200000e-03
      vertex   -1.142500e-01 -1.129904e-02 -3.200000e-03
    endloop
  endfacet
  facet normal -6.087614e-01 7.933533e-01 0.000000e+00
    outer loop
      vertex   -1.142500e-01 -1.129904e-02 -6.000000e-03
      vertex   -1.142500e-01 -1.129904e-02 -3.200000e-03
      vertex   -1.139393e-01 -1.106066e-02 -6.000000e-03
    endloop
  endfacet
  facet normal -6.087614e-01 7.933533e-01 0.000000e+00
    outer loop
      vertex   -1.139393e-01 -1.106066e-02 -6.000000e-03
      vertex   -1.142500e-01 -1.129904e-02 -3.200000e-03
      vertex   -1.139393e-01 -1.106066e-02 -3.200000e-03
    endloop
  endfacet
  facet normal -7.933533e-01 6.087614e-01 0.000000e+00
    outer loop
      vertex   -1.139393e-01 -1.106066e-02 -6.000000e-03
      vertex   -1.139393e-01 -1.106066e-02 -3.200000e-03
      vertex   -1.137010e-01 -1.075000e-02 -6.000000e-03
    endloop
  endfacet
  facet normal -7.933533e-01 6.087614e-01 -7.543091e-16
    outer loop
      vertex   -1.137010e-01 -1.075000e-02 -6.000000e-03
      vertex   -1.139393e-01 -1.106066e-02 -3.200000e-03
      vertex   -1.137010e-01 -1.075000e-02 -3.200000e-03
    endloop
  endfacet
  facet normal -9.238795e-01 3.826834e-01 -4.741785e-16
    outer loop
      vertex   -1.137010e-01 -1.075000e-02 -6.000000e-03
      vertex   -1.137010e-01 -1.075000e-02 -3.200000e-03
      vertex   -1.135511e-01 -1.038823e-02 -6.000000e-03
    endloop
  endfacet
  facet normal -9.238795e-01 3.826834e-01 -2.370893e-16
    outer loop
      vertex   -1.135511e-01 -1.038823e-02 -6.000000e-03
      vertex   -1.137010e-01 -1.075000e-02 -3.200000e-03
      vertex   -1.135511e-01 -1.038823e-02 -3.200000e-03
    endloop
  endfacet
  facet normal -9.914449e-01 1.305262e-01 -8.086673e-17
    outer loop
      vertex   -1.135511e-01 -1.038823e-02 -6.000000e-03
      vertex   -1.135511e-01 -1.038823e-02 -3.200000e-03
      vertex   -1.135000e-01 -1.000000e-02 -6.000000e-03
    endloop
  endfacet
  facet normal -9.914449e-01 1.305262e-01 0.000000e+00
    outer loop
      vertex   -1.135000e-01 -1.000000e-02 -6.000000e-03
      vertex   -1.135511e-01 -1.038823e-02 -3.200000e-03
      vertex   -1.135000e-01 -1.000000e-02 -3.200000e-03
    endloop
  endfacet
  facet normal -9.914449e-01 -1.305262e-01 0.000000e+00
    outer loop
      vertex   -1.135000e-01 -1.000000e-02 -6.000000e-03
      vertex   -1.135000e-01 -1.000000e-02 -3.200000e-03
      vertex   -1.135511e-01 -9.611771e-03 -6.000000e-03
    endloop
  endfacet
  facet normal -9.914449e-01 -1.305262e-01 0.000000e+00
    outer loop
      vertex   -1.135511e-01 -9.611771e-03 -6.000000e-03
      vertex   -1.135000e-01 -1.000000e-02 -3.200000e-03
      vertex   -1.135511e-01 -9.611771e-03 -3.200000e-03
    endloop
  endfacet
  facet normal -9.238795e-01 -3.826834e-01 0.000000e+00
    outer loop
      vertex   -1.135511e-01 -9.611771e-03 -6.000000e-03
      vertex   -1.135511e-01 -9.611771e-03 -3.200000e-03
      vertex   -1.137010e-01 -9.250000e-03 -6.000000e-03
    endloop
  endfacet
  facet normal -9.238795e-01 -3.826834e-01 0.000000e+00
    outer loop
      vertex   -1.137010e-01 -9.250000e-03 -6.000000e-03
      vertex   -1.135511e-01 -9.611771e-03 -3.200000e-03
      vertex   -1.137010e-01 -9.250000e-03 -3.200000e-03
    endloop
  endfacet
  facet normal -7.933533e-01 -6.087614e-01 0.000000e+00
    outer loop
      vertex   -1.137010e-01 -9.250000e-03 -6.000000e-03
      vertex   -1.137010e-01 -9.250000e-03 -3.200000e-03
      vertex   -1.139393e-01 -8.939340e-03 -6.000000e-03
    endloop
  endfacet
  facet normal -7.933533e-01 -6.087614e-01 0.000000e+00
    outer loop
      vertex   -1.139393e-01 -8.939340e-03 -6.000000e-03
      vertex   -1.137010e-01 -9.250000e-03 -3.200000e-03
      vertex   -1.139393e-01 -8.939340e-03 -3.200000e-03
    endloop
  endfacet
  facet normal -6.087614e-01 -7.933533e-01 0.000000e+00
    outer loop
      vertex   -1.139393e-01 -8.939340e-03 -6.000000e-03
      vertex   -1.139393e-01 -8.939340e-03 -3.200000e-03
      vertex   -1.142500e-01 -8.700962e-03 -6.000000e-03
    endloop
  endfacet
  facet normal -6.087614e-01 -7.933533e-01 0.000000e+00
    outer loop
      vertex   -1.142500e-01 -8.700962e-03 -6.000000e-03
      vertex   -1.139393e-01 -8.939340e-03 -3.200000e-03
      vertex   -1.142500e-01 -8.700962e-03 -3.200000e-03
    endloop
  endfacet
  facet normal -3.826834e-01 -9.238795e-01 0.000000e+00
    outer loop
      vertex   -1.142500e-01 -8.700962e-03 -6.000000e-03
      vertex   -1.142500e-01 -8.700962e-03 -3.200000e-03
      vertex   -1.146118e-01 -8.551111e-03 -6.000000e-03
    endloop
  endfacet
  facet normal -3.826834e-01 -9.238795e-01 0.000000e+00
    outer loop
      vertex   -1.146118e-01 -8.551111e-03 -6.000000e-03
      vertex   -1.142500e-01 -8.700962e-03 -3.200000e-03
      vertex   -1.146118e-01 -8.551111e-03 -3.200000e-03
    endloop
  endfacet
  facet normal -1.305262e-01 -9.914449e-01 0.000000e+00
    outer loop
      vertex   -1.146118e-01 -8.551111e-03 -6.000000e-03
      vertex   -1.146118e-01 -8.551111e-03 -3.200000e-03
      vertex   -1.150000e-01 -8.500000e-03 -3.400000e-03
    endloop
  endfacet
  facet normal -1.305262e-01 -9.914449e-01 0.000000e+00
    outer loop
      vertex   -1.150000e-01 -8.500000e-03 -3.400000e-03
      vertex   -1.146118e-01 -8.551111e-03 -3.200000e-03
      vertex   -1.150000e-01 -8.500000e-03 -3.200000e-03
    endloop
  endfacet
  facet normal -1.305262e-01 9.914449e-01 0.000000e+00
    outer loop
      vertex   -1.150000e-01 -1.150000e-02 -3.400000e-03
      vertex   -1.150000e-01 -1.150000e-02 -3.200000e-03
      vertex   -1.146118e-01 -1.144889e-02 -3.200000e-03
    endloop
  endfacet
  facet normal -9.914449e-01 -1.305262e-01 -0.000000e+00
    outer loop
      vertex   1.144889e-02 1.153882e-01 -3.200000e-03
      vertex   1.144889e-02 1.153882e-01 -6.000000e-03
      vertex   1.150000e-02 1.150000e-01 -3.200000e-03
    endloop
  endfacet
  facet normal -9.914449e-01 -1.305262e-01 -0.000000e+00
    outer loop
      vertex   1.150000e-02 1.150000e-01 -3.200000e-03
      vertex   1.144889e-02 1.153882e-01 -6.000000e-03
      vertex   1.150000e-02 1.150000e-01 -6.000000e-03
    endloop
  endfacet
  facet normal -9.914449e-01 1.305262e-01 0.000000e+00
    outer loop
      vertex   1.150000e-02 1.150000e-01 -3.200000e-03
      vertex   1.150000e-02 1.150000e-01 -6.000000e-03
      vertex   1.144889e-02 1.146118e-01 -3.200000e-03
    endloop
  endfacet
  facet normal -9.914449e-01 1.305262e-01 0.000000e+00
    outer loop
      vertex   1.144889e-02 1.146118e-01 -3.200000e-03
      vertex   1.150000e-02 1.150000e-01 -6.000000e-03
      vertex   1.144889e-02 1.146118e-01 -6.000000e-03
    endloop
  endfacet
  facet normal -9.238795e-01 3.826834e-01 0.000000e+00
    outer loop
      vertex   1.144889e-02 1.146118e-01 -3.200000e-03
      vertex   1.144889e-02 1.146118e-01 -6.000000e-03
      vertex   1.129904e-02 1.142500e-01 -3.200000e-03
    endloop
  endfacet
  facet normal -9.238795e-01 3.826834e-01 0.000000e+00
    outer loop
      vertex   1.129904e-02 1.142500e-01 -3.200000e-03
      vertex   1.144889e-02 1.146118e-01 -6.000000e-03
      vertex   1.129904e-02 1.142500e-01 -6.000000e-03
    endloop
  endfacet
  facet normal -7.933533e-01 6.087614e-01 0.000000e+00
    outer loop
      vertex   1.129904e-02 1.142500e-01 -3.200000e-03
      vertex   1.129904e-02 1.142500e-01 -6.000000e-03
      vertex   1.106066e-02 1.139393e-01 -3.200000e-03
    endloop
  endfacet
  facet normal -7.933533e-01 6.087614e-01 0.000000e+00
    outer loop
      vertex   1.106066e-02 1.139393e-01 -3.200000e-03
      vertex   1.129904e-02 1.142500e-01 -6.000000e-03
      vertex   1.106066e-02 1.139393e-01 -6.000000e-03
    endloop
  endfacet
  facet normal -6.087614e-01 7.933533e-01 0.000000e+00
    outer loop
      vertex   1.106066e-02 1.139393e-01 -3.200000e-03
      vertex   1.106066e-02 1.139393e-01 -6.000000e-03
      vertex   1.075000e-02 1.137010e-01 -3.200000e-03
    endloop
  endfacet
  facet normal -6.087614e-01 7.933533e-01 0.000000e+00
    outer loop
      vertex   1.075000e-02 1.137010e-01 -3.200000e-03
      vertex   1.106066e-02 1.139393e-01 -6.000000e-03
      vertex   1.075000e-02 1.137010e-01 -6.000000e-03
    endloop
  endfacet
  facet normal -3.826834e-01 9.238795e-01 0.000000e+00
    outer loop
      vertex   1.075000e-02 1.137010e-01 -3.200000e-03
      vertex   1.075000e-02 1.137010e-01 -6.000000e-03
      vertex   1.038823e-02 1.135511e-01 -3.200000e-03
    endloop
  endfacet
  facet normal -3.826834e-01 9.238795e-01 0.000000e+00
    outer loop
      vertex   1.038823e-02 1.135511e-01 -3.200000e-03
      vertex   1.075000e-02 1.137010e-01 -6.000000e-03
      vertex   1.038823e-02 1.135511e-01 -6.000000e-03
    endloop
  endfacet
  facet normal -1.305262e-01 9.914449e-01 0.000000e+00
    outer loop
      vertex   1.038823e-02 1.135511e-01 -3.200000e-03
      vertex   1.038823e-02 1.135511e-01 -6.000000e-03
      vertex   1.000000e-02 1.135000e-01 -3.200000e-03
    endloop
  endfacet
  facet normal -1.305262e-01 9.914449e-01 0.000000e+00
    outer loop
      vertex   1.000000e-02 1.135000e-01 -3.200000e-03
      vertex   1.038823e-02 1.135511e-01 -6.000000e-03
      vertex   1.000000e-02 1.135000e-01 -6.000000e-03
    endloop
  endfacet
  facet normal 1.305262e-01 9.914449e-01 0.000000e+00
    outer loop
      vertex   1.000000e-02 1.135000e-01 -3.200000e-03
      vertex   1.000000e-02 1.135000e-01 -6.000000e-03
      vertex   9.611771e-03 1.135511e-01 -3.200000e-03
    endloop
  endfacet
  facet normal 1.305262e-01 9.914449e-01 0.000000e+00
    outer loop
      vertex   9.611771e-03 1.135511e-01 -3.200000e-03
      vertex   1.000000e-02 1.135000e-01 -6.000000e-03
      vertex   9.611771e-03 1.135511e-01 -6.000000e-03
    endloop
  endfacet
  facet normal 3.826834e-01 9.238795e-01 0.000000e+00
    outer loop
      vertex   9.611771e-03 1.135511e-01 -3.200000e-03
      vertex   9.611771e-03 1.135511e-01 -6.000000e-03
      vertex   9.250000e-03 1.137010e-01 -3.200000e-03
    endloop
  endfacet
  facet normal 3.826834e-01 9.238795e-01 0.000000e+00
    outer loop
      vertex   9.250000e-03 1.137010e-01 -3.200000e-03
      vertex   9.611771e-03 1.135511e-01 -6.000000e-03
      vertex   9.250000e-03 1.137010e-01 -6.000000e-03
    endloop
  endfacet
  facet normal 6.087614e-01 7.933533e-01 0.000000e+00
    outer loop
      vertex   9.250000e-03 1.137010e-01 -3.200000e-03
      vertex   9.250000e-03 1.137010e-01 -6.000000e-03
      vertex   8.939340e-03 1.139393e-01 -3.200000e-03
    endloop
  endfacet
  facet normal 6.087614e-01 7.933533e-01 0.000000e+00
    outer loop
      vertex   8.939340e-03 1.139393e-01 -3.200000e-03
      vertex   9.250000e-03 1.137010e-01 -6.000000e-03
      vertex   8.939340e-03 1.139393e-01 -6.000000e-03
    endloop
  endfacet
  facet normal 7.933533e-01 6.087614e-01 0.000000e+00
    outer loop
      vertex   8.939340e-03 1.139393e-01 -3.200000e-03
      vertex   8.939340e-03 1.139393e-01 -6.000000e-03
      vertex   8.700962e-03 1.142500e-01 -3.200000e-03
    endloop
  endfacet
  facet normal 7.933533e-01 6.087614e-01 0.000000e+00
    outer loop
      vertex   8.700962e-03 1.142500e-01 -3.200000e-03
      vertex   8.939340e-03 1.139393e-01 -6.000000e-03
      vertex   8.700962e-03 1.142500e-01 -6.000000e-03
    endloop
  endfacet
  facet normal 9.238795e-01 3.826834e-01 0.000000e+00
    outer loop
      vertex   8.700962e-03 1.142500e-01 -3.200000e-03
      vertex   8.700962e-03 1.142500e-01 -6.000000e-03
      vertex   8.551111e-03 1.146118e-01 -3.200000e-03
    endloop
  endfacet
  facet normal 9.238795e-01 3.826834e-01 0.000000e+00
    outer loop
      vertex   8.551111e-03 1.146118e-01 -3.200000e-03
      vertex   8.700962e-03 1.142500e-01 -6.000000e-03
      vertex   8.551111e-03 1.146118e-01 -6.000000e-03
    endloop
  endfacet
  facet normal 9.914449e-01 1.305262e-01 0.000000e+00
    outer loop
      vertex   8.551111e-03 1.146118e-01 -3.200000e-03
      vertex   8.551111e-03 1.146118e-01 -6.000000e-03
      vertex   8.500000e-03 1.150000e-01 -3.200000e-03
    endloop
  endfacet
  facet normal 9.914449e-01 1.305262e-01 0.000000e+00
    outer loop
      vertex   8.500000e-03 1.150000e-01 -3.200000e-03
      vertex   8.551111e-03 1.146118e-01 -6.000000e-03
      vertex   8.500000e-03 1.150000e-01 -6.000000e-03
    endloop
  endfacet
  facet normal 9.914449e-01 -1.305262e-01 0.000000e+00
    outer loop
      vertex   8.500000e-03 1.150000e-01 -3.200000e-03
      vertex   8.500000e-03 1.150000e-01 -6.000000e-03
      vertex   8.551111e-03 1.153882e-01 -3.200000e-03
    endloop
  endfacet
  facet normal 9.914449e-01 -1.305262e-01 0.000000e+00
    outer loop
      vertex   8.551111e-03 1.153882e-01 -3.200000e-03
      vertex   8.500000e-03 1.150000e-01 -6.000000e-03
      vertex   8.551111e-03 1.153882e-01 -6.000000e-03
    endloop
  endfacet
  facet normal 9.238795e-01 -3.826834e-01 0.000000e+00
    outer loop
      vertex   8.551111e-03 1.153882e-01 -3.200000e-03
      vertex   8.551111e-03 1.153882e-01 -6.000000e-03
      vertex   8.700962e-03 1.157500e-01 -3.200000e-03
    endloop
  endfacet
  facet normal 9.238795e-01 -3.826834e-01 0.000000e+00
    outer loop
      vertex   8.700962e-03 1.157500e-01 -3.200000e-03
      vertex   8.551111e-03 1.153882e-01 -6.000000e-03
      vertex   8.700962e-03 1.157500e-01 -6.000000e-03
    endloop
  endfacet
  facet normal 7.933533e-01 -6.087614e-01 0.000000e+00
    outer loop
      vertex   8.700962e-03 1.157500e-01 -3.200000e-03
      vertex   8.700962e-03 1.157500e-01 -6.000000e-03
      vertex   8.939340e-03 1.160607e-01 -3.200000e-03
    endloop
  endfacet
  facet normal 7.933533e-01 -6.087614e-01 0.000000e+00
    outer loop
      vertex   8.939340e-03 1.160607e-01 -3.200000e-03
      vertex   8.700962e-03 1.157500e-01 -6.000000e-03
      vertex   8.939340e-03 1.160607e-01 -6.000000e-03
    endloop
  endfacet
  facet normal 6.087614e-01 -7.933533e-01 0.000000e+00
    outer loop
      vertex   8.939340e-03 1.160607e-01 -3.200000e-03
      vertex   8.939340e-03 1.160607e-01 -6.000000e-03
      vertex   9.250000e-03 1.162990e-01 -3.200000e-03
    endloop
  endfacet
  facet normal 6.087614e-01 -7.933533e-01 0.000000e+00
    outer loop
      vertex   9.250000e-03 1.162990e-01 -3.200000e-03
      vertex   8.939340e-03 1.160607e-01 -6.000000e-03
      vertex   9.250000e-03 1.162990e-01 -6.000000e-03
    endloop
  endfacet
  facet normal 3.826834e-01 -9.238795e-01 0.000000e+00
    outer loop
      vertex   9.250000e-03 1.162990e-01 -3.200000e-03
      vertex   9.250000e-03 1.162990e-01 -6.000000e-03
      vertex   9.611771e-03 1.164489e-01 -3.200000e-03
    endloop
  endfacet
  facet normal 3.826834e-01 -9.238795e-01 0.000000e+00
    outer loop
      vertex   9.611771e-03 1.164489e-01 -3.200000e-03
      vertex   9.250000e-03 1.162990e-01 -6.000000e-03
      vertex   9.611771e-03 1.164489e-01 -6.000000e-03
    endloop
  endfacet
  facet normal 1.305262e-01 -9.914449e-01 0.000000e+00
    outer loop
      vertex   9.611771e-03 1.164489e-01 -3.200000e-03
      vertex   9.611771e-03 1.164489e-01 -6.000000e-03
      vertex   1.000000e-02 1.165000e-01 -3.200000e-03
    endloop
  endfacet
  facet normal 1.305262e-01 -9.914449e-01 0.000000e+00
    outer loop
      vertex   1.000000e-02 1.165000e-01 -3.200000e-03
      vertex   9.611771e-03 1.164489e-01 -6.000000e-03
      vertex   1.000000e-02 1.165000e-01 -6.000000e-03
    endloop
  endfacet
  facet normal -1.305262e-01 -9.914449e-01 -0.000000e+00
    outer loop
      vertex   1.000000e-02 1.165000e-01 -3.200000e-03
      vertex   1.000000e-02 1.165000e-01 -6.000000e-03
      vertex   1.038823e-02 1.164489e-01 -3.200000e-03
    endloop
  endfacet
  facet normal -1.305262e-01 -9.914449e-01 -0.000000e+00
    outer loop
      vertex   1.038823e-02 1.164489e-01 -3.200000e-03
      vertex   1.000000e-02 1.165000e-01 -6.000000e-03
      vertex   1.038823e-02 1.164489e-01 -6.000000e-03
    endloop
  endfacet
  facet normal -3.826834e-01 -9.238795e-01 -0.000000e+00
    outer loop
      vertex   1.038823e-02 1.164489e-01 -3.200000e-03
      vertex   1.038823e-02 1.164489e-01 -6.000000e-03
      vertex   1.075000e-02 1.162990e-01 -3.200000e-03
    endloop
  endfacet
  facet normal -3.826834e-01 -9.238795e-01 -0.000000e+00
    outer loop
      vertex   1.075000e-02 1.162990e-01 -3.200000e-03
      vertex   1.038823e-02 1.164489e-01 -6.000000e-03
      vertex   1.075000e-02 1.162990e-01 -6.000000e-03
    endloop
  endfacet
  facet normal -6.087614e-01 -7.933533e-01 -0.000000e+00
    outer loop
      vertex   1.075000e-02 1.162990e-01 -3.200000e-03
      vertex   1.075000e-02 1.162990e-01 -6.000000e-03
      vertex   1.106066e-02 1.160607e-01 -3.200000e-03
    endloop
  endfacet
  facet normal -6.087614e-01 -7.933533e-01 -0.000000e+00
    outer loop
      vertex   1.106066e-02 1.160607e-01 -3.200000e-03
      vertex   1.075000e-02 1.162990e-01 -6.000000e-03
      vertex   1.106066e-02 1.160607e-01 -6.000000e-03
    endloop
  endfacet
  facet normal -7.933533e-01 -6.087614e-01 -0.000000e+00
    outer loop
      vertex   1.106066e-02 1.160607e-01 -3.200000e-03
      vertex   1.106066e-02 1.160607e-01 -6.000000e-03
      vertex   1.129904e-02 1.157500e-01 -3.200000e-03
    endloop
  endfacet
  facet normal -7.933533e-01 -6.087614e-01 -0.000000e+00
    outer loop
      vertex   1.129904e-02 1.157500e-01 -3.200000e-03
      vertex   1.106066e-02 1.160607e-01 -6.000000e-03
      vertex   1.129904e-02 1.157500e-01 -6.000000e-03
    endloop
  endfacet
  facet normal -9.238795e-01 -3.826834e-01 -0.000000e+00
    outer loop
      vertex   1.129904e-02 1.157500e-01 -3.200000e-03
      vertex   1.129904e-02 1.157500e-01 -6.000000e-03
      vertex   1.144889e-02 1.153882e-01 -3.200000e-03
    endloop
  endfacet
  facet normal -9.238795e-01 -3.826834e-01 -0.000000e+00
    outer loop
      vertex   1.144889e-02 1.153882e-01 -3.200000e-03
      vertex   1.129904e-02 1.157500e-01 -6.000000e-03
      vertex   1.144889e-02 1.153882e-01 -6.000000e-03
    endloop
  endfacet
  facet normal -9.914449e-01 -1.305262e-01 -0.000000e+00
    outer loop
      vertex   1.144889e-02 6.038823e-02 0.000000e+00
      vertex   1.144889e-02 6.038823e-02 -6.000000e-03
      vertex   1.150000e-02 6.000000e-02 0.000000e+00
    endloop
  endfacet
  facet normal -9.914449e-01 -1.305262e-01 -0.000000e+00
    outer loop
      vertex   1.150000e-02 6.000000e-02 0.000000e+00
      vertex   1.144889e-02 6.038823e-02 -6.000000e-03
      vertex   1.150000e-02 6.000000e-02 -6.000000e-03
    endloop
  endfacet
  facet normal -9.914449e-01 1.305262e-01 0.000000e+00
    outer loop
      vertex   1.150000e-02 6.000000e-02 0.000000e+00
      vertex   1.150000e-02 6.000000e-02 -6.000000e-03
      vertex   1.144889e-02 5.961177e-02 0.000000e+00
    endloop
  endfacet
  facet normal -9.914449e-01 1.305262e-01 0.000000e+00
    outer loop
      vertex   1.144889e-02 5.961177e-02 0.000000e+00
      vertex   1.150000e-02 6.000000e-02 -6.000000e-03
      vertex   1.144889e-02 5.961177e-02 -6.000000e-03
    endloop
  endfacet
  facet normal -9.238795e-01 3.826834e-01 0.000000e+00
    outer loop
      vertex   1.144889e-02 5.961177e-02 0.000000e+00
      vertex   1.144889e-02 5.961177e-02 -6.000000e-03
      vertex   1.129904e-02 5.925000e-02 0.000000e+00
    endloop
  endfacet
  facet normal -9.238795e-01 3.826834e-01 0.000000e+00
    outer loop
      vertex   1.129904e-02 5.925000e-02 0.000000e+00
      vertex   1.144889e-02 5.961177e-02 -6.000000e-03
      vertex   1.129904e-02 5.925000e-02 -6.000000e-03
    endloop
  endfacet
  facet normal -7.933533e-01 6.087614e-01 0.000000e+00
    outer loop
      vertex   1.129904e-02 5.925000e-02 0.000000e+00
      vertex   1.129904e-02 5.925000e-02 -6.000000e-03
      vertex   1.106066e-02 5.893934e-02 0.000000e+00
    endloop
  endfacet
  facet normal -7.933533e-01 6.087614e-01 0.000000e+00
    outer loop
      vertex   1.106066e-02 5.893934e-02 0.000000e+00
      vertex   1.129904e-02 5.925000e-02 -6.000000e-03
      vertex   1.106066e-02 5.893934e-02 -6.000000e-03
    endloop
  endfacet
  facet normal -6.087614e-01 7.933533e-01 0.000000e+00
    outer loop
      vertex   1.106066e-02 5.893934e-02 0.000000e+00
      vertex   1.106066e-02 5.893934e-02 -6.000000e-03
      vertex   1.075000e-02 5.870096e-02 0.000000e+00
    endloop
  endfacet
  facet normal -6.087614e-01 7.933533e-01 0.000000e+00
    outer loop
      vertex   1.075000e-02 5.870096e-02 0.000000e+00
      vertex   1.106066e-02 5.893934e-02 -6.000000e-03
      vertex   1.075000e-02 5.870096e-02 -6.000000e-03
    endloop
  endfacet
  facet normal -3.826834e-01 9.238795e-01 0.000000e+00
    outer loop
      vertex   1.075000e-02 5.870096e-02 0.000000e+00
      vertex   1.075000e-02 5.870096e-02 -6.000000e-03
      vertex   1.038823e-02 5.855111e-02 0.000000e+00
    endloop
  endfacet
  facet normal -3.826834e-01 9.238795e-01 0.000000e+00
    outer loop
      vertex   1.038823e-02 5.855111e-02 0.000000e+00
      vertex   1.075000e-02 5.870096e-02 -6.000000e-03
      vertex   1.038823e-02 5.855111e-02 -6.000000e-03
    endloop
  endfacet
  facet normal -1.305262e-01 9.914449e-01 0.000000e+00
    outer loop
      vertex   1.038823e-02 5.855111e-02 0.000000e+00
      vertex   1.038823e-02 5.855111e-02 -6.000000e-03
      vertex   1.000000e-02 5.850000e-02 0.000000e+00
    endloop
  endfacet
  facet normal -1.305262e-01 9.914449e-01 0.000000e+00
    outer loop
      vertex   1.000000e-02 5.850000e-02 0.000000e+00
      vertex   1.038823e-02 5.855111e-02 -6.000000e-03
      vertex   1.000000e-02 5.850000e-02 -6.000000e-03
    endloop
  endfacet
  facet normal 1.305262e-01 9.914449e-01 0.000000e+00
    outer loop
      vertex   1.000000e-02 5.850000e-02 0.000000e+00
      vertex   1.000000e-02 5.850000e-02 -6.000000e-03
      vertex   9.611771e-03 5.855111e-02 0.000000e+00
    endloop
  endfacet
  facet normal 1.305262e-01 9.914449e-01 0.000000e+00
    outer loop
      vertex   9.611771e-03 5.855111e-02 0.000000e+00
      vertex   1.000000e-02 5.850000e-02 -6.000000e-03
      vertex   9.611771e-03 5.855111e-02 -6.000000e-03
    endloop
  endfacet
  facet normal 3.826834e-01 9.238795e-01 0.000000e+00
    outer loop
      vertex   9.611771e-03 5.855111e-02 0.000000e+00
      vertex   9.611771e-03 5.855111e-02 -6.000000e-03
      vertex   9.250000e-03 5.870096e-02 0.000000e+00
    endloop
  endfacet
  facet normal 3.826834e-01 9.238795e-01 0.000000e+00
    outer loop
      vertex   9.250000e-03 5.870096e-02 0.000000e+00
      vertex   9.611771e-03 5.855111e-02 -6.000000e-03
      vertex   9.250000e-03 5.870096e-02 -6.000000e-03
    endloop
  endfacet
  facet normal 6.087614e-01 7.933533e-01 0.000000e+00
    outer loop
      vertex   9.250000e-03 5.870096e-02 0.000000e+00
      vertex   9.250000e-03 5.870096e-02 -6.000000e-03
      vertex   8.939340e-03 5.893934e-02 0.000000e+00
    endloop
  endfacet
  facet normal 6.087614e-01 7.933533e-01 0.000000e+00
    outer loop
      vertex   8.939340e-03 5.893934e-02 0.000000e+00
      vertex   9.250000e-03 5.870096e-02 -6.000000e-03
      vertex   8.939340e-03 5.893934e-02 -6.000000e-03
    endloop
  endfacet
  facet normal 7.933533e-01 6.087614e-01 0.000000e+00
    outer loop
      vertex   8.939340e-03 5.893934e-02 0.000000e+00
      vertex   8.939340e-03 5.893934e-02 -6.000000e-03
      vertex   8.700962e-03 5.925000e-02 0.000000e+00
    endloop
  endfacet
  facet normal 7.933533e-01 6.087614e-01 0.000000e+00
    outer loop
      vertex   8.700962e-03 5.925000e-02 0.000000e+00
      vertex   8.939340e-03 5.893934e-02 -6.000000e-03
      vertex   8.700962e-03 5.925000e-02 -6.000000e-03
    endloop
  endfacet
  facet normal 9.238795e-01 3.826834e-01 0.000000e+00
    outer loop
      vertex   8.700962e-03 5.925000e-02 0.000000e+00
      vertex   8.700962e-03 5.925000e-02 -6.000000e-03
      vertex   8.551111e-03 5.961177e-02 0.000000e+00
    endloop
  endfacet
  facet normal 9.238795e-01 3.826834e-01 0.000000e+00
    outer loop
      vertex   8.551111e-03 5.961177e-02 0.000000e+00
      vertex   8.700962e-03 5.925000e-02 -6.000000e-03
      vertex   8.551111e-03 5.961177e-02 -6.000000e-03
    endloop
  endfacet
  facet normal 9.914449e-01 1.305262e-01 0.000000e+00
    outer loop
      vertex   8.551111e-03 5.961177e-02 0.000000e+00
      vertex   8.551111e-03 5.961177e-02 -6.000000e-03
      vertex   8.500000e-03 6.000000e-02 0.000000e+00
    endloop
  endfacet
  facet normal 9.914449e-01 1.305262e-01 0.000000e+00
    outer loop
      vertex   8.500000e-03 6.000000e-02 0.000000e+00
      vertex   8.551111e-03 5.961177e-02 -6.000000e-03
      vertex   8.500000e-03 6.000000e-02 -6.000000e-03
    endloop
  endfacet
  facet normal 9.914449e-01 -1.305262e-01 0.000000e+00
    outer loop
      vertex   8.500000e-03 6.000000e-02 0.000000e+00
      vertex   8.500000e-03 6.000000e-02 -6.000000e-03
      vertex   8.551111e-03 6.038823e-02 0.000000e+00
    endloop
  endfacet
  facet normal 9.914449e-01 -1.305262e-01 0.000000e+00
    outer loop
      vertex   8.551111e-03 6.038823e-02 0.000000e+00
      vertex   8.500000e-03 6.000000e-02 -6.000000e-03
      vertex   8.551111e-03 6.038823e-02 -6.000000e-03
    endloop
  endfacet
  facet normal 9.238795e-01 -3.826834e-01 0.000000e+00
    outer loop
      vertex   8.551111e-03 6.038823e-02 0.000000e+00
      vertex   8.551111e-03 6.038823e-02 -6.000000e-03
      vertex   8.700962e-03 6.075000e-02 0.000000e+00
    endloop
  endfacet
  facet normal 9.238795e-01 -3.826834e-01 0.000000e+00
    outer loop
      vertex   8.700962e-03 6.075000e-02 0.000000e+00
      vertex   8.551111e-03 6.038823e-02 -6.000000e-03
      vertex   8.700962e-03 6.075000e-02 -6.000000e-03
    endloop
  endfacet
  facet normal 7.933533e-01 -6.087614e-01 0.000000e+00
    outer loop
      vertex   8.700962e-03 6.075000e-02 0.000000e+00
      vertex   8.700962e-03 6.075000e-02 -6.000000e-03
      vertex   8.939340e-03 6.106066e-02 0.000000e+00
    endloop
  endfacet
  facet normal 7.933533e-01 -6.087614e-01 0.000000e+00
    outer loop
      vertex   8.939340e-03 6.106066e-02 0.000000e+00
      vertex   8.700962e-03 6.075000e-02 -6.000000e-03
      vertex   8.939340e-03 6.106066e-02 -6.000000e-03
    endloop
  endfacet
  facet normal 6.087614e-01 -7.933533e-01 0.000000e+00
    outer loop
      vertex   8.939340e-03 6.106066e-02 0.000000e+00
      vertex   8.939340e-03 6.106066e-02 -6.000000e-03
      vertex   9.250000e-03 6.129904e-02 0.000000e+00
    endloop
  endfacet
  facet normal 6.087614e-01 -7.933533e-01 0.000000e+00
    outer loop
      vertex   9.250000e-03 6.129904e-02 0.000000e+00
      vertex   8.939340e-03 6.106066e-02 -6.000000e-03
      vertex   9.250000e-03 6.129904e-02 -6.000000e-03
    endloop
  endfacet
  facet normal 3.826834e-01 -9.238795e-01 0.000000e+00
    outer loop
      vertex   9.250000e-03 6.129904e-02 0.000000e+00
      vertex   9.250000e-03 6.129904e-02 -6.000000e-03
      vertex   9.611771e-03 6.144889e-02 0.000000e+00
    endloop
  endfacet
  facet normal 3.826834e-01 -9.238795e-01 0.000000e+00
    outer loop
      vertex   9.611771e-03 6.144889e-02 0.000000e+00
      vertex   9.250000e-03 6.129904e-02 -6.000000e-03
      vertex   9.611771e-03 6.144889e-02 -6.000000e-03
    endloop
  endfacet
  facet normal 1.305262e-01 -9.914449e-01 0.000000e+00
    outer loop
      vertex   9.611771e-03 6.144889e-02 0.000000e+00
      vertex   9.611771e-03 6.144889e-02 -6.000000e-03
      vertex   1.000000e-02 6.150000e-02 0.000000e+00
    endloop
  endfacet
  facet normal 1.305262e-01 -9.914449e-01 0.000000e+00
    outer loop
      vertex   1.000000e-02 6.150000e-02 0.000000e+00
      vertex   9.611771e-03 6.144889e-02 -6.000000e-03
      vertex   1.000000e-02 6.150000e-02 -6.000000e-03
    endloop
  endfacet
  facet normal -1.305262e-01 -9.914449e-01 -0.000000e+00
    outer loop
      vertex   1.000000e-02 6.150000e-02 0.000000e+00
      vertex   1.000000e-02 6.150000e-02 -6.000000e-03
      vertex   1.038823e-02 6.144889e-02 0.000000e+00
    endloop
  endfacet
  facet normal -1.305262e-01 -9.914449e-01 -0.000000e+00
    outer loop
      vertex   1.038823e-02 6.144889e-02 0.000000e+00
      vertex   1.000000e-02 6.150000e-02 -6.000000e-03
      vertex   1.038823e-02 6.144889e-02 -6.000000e-03
    endloop
  endfacet
  facet normal -3.826834e-01 -9.238795e-01 -0.000000e+00
    outer loop
      vertex   1.038823e-02 6.144889e-02 0.000000e+00
      vertex   1.038823e-02 6.144889e-02 -6.000000e-03
      vertex   1.075000e-02 6.129904e-02 0.000000e+00
    endloop
  endfacet
  facet normal -3.826834e-01 -9.238795e-01 -0.000000e+00
    outer loop
      vertex   1.075000e-02 6.129904e-02 0.000000e+00
      vertex   1.038823e-02 6.144889e-02 -6.000000e-03
      vertex   1.075000e-02 6.129904e-02 -6.000000e-03
    endloop
  endfacet
  facet normal -6.087614e-01 -7.933533e-01 -0.000000e+00
    outer loop
      vertex   1.075000e-02 6.129904e-02 0.000000e+00
      vertex   1.075000e-02 6.129904e-02 -6.000000e-03
      vertex   1.106066e-02 6.106066e-02 0.000000e+00
    endloop
  endfacet
  facet normal -6.087614e-01 -7.933533e-01 -0.000000e+00
    outer loop
      vertex   1.106066e-02 6.106066e-02 0.000000e+00
      vertex   1.075000e-02 6.129904e-02 -6.000000e-03
      vertex   1.106066e-02 6.106066e-02 -6.000000e-03
    endloop
  endfacet
  facet normal -7.933533e-01 -6.087614e-01 -0.000000e+00
    outer loop
      vertex   1.106066e-02 6.106066e-02 0.000000e+00
      vertex   1.106066e-02 6.106066e-02 -6.000000e-03
      vertex   1.129904e-02 6.075000e-02 0.000000e+00
    endloop
  endfacet
  facet normal -7.933533e-01 -6.087614e-01 -0.000000e+00
    outer loop
      vertex   1.129904e-02 6.075000e-02 0.000000e+00
      vertex   1.106066e-02 6.106066e-02 -6.000000e-03
      vertex   1.129904e-02 6.075000e-02 -6.000000e-03
    endloop
  endfacet
  facet normal -9.238795e-01 -3.826834e-01 -0.000000e+00
    outer loop
      vertex   1.129904e-02 6.075000e-02 0.000000e+00
      vertex   1.129904e-02 6.075000e-02 -6.000000e-03
      vertex   1.144889e-02 6.038823e-02 0.000000e+00
    endloop
  endfacet
  facet normal -9.238795e-01 -3.826834e-01 -0.000000e+00
    outer loop
      vertex   1.144889e-02 6.038823e-02 0.000000e+00
      vertex   1.129904e-02 6.075000e-02 -6.000000e-03
      vertex   1.144889e-02 6.038823e-02 -6.000000e-03
    endloop
  endfacet
  facet normal 9.396926e-01 0.000000e+00 -3.420201e-01
    outer loop
      vertex   -2.000000e-03 -7.751754e-03 -5.000000e-03
      vertex   -2.000000e-03 -1.224825e-02 -5.000000e-03
      vertex   -2.363970e-03 -8.115724e-03 -6.000000e-03
    endloop
  endfacet
  facet normal 9.396926e-01 0.000000e+00 -3.420201e-01
    outer loop
      vertex   -2.363970e-03 -8.115724e-03 -6.000000e-03
      vertex   -2.000000e-03 -1.224825e-02 -5.000000e-03
      vertex   -2.363970e-03 -1.188428e-02 -6.000000e-03
    endloop
  endfacet
  facet normal -0.000000e+00 -9.396926e-01 -3.420201e-01
    outer loop
      vertex   -2.751754e-03 -1.300000e-02 -5.000000e-03
      vertex   -1.572482e-01 -1.300000e-02 -5.000000e-03
      vertex   -3.115724e-03 -1.263603e-02 -6.000000e-03
    endloop
  endfacet
  facet normal -0.000000e+00 -9.396926e-01 -3.420201e-01
    outer loop
      vertex   -3.115724e-03 -1.263603e-02 -6.000000e-03
      vertex   -1.572482e-01 -1.300000e-02 -5.000000e-03
      vertex   -1.568843e-01 -1.263603e-02 -6.000000e-03
    endloop
  endfacet
  facet normal -9.396926e-01 0.000000e+00 -3.420201e-01
    outer loop
      vertex   -1.576360e-01 -1.188428e-02 -6.000000e-03
      vertex   -1.580000e-01 -1.224825e-02 -5.000000e-03
      vertex   -1.576360e-01 -8.115724e-03 -6.000000e-03
    endloop
  endfacet
  facet normal -9.396926e-01 0.000000e+00 -3.420201e-01
    outer loop
      vertex   -1.576360e-01 -8.115724e-03 -6.000000e-03
      vertex   -1.580000e-01 -1.224825e-02 -5.000000e-03
      vertex   -1.580000e-01 -7.751754e-03 -5.000000e-03
    endloop
  endfacet
  facet normal 6.360625e-17 9.396926e-01 -3.420201e-01
    outer loop
      vertex   -1.568843e-01 -7.363970e-03 -6.000000e-03
      vertex   -1.572482e-01 -7.000000e-03 -5.000000e-03
      vertex   -3.115724e-03 -7.363970e-03 -6.000000e-03
    endloop
  endfacet
  facet normal 4.852447e-16 9.396926e-01 -3.420201e-01
    outer loop
      vertex   -3.115724e-03 -7.363970e-03 -6.000000e-03
      vertex   -1.572482e-01 -7.000000e-03 -5.000000e-03
      vertex   -2.751754e-03 -7.000000e-03 -5.000000e-03
    endloop
  endfacet
  facet normal 0.000000e+00 0.000000e+00 -1.000000e+00
    outer loop
      vertex   -1.568843e-01 -1.263603e-02 -6.000000e-03
      vertex   -1.150000e-01 -1.150000e-02 -6.000000e-03
      vertex   -3.115724e-03 -1.263603e-02 -6.000000e-03
    endloop
  endfacet
  facet normal 0.000000e+00 0.000000e+00 -1.000000e+00
    outer loop
      vertex   -3.115724e-03 -1.263603e-02 -6.000000e-03
      vertex   -1.150000e-01 -1.150000e-02 -6.000000e-03
      vertex   -2.000000e-02 -1.150000e-02 -6.000000e-03
    endloop
  endfacet
  facet normal 0.000000e+00 0.000000e+00 -1.000000e+00
    outer loop
      vertex   -3.115724e-03 -1.263603e-02 -6.000000e-03
      vertex   -2.000000e-02 -1.150000e-02 -6.000000e-03
      vertex   -2.691776e-03 -1.251266e-02 -6.000000e-03
    endloop
  endfacet
  facet normal 0.000000e+00 0.000000e+00 -1.000000e+00
    outer loop
      vertex   -2.691776e-03 -1.251266e-02 -6.000000e-03
      vertex   -2.000000e-02 -1.150000e-02 -6.000000e-03
      vertex   -2.579086e-03 -1.242091e-02 -6.000000e-03
    endloop
  endfacet
  facet normal 0.000000e+00 0.000000e+00 -1.000000e+00
    outer loop
      vertex   -2.579086e-03 -1.242091e-02 -6.000000e-03
      vertex   -2.000000e-02 -1.150000e-02 -6.000000e-03
      vertex   -2.487342e-03 -1.230822e-02 -6.000000e-03
    endloop
  endfacet
  facet normal 0.000000e+00 0.000000e+00 -1.000000e+00
    outer loop
      vertex   -2.487342e-03 -1.230822e-02 -6.000000e-03
      vertex   -2.000000e-02 -1.150000e-02 -6.000000e-03
      vertex   -2.419564e-03 -1.217830e-02 -6.000000e-03
    endloop
  endfacet
  facet normal 0.000000e+00 0.000000e+00 -1.000000e+00
    outer loop
      vertex   -2.419564e-03 -1.217830e-02 -6.000000e-03
      vertex   -2.000000e-02 -1.150000e-02 -6.000000e-03
      vertex   -2.377984e-03 -1.203541e-02 -6.000000e-03
    endloop
  endfacet
  facet normal 0.000000e+00 0.000000e+00 -1.000000e+00
    outer loop
      vertex   -2.377984e-03 -1.203541e-02 -6.000000e-03
      vertex   -2.000000e-02 -1.150000e-02 -6.000000e-03
      vertex   -2.363970e-03 -1.188428e-02 -6.000000e-03
    endloop
  endfacet
  facet normal 0.000000e+00 0.000000e+00 -1.000000e+00
    outer loop
      vertex   -2.363970e-03 -1.188428e-02 -6.000000e-03
      vertex   -2.000000e-02 -1.150000e-02 -6.000000e-03
      vertex   -9.000000e-03 -1.150000e-02 -6.000000e-03
    endloop
  endfacet
  facet normal 0.000000e+00 0.000000e+00 -1.000000e+00
    outer loop
      vertex   -2.363970e-03 -1.188428e-02 -6.000000e-03
      vertex   -9.000000e-03 -1.150000e-02 -6.000000e-03
      vertex   -8.611771e-03 -1.144889e-02 -6.000000e-03
    endloop
  endfacet
  facet normal 0.000000e+00 0.000000e+00 -1.000000e+00
    outer loop
      vertex   -1.570354e-01 -1.262202e-02 -6.000000e-03
      vertex   -1.571783e-01 -1.258044e-02 -6.000000e-03
      vertex   -1.568843e-01 -1.263603e-02 -6.000000e-03
    endloop
  endfacet
  facet normal 0.000000e+00 0.000000e+00 -1.000000e+00
    outer loop
      vertex   -1.568843e-01 -1.263603e-02 -6.000000e-03
      vertex   -1.571783e-01 -1.258044e-02 -6.000000e-03
      vertex   -1.573082e-01 -1.251266e-02 -6.000000e-03
    endloop
  endfacet
  facet normal 0.000000e+00 0.000000e+00 -1.000000e+00
    outer loop
      vertex   -1.568843e-01 -1.263603e-02 -6.000000e-03
      vertex   -1.573082e-01 -1.251266e-02 -6.000000e-03
      vertex   -1.150000e-01 -1.150000e-02 -6.000000e-03
    endloop
  endfacet
  facet normal 0.000000e+00 0.000000e+00 -1.000000e+00
    outer loop
      vertex   -1.150000e-01 -1.150000e-02 -6.000000e-03
      vertex   -1.573082e-01 -1.251266e-02 -6.000000e-03
      vertex   -1.574209e-01 -1.242091e-02 -6.000000e-03
    endloop
  endfacet
  facet normal 0.000000e+00 0.000000e+00 -1.000000e+00
    outer loop
      vertex   -1.150000e-01 -1.150000e-02 -6.000000e-03
      vertex   -1.574209e-01 -1.242091e-02 -6.000000e-03
      vertex   -1.575127e-01 -1.230822e-02 -6.000000e-03
    endloop
  endfacet
  facet normal -0.000000e+00 0.000000e+00 -1.000000e+00
    outer loop
      vertex   -1.150000e-01 -1.150000e-02 -6.000000e-03
      vertex   -1.575127e-01 -1.230822e-02 -6.000000e-03
      vertex   -1.440000e-01 -1.150000e-02 -6.000000e-03
    endloop
  endfacet
  facet normal 0.000000e+00 0.000000e+00 -1.000000e+00
    outer loop
      vertex   -1.440000e-01 -1.150000e-02 -6.000000e-03
      vertex   -1.575127e-01 -1.230822e-02 -6.000000e-03
      vertex   -1.575804e-01 -1.217830e-02 -6.000000e-03
    endloop
  endfacet
  facet normal 0.000000e+00 0.000000e+00 -1.000000e+00
    outer loop
      vertex   -1.440000e-01 -1.150000e-02 -6.000000e-03
      vertex   -1.575804e-01 -1.217830e-02 -6.000000e-03
      vertex   -1.576220e-01 -1.203541e-02 -6.000000e-03
    endloop
  endfacet
  facet normal 0.000000e+00 0.000000e+00 -1.000000e+00
    outer loop
      vertex   -1.576220e-01 -1.203541e-02 -6.000000e-03
      vertex   -1.576360e-01 -1.188428e-02 -6.000000e-03
      vertex   -1.440000e-01 -1.150000e-02 -6.000000e-03
    endloop
  endfacet
  facet normal -0.000000e+00 0.000000e+00 -1.000000e+00
    outer loop
      vertex   -1.440000e-01 -1.150000e-02 -6.000000e-03
      vertex   -1.576360e-01 -1.188428e-02 -6.000000e-03
      vertex   -1.443882e-01 -1.144889e-02 -6.000000e-03
    endloop
  endfacet
  facet normal -0.000000e+00 0.000000e+00 -1.000000e+00
    outer loop
      vertex   -1.443882e-01 -1.144889e-02 -6.000000e-03
      vertex   -1.576360e-01 -1.188428e-02 -6.000000e-03
      vertex   -1.447500e-01 -1.129904e-02 -6.000000e-03
    endloop
  endfacet
  facet normal -0.000000e+00 0.000000e+00 -1.000000e+00
    outer loop
      vertex   -1.447500e-01 -1.129904e-02 -6.000000e-03
      vertex   -1.576360e-01 -1.188428e-02 -6.000000e-03
      vertex   -1.450607e-01 -1.106066e-02 -6.000000e-03
    endloop
  endfacet
  facet normal -0.000000e+00 0.000000e+00 -1.000000e+00
    outer loop
      vertex   -1.450607e-01 -1.106066e-02 -6.000000e-03
      vertex   -1.576360e-01 -1.188428e-02 -6.000000e-03
      vertex   -1.452990e-01 -1.075000e-02 -6.000000e-03
    endloop
  endfacet
  facet normal -0.000000e+00 0.000000e+00 -1.000000e+00
    outer loop
      vertex   -1.452990e-01 -1.075000e-02 -6.000000e-03
      vertex   -1.576360e-01 -1.188428e-02 -6.000000e-03
      vertex   -1.454489e-01 -1.038823e-02 -6.000000e-03
    endloop
  endfacet
  facet normal -0.000000e+00 0.000000e+00 -1.000000e+00
    outer loop
      vertex   -1.454489e-01 -1.038823e-02 -6.000000e-03
      vertex   -1.576360e-01 -1.188428e-02 -6.000000e-03
      vertex   -1.455000e-01 -1.000000e-02 -6.000000e-03
    endloop
  endfacet
  facet normal -0.000000e+00 0.000000e+00 -1.000000e+00
    outer loop
      vertex   -1.455000e-01 -1.000000e-02 -6.000000e-03
      vertex   -1.576360e-01 -1.188428e-02 -6.000000e-03
      vertex   -1.576360e-01 -8.115724e-03 -6.000000e-03
    endloop
  endfacet
  facet normal 0.000000e+00 0.000000e+00 -1.000000e+00
    outer loop
      vertex   -1.455000e-01 -1.000000e-02 -6.000000e-03
      vertex   -1.576360e-01 -8.115724e-03 -6.000000e-03
      vertex   -1.454489e-01 -9.611771e-03 -6.000000e-03
    endloop
  endfacet
  facet normal 0.000000e+00 0.000000e+00 -1.000000e+00
    outer loop
      vertex   -1.454489e-01 -9.611771e-03 -6.000000e-03
      vertex   -1.576360e-01 -8.115724e-03 -6.000000e-03
      vertex   -1.452990e-01 -9.250000e-03 -6.000000e-03
    endloop
  endfacet
  facet normal 0.000000e+00 0.000000e+00 -1.000000e+00
    outer loop
      vertex   -1.452990e-01 -9.250000e-03 -6.000000e-03
      vertex   -1.576360e-01 -8.115724e-03 -6.000000e-03
      vertex   -1.450607e-01 -8.939340e-03 -6.000000e-03
    endloop
  endfacet
  facet normal 0.000000e+00 0.000000e+00 -1.000000e+00
    outer loop
      vertex   -1.450607e-01 -8.939340e-03 -6.000000e-03
      vertex   -1.576360e-01 -8.115724e-03 -6.000000e-03
      vertex   -1.447500e-01 -8.700962e-03 -6.000000e-03
    endloop
  endfacet
  facet normal 0.000000e+00 0.000000e+00 -1.000000e+00
    outer loop
      vertex   -1.447500e-01 -8.700962e-03 -6.000000e-03
      vertex   -1.576360e-01 -8.115724e-03 -6.000000e-03
      vertex   -1.443882e-01 -8.551111e-03 -6.000000e-03
    endloop
  endfacet
  facet normal 0.000000e+00 0.000000e+00 -1.000000e+00
    outer loop
      vertex   -1.443882e-01 -8.551111e-03 -6.000000e-03
      vertex   -1.576360e-01 -8.115724e-03 -6.000000e-03
      vertex   -1.440000e-01 -8.500000e-03 -6.000000e-03
    endloop
  endfacet
  facet normal 0.000000e+00 0.000000e+00 -1.000000e+00
    outer loop
      vertex   -1.440000e-01 -8.500000e-03 -6.000000e-03
      vertex   -1.576360e-01 -8.115724e-03 -6.000000e-03
      vertex   -1.576220e-01 -7.964586e-03 -6.000000e-03
    endloop
  endfacet
  facet normal 0.000000e+00 0.000000e+00 -1.000000e+00
    outer loop
      vertex   -1.440000e-01 -8.500000e-03 -6.000000e-03
      vertex   -1.576220e-01 -7.964586e-03 -6.000000e-03
      vertex   -1.575804e-01 -7.821702e-03 -6.000000e-03
    endloop
  endfacet
  facet normal 0.000000e+00 0.000000e+00 -1.000000e+00
    outer loop
      vertex   -1.575804e-01 -7.821702e-03 -6.000000e-03
      vertex   -1.575127e-01 -7.691776e-03 -6.000000e-03
      vertex   -1.440000e-01 -8.500000e-03 -6.000000e-03
    endloop
  endfacet
  facet normal 0.000000e+00 0.000000e+00 -1.000000e+00
    outer loop
      vertex   -1.440000e-01 -8.500000e-03 -6.000000e-03
      vertex   -1.575127e-01 -7.691776e-03 -6.000000e-03
      vertex   -1.150000e-01 -8.500000e-03 -6.000000e-03
    endloop
  endfacet
  facet normal 0.000000e+00 0.000000e+00 -1.000000e+00
    outer loop
      vertex   -1.440000e-01 -8.500000e-03 -6.000000e-03
      vertex   -1.150000e-01 -8.500000e-03 -6.000000e-03
      vertex   -1.436118e-01 -8.551111e-03 -6.000000e-03
    endloop
  endfacet
  facet normal 0.000000e+00 0.000000e+00 -1.000000e+00
    outer loop
      vertex   -1.436118e-01 -8.551111e-03 -6.000000e-03
      vertex   -1.150000e-01 -8.500000e-03 -6.000000e-03
      vertex   -1.153882e-01 -8.551111e-03 -6.000000e-03
    endloop
  endfacet
  facet normal 0.000000e+00 0.000000e+00 -1.000000e+00
    outer loop
      vertex   -1.436118e-01 -8.551111e-03 -6.000000e-03
      vertex   -1.153882e-01 -8.551111e-03 -6.000000e-03
      vertex   -1.432500e-01 -8.700962e-03 -6.000000e-03
    endloop
  endfacet
  facet normal 0.000000e+00 0.000000e+00 -1.000000e+00
    outer loop
      vertex   -1.432500e-01 -8.700962e-03 -6.000000e-03
      vertex   -1.153882e-01 -8.551111e-03 -6.000000e-03
      vertex   -1.157500e-01 -8.700962e-03 -6.000000e-03
    endloop
  endfacet
  facet normal 0.000000e+00 0.000000e+00 -1.000000e+00
    outer loop
      vertex   -1.432500e-01 -8.700962e-03 -6.000000e-03
      vertex   -1.157500e-01 -8.700962e-03 -6.000000e-03
      vertex   -1.429393e-01 -8.939340e-03 -6.000000e-03
    endloop
  endfacet
  facet normal 0.000000e+00 0.000000e+00 -1.000000e+00
    outer loop
      vertex   -1.429393e-01 -8.939340e-03 -6.000000e-03
      vertex   -1.157500e-01 -8.700962e-03 -6.000000e-03
      vertex   -1.160607e-01 -8.939340e-03 -6.000000e-03
    endloop
  endfacet
  facet normal 0.000000e+00 0.000000e+00 -1.000000e+00
    outer loop
      vertex   -1.429393e-01 -8.939340e-03 -6.000000e-03
      vertex   -1.160607e-01 -8.939340e-03 -6.000000e-03
      vertex   -1.427010e-01 -9.250000e-03 -6.000000e-03
    endloop
  endfacet
  facet normal 0.000000e+00 0.000000e+00 -1.000000e+00
    outer loop
      vertex   -1.427010e-01 -9.250000e-03 -6.000000e-03
      vertex   -1.160607e-01 -8.939340e-03 -6.000000e-03
      vertex   -1.162990e-01 -9.250000e-03 -6.000000e-03
    endloop
  endfacet
  facet normal 0.000000e+00 0.000000e+00 -1.000000e+00
    outer loop
      vertex   -1.427010e-01 -9.250000e-03 -6.000000e-03
      vertex   -1.162990e-01 -9.250000e-03 -6.000000e-03
      vertex   -1.425511e-01 -9.611771e-03 -6.000000e-03
    endloop
  endfacet
  facet normal 0.000000e+00 0.000000e+00 -1.000000e+00
    outer loop
      vertex   -1.425511e-01 -9.611771e-03 -6.000000e-03
      vertex   -1.162990e-01 -9.250000e-03 -6.000000e-03
      vertex   -1.164489e-01 -9.611771e-03 -6.000000e-03
    endloop
  endfacet
  facet normal 0.000000e+00 0.000000e+00 -1.000000e+00
    outer loop
      vertex   -1.425511e-01 -9.611771e-03 -6.000000e-03
      vertex   -1.164489e-01 -9.611771e-03 -6.000000e-03
      vertex   -1.425000e-01 -1.000000e-02 -6.000000e-03
    endloop
  endfacet
  facet normal 0.000000e+00 0.000000e+00 -1.000000e+00
    outer loop
      vertex   -1.425000e-01 -1.000000e-02 -6.000000e-03
      vertex   -1.164489e-01 -9.611771e-03 -6.000000e-03
      vertex   -1.165000e-01 -1.000000e-02 -6.000000e-03
    endloop
  endfacet
  facet normal 0.000000e+00 -0.000000e+00 -1.000000e+00
    outer loop
      vertex   -1.425000e-01 -1.000000e-02 -6.000000e-03
      vertex   -1.165000e-01 -1.000000e-02 -6.000000e-03
      vertex   -1.425511e-01 -1.038823e-02 -6.000000e-03
    endloop
  endfacet
  facet normal 0.000000e+00 0.000000e+00 -1.000000e+00
    outer loop
      vertex   -1.425511e-01 -1.038823e-02 -6.000000e-03
      vertex   -1.165000e-01 -1.000000e-02 -6.000000e-03
      vertex   -1.164489e-01 -1.038823e-02 -6.000000e-03
    endloop
  endfacet
  facet normal 0.000000e+00 -0.000000e+00 -1.000000e+00
    outer loop
      vertex   -1.425511e-01 -1.038823e-02 -6.000000e-03
      vertex   -1.164489e-01 -1.038823e-02 -6.000000e-03
      vertex   -1.427010e-01 -1.075000e-02 -6.000000e-03
    endloop
  endfacet
  facet normal 0.000000e+00 0.000000e+00 -1.000000e+00
    outer loop
      vertex   -1.427010e-01 -1.075000e-02 -6.000000e-03
      vertex   -1.164489e-01 -1.038823e-02 -6.000000e-03
      vertex   -1.162990e-01 -1.075000e-02 -6.000000e-03
    endloop
  endfacet
  facet normal 0.000000e+00 -0.000000e+00 -1.000000e+00
    outer loop
      vertex   -1.427010e-01 -1.075000e-02 -6.000000e-03
      vertex   -1.162990e-01 -1.075000e-02 -6.000000e-03
      vertex   -1.429393e-01 -1.106066e-02 -6.000000e-03
    endloop
  endfacet
  facet normal 0.000000e+00 0.000000e+00 -1.000000e+00
    outer loop
      vertex   -1.429393e-01 -1.106066e-02 -6.000000e-03
      vertex   -1.162990e-01 -1.075000e-02 -6.000000e-03
      vertex   -1.160607e-01 -1.106066e-02 -6.000000e-03
    endloop
  endfacet
  facet normal 0.000000e+00 -0.000000e+00 -1.000000e+00
    outer loop
      vertex   -1.429393e-01 -1.106066e-02 -6.000000e-03
      vertex   -1.160607e-01 -1.106066e-02 -6.000000e-03
      vertex   -1.432500e-01 -1.129904e-02 -6.000000e-03
    endloop
  endfacet
  facet normal 0.000000e+00 0.000000e+00 -1.000000e+00
    outer loop
      vertex   -1.432500e-01 -1.129904e-02 -6.000000e-03
      vertex   -1.160607e-01 -1.106066e-02 -6.000000e-03
      vertex   -1.157500e-01 -1.129904e-02 -6.000000e-03
    endloop
  endfacet
  facet normal 0.000000e+00 -0.000000e+00 -1.000000e+00
    outer loop
      vertex   -1.432500e-01 -1.129904e-02 -6.000000e-03
      vertex   -1.157500e-01 -1.129904e-02 -6.000000e-03
      vertex   -1.436118e-01 -1.144889e-02 -6.000000e-03
    endloop
  endfacet
  facet normal 0.000000e+00 0.000000e+00 -1.000000e+00
    outer loop
      vertex   -1.436118e-01 -1.144889e-02 -6.000000e-03
      vertex   -1.157500e-01 -1.129904e-02 -6.000000e-03
      vertex   -1.153882e-01 -1.144889e-02 -6.000000e-03
    endloop
  endfacet
  facet normal 0.000000e+00 -0.000000e+00 -1.000000e+00
    outer loop
      vertex   -1.436118e-01 -1.144889e-02 -6.000000e-03
      vertex   -1.153882e-01 -1.144889e-02 -6.000000e-03
      vertex   -1.440000e-01 -1.150000e-02 -6.000000e-03
    endloop
  endfacet
  facet normal 0.000000e+00 0.000000e+00 -1.000000e+00
    outer loop
      vertex   -1.440000e-01 -1.150000e-02 -6.000000e-03
      vertex   -1.153882e-01 -1.144889e-02 -6.000000e-03
      vertex   -1.150000e-01 -1.150000e-02 -6.000000e-03
    endloop
  endfacet
  facet normal 0.000000e+00 0.000000e+00 -1.000000e+00
    outer loop
      vertex   -1.575127e-01 -7.691776e-03 -6.000000e-03
      vertex   -1.574209e-01 -7.579086e-03 -6.000000e-03
      vertex   -1.150000e-01 -8.500000e-03 -6.000000e-03
    endloop
  endfacet
  facet normal 0.000000e+00 0.000000e+00 -1.000000e+00
    outer loop
      vertex   -1.150000e-01 -8.500000e-03 -6.000000e-03
      vertex   -1.574209e-01 -7.579086e-03 -6.000000e-03
      vertex   -1.573082e-01 -7.487342e-03 -6.000000e-03
    endloop
  endfacet
  facet normal 0.000000e+00 0.000000e+00 -1.000000e+00
    outer loop
      vertex   -1.150000e-01 -8.500000e-03 -6.000000e-03
      vertex   -1.573082e-01 -7.487342e-03 -6.000000e-03
      vertex   -1.568843e-01 -7.363970e-03 -6.000000e-03
    endloop
  endfacet
  facet normal 0.000000e+00 0.000000e+00 -1.000000e+00
    outer loop
      vertex   -1.568843e-01 -7.363970e-03 -6.000000e-03
      vertex   -1.573082e-01 -7.487342e-03 -6.000000e-03
      vertex   -1.571783e-01 -7.419564e-03 -6.000000e-03
    endloop
  endfacet
  facet normal 0.000000e+00 0.000000e+00 -1.000000e+00
    outer loop
      vertex   -1.568843e-01 -7.363970e-03 -6.000000e-03
      vertex   -1.571783e-01 -7.419564e-03 -6.000000e-03
      vertex   -1.570354e-01 -7.377984e-03 -6.000000e-03
    endloop
  endfacet
  facet normal 0.000000e+00 0.000000e+00 -1.000000e+00
    outer loop
      vertex   -1.568843e-01 -7.363970e-03 -6.000000e-03
      vertex   -3.115724e-03 -7.363970e-03 -6.000000e-03
      vertex   -1.150000e-01 -8.500000e-03 -6.000000e-03
    endloop
  endfacet
  facet normal 0.000000e+00 0.000000e+00 -1.000000e+00
    outer loop
      vertex   -1.150000e-01 -8.500000e-03 -6.000000e-03
      vertex   -3.115724e-03 -7.363970e-03 -6.000000e-03
      vertex   -2.000000e-02 -8.500000e-03 -6.000000e-03
    endloop
  endfacet
  facet normal 0.000000e+00 0.000000e+00 -1.000000e+00
    outer loop
      vertex   -1.150000e-01 -8.500000e-03 -6.000000e-03
      vertex   -2.000000e-02 -8.500000e-03 -6.000000e-03
      vertex   -1.146118e-01 -8.551111e-03 -6.000000e-03
    endloop
  endfacet
  facet normal 0.000000e+00 0.000000e+00 -1.000000e+00
    outer loop
      vertex   -1.146118e-01 -8.551111e-03 -6.000000e-03
      vertex   -2.000000e-02 -8.500000e-03 -6.000000e-03
      vertex   -2.038823e-02 -8.551111e-03 -6.000000e-03
    endloop
  endfacet
  facet normal 0.000000e+00 0.000000e+00 -1.000000e+00
    outer loop
      vertex   -1.146118e-01 -8.551111e-03 -6.000000e-03
      vertex   -2.038823e-02 -8.551111e-03 -6.000000e-03
      vertex   -1.142500e-01 -8.700962e-03 -6.000000e-03
    endloop
  endfacet
  facet normal 0.000000e+00 0.000000e+00 -1.000000e+00
    outer loop
      vertex   -1.142500e-01 -8.700962e-03 -6.000000e-03
      vertex   -2.038823e-02 -8.551111e-03 -6.000000e-03
      vertex   -2.075000e-02 -8.700962e-03 -6.000000e-03
    endloop
  endfacet
  facet normal 0.000000e+00 0.000000e+00 -1.000000e+00
    outer loop
      vertex   -1.142500e-01 -8.700962e-03 -6.000000e-03
      vertex   -2.075000e-02 -8.700962e-03 -6.000000e-03
      vertex   -1.139393e-01 -8.939340e-03 -6.000000e-03
    endloop
  endfacet
  facet normal 0.000000e+00 0.000000e+00 -1.000000e+00
    outer loop
      vertex   -1.139393e-01 -8.939340e-03 -6.000000e-03
      vertex   -2.075000e-02 -8.700962e-03 -6.000000e-03
      vertex   -2.106066e-02 -8.939340e-03 -6.000000e-03
    endloop
  endfacet
  facet normal 0.000000e+00 0.000000e+00 -1.000000e+00
    outer loop
      vertex   -1.139393e-01 -8.939340e-03 -6.000000e-03
      vertex   -2.106066e-02 -8.939340e-03 -6.000000e-03
      vertex   -1.137010e-01 -9.250000e-03 -6.000000e-03
    endloop
  endfacet
  facet normal 0.000000e+00 0.000000e+00 -1.000000e+00
    outer loop
      vertex   -1.137010e-01 -9.250000e-03 -6.000000e-03
      vertex   -2.106066e-02 -8.939340e-03 -6.000000e-03
      vertex   -2.129904e-02 -9.250000e-03 -6.000000e-03
    endloop
  endfacet
  facet normal 0.000000e+00 0.000000e+00 -1.000000e+00
    outer loop
      vertex   -1.137010e-01 -9.250000e-03 -6.000000e-03
      vertex   -2.129904e-02 -9.250000e-03 -6.000000e-03
      vertex   -1.135511e-01 -9.611771e-03 -6.000000e-03
    endloop
  endfacet
  facet normal 0.000000e+00 0.000000e+00 -1.000000e+00
    outer loop
      vertex   -1.135511e-01 -9.611771e-03 -6.000000e-03
      vertex   -2.129904e-02 -9.250000e-03 -6.000000e-03
      vertex   -2.144889e-02 -9.611771e-03 -6.000000e-03
    endloop
  endfacet
  facet normal 0.000000e+00 0.000000e+00 -1.000000e+00
    outer loop
      vertex   -1.135511e-01 -9.611771e-03 -6.000000e-03
      vertex   -2.144889e-02 -9.611771e-03 -6.000000e-03
      vertex   -1.135000e-01 -1.000000e-02 -6.000000e-03
    endloop
  endfacet
  facet normal 0.000000e+00 0.000000e+00 -1.000000e+00
    outer loop
      vertex   -1.135000e-01 -1.000000e-02 -6.000000e-03
      vertex   -2.144889e-02 -9.611771e-03 -6.000000e-03
      vertex   -2.150000e-02 -1.000000e-02 -6.000000e-03
    endloop
  endfacet
  facet normal 0.000000e+00 -0.000000e+00 -1.000000e+00
    outer loop
      vertex   -1.135000e-01 -1.000000e-02 -6.000000e-03
      vertex   -2.150000e-02 -1.000000e-02 -6.000000e-03
      vertex   -1.135511e-01 -1.038823e-02 -6.000000e-03
    endloop
  endfacet
  facet normal 0.000000e+00 0.000000e+00 -1.000000e+00
    outer loop
      vertex   -1.135511e-01 -1.038823e-02 -6.000000e-03
      vertex   -2.150000e-02 -1.000000e-02 -6.000000e-03
      vertex   -2.144889e-02 -1.038823e-02 -6.000000e-03
    endloop
  endfacet
  facet normal 0.000000e+00 -0.000000e+00 -1.000000e+00
    outer loop
      vertex   -1.135511e-01 -1.038823e-02 -6.000000e-03
      vertex   -2.144889e-02 -1.038823e-02 -6.000000e-03
      vertex   -1.137010e-01 -1.075000e-02 -6.000000e-03
    endloop
  endfacet
  facet normal 0.000000e+00 0.000000e+00 -1.000000e+00
    outer loop
      vertex   -1.137010e-01 -1.075000e-02 -6.000000e-03
      vertex   -2.144889e-02 -1.038823e-02 -6.000000e-03
      vertex   -2.129904e-02 -1.075000e-02 -6.000000e-03
    endloop
  endfacet
  facet normal 0.000000e+00 -0.000000e+00 -1.000000e+00
    outer loop
      vertex   -1.137010e-01 -1.075000e-02 -6.000000e-03
      vertex   -2.129904e-02 -1.075000e-02 -6.000000e-03
      vertex   -1.139393e-01 -1.106066e-02 -6.000000e-03
    endloop
  endfacet
  facet normal 0.000000e+00 0.000000e+00 -1.000000e+00
    outer loop
      vertex   -1.139393e-01 -1.106066e-02 -6.000000e-03
      vertex   -2.129904e-02 -1.075000e-02 -6.000000e-03
      vertex   -2.106066e-02 -1.106066e-02 -6.000000e-03
    endloop
  endfacet
  facet normal 0.000000e+00 -0.000000e+00 -1.000000e+00
    outer loop
      vertex   -1.139393e-01 -1.106066e-02 -6.000000e-03
      vertex   -2.106066e-02 -1.106066e-02 -6.000000e-03
      vertex   -1.142500e-01 -1.129904e-02 -6.000000e-03
    endloop
  endfacet
  facet normal 0.000000e+00 0.000000e+00 -1.000000e+00
    outer loop
      vertex   -1.142500e-01 -1.129904e-02 -6.000000e-03
      vertex   -2.106066e-02 -1.106066e-02 -6.000000e-03
      vertex   -2.075000e-02 -1.129904e-02 -6.000000e-03
    endloop
  endfacet
  facet normal 0.000000e+00 -0.000000e+00 -1.000000e+00
    outer loop
      vertex   -1.142500e-01 -1.129904e-02 -6.000000e-03
      vertex   -2.075000e-02 -1.129904e-02 -6.000000e-03
      vertex   -1.146118e-01 -1.144889e-02 -6.000000e-03
    endloop
  endfacet
  facet normal 0.000000e+00 0.000000e+00 -1.000000e+00
    outer loop
      vertex   -1.146118e-01 -1.144889e-02 -6.000000e-03
      vertex   -2.075000e-02 -1.129904e-02 -6.000000e-03
      vertex   -2.038823e-02 -1.144889e-02 -6.000000e-03
    endloop
  endfacet
  facet normal 0.000000e+00 -0.000000e+00 -1.000000e+00
    outer loop
      vertex   -1.146118e-01 -1.144889e-02 -6.000000e-03
      vertex   -2.038823e-02 -1.144889e-02 -6.000000e-03
      vertex   -1.150000e-01 -1.150000e-02 -6.000000e-03
    endloop
  endfacet
  facet normal 0.000000e+00 0.000000e+00 -1.000000e+00
    outer loop
      vertex   -1.150000e-01 -1.150000e-02 -6.000000e-03
      vertex   -2.038823e-02 -1.144889e-02 -6.000000e-03
      vertex   -2.000000e-02 -1.150000e-02 -6.000000e-03
    endloop
  endfacet
  facet normal -0.000000e+00 -0.000000e+00 -1.000000e+00
    outer loop
      vertex   -2.964586e-03 -7.377984e-03 -6.000000e-03
      vertex   -2.821702e-03 -7.419564e-03 -6.000000e-03
      vertex   -3.115724e-03 -7.363970e-03 -6.000000e-03
    endloop
  endfacet
  facet normal 0.000000e+00 0.000000e+00 -1.000000e+00
    outer loop
      vertex   -3.115724e-03 -7.363970e-03 -6.000000e-03
      vertex   -2.821702e-03 -7.419564e-03 -6.000000e-03
      vertex   -2.691776e-03 -7.487342e-03 -6.000000e-03
    endloop
  endfacet
  facet normal 0.000000e+00 -0.000000e+00 -1.000000e+00
    outer loop
      vertex   -3.115724e-03 -7.363970e-03 -6.000000e-03
      vertex   -2.691776e-03 -7.487342e-03 -6.000000e-03
      vertex   -2.000000e-02 -8.500000e-03 -6.000000e-03
    endloop
  endfacet
  facet normal 0.000000e+00 0.000000e+00 -1.000000e+00
    outer loop
      vertex   -2.000000e-02 -8.500000e-03 -6.000000e-03
      vertex   -2.691776e-03 -7.487342e-03 -6.000000e-03
      vertex   -2.579086e-03 -7.579086e-03 -6.000000e-03
    endloop
  endfacet
  facet normal 0.000000e+00 0.000000e+00 -1.000000e+00
    outer loop
      vertex   -2.000000e-02 -8.500000e-03 -6.000000e-03
      vertex   -2.579086e-03 -7.579086e-03 -6.000000e-03
      vertex   -2.487342e-03 -7.691776e-03 -6.000000e-03
    endloop
  endfacet
  facet normal 0.000000e+00 -0.000000e+00 -1.000000e+00
    outer loop
      vertex   -2.487342e-03 -7.691776e-03 -6.000000e-03
      vertex   -2.419564e-03 -7.821702e-03 -6.000000e-03
      vertex   -2.000000e-02 -8.500000e-03 -6.000000e-03
    endloop
  endfacet
  facet normal 0.000000e+00 0.000000e+00 -1.000000e+00
    outer loop
      vertex   -2.000000e-02 -8.500000e-03 -6.000000e-03
      vertex   -2.419564e-03 -7.821702e-03 -6.000000e-03
      vertex   -2.377984e-03 -7.964586e-03 -6.000000e-03
    endloop
  endfacet
  facet normal 0.000000e+00 0.000000e+00 -1.000000e+00
    outer loop
      vertex   -2.000000e-02 -8.500000e-03 -6.000000e-03
      vertex   -2.377984e-03 -7.964586e-03 -6.000000e-03
      vertex   -2.363970e-03 -8.115724e-03 -6.000000e-03
    endloop
  endfacet
  facet normal 0.000000e+00 0.000000e+00 -1.000000e+00
    outer loop
      vertex   -2.363970e-03 -1.188428e-02 -6.000000e-03
      vertex   -7.500000e-03 -1.000000e-02 -6.000000e-03
      vertex   -2.363970e-03 -8.115724e-03 -6.000000e-03
    endloop
  endfacet
  facet normal 0.000000e+00 0.000000e+00 -1.000000e+00
    outer loop
      vertex   -2.363970e-03 -8.115724e-03 -6.000000e-03
      vertex   -7.500000e-03 -1.000000e-02 -6.000000e-03
      vertex   -7.551111e-03 -9.611771e-03 -6.000000e-03
    endloop
  endfacet
  facet normal 0.000000e+00 0.000000e+00 -1.000000e+00
    outer loop
      vertex   -2.363970e-03 -8.115724e-03 -6.000000e-03
      vertex   -7.551111e-03 -9.611771e-03 -6.000000e-03
      vertex   -7.700962e-03 -9.250000e-03 -6.000000e-03
    endloop
  endfacet
  facet normal 0.000000e+00 0.000000e+00 -1.000000e+00
    outer loop
      vertex   -2.691776e-03 -1.251266e-02 -6.000000e-03
      vertex   -2.821702e-03 -1.258044e-02 -6.000000e-03
      vertex   -3.115724e-03 -1.263603e-02 -6.000000e-03
    endloop
  endfacet
  facet normal 0.000000e+00 0.000000e+00 -1.000000e+00
    outer loop
      vertex   -3.115724e-03 -1.263603e-02 -6.000000e-03
      vertex   -2.821702e-03 -1.258044e-02 -6.000000e-03
      vertex   -2.964586e-03 -1.262202e-02 -6.000000e-03
    endloop
  endfacet
  facet normal 0.000000e+00 0.000000e+00 -1.000000e+00
    outer loop
      vertex   -1.855111e-02 -9.611771e-03 -6.000000e-03
      vertex   -1.044889e-02 -9.611771e-03 -6.000000e-03
      vertex   -1.850000e-02 -1.000000e-02 -6.000000e-03
    endloop
  endfacet
  facet normal 0.000000e+00 0.000000e+00 -1.000000e+00
    outer loop
      vertex   -1.850000e-02 -1.000000e-02 -6.000000e-03
      vertex   -1.044889e-02 -9.611771e-03 -6.000000e-03
      vertex   -1.050000e-02 -1.000000e-02 -6.000000e-03
    endloop
  endfacet
  facet normal 0.000000e+00 -0.000000e+00 -1.000000e+00
    outer loop
      vertex   -1.850000e-02 -1.000000e-02 -6.000000e-03
      vertex   -1.050000e-02 -1.000000e-02 -6.000000e-03
      vertex   -1.855111e-02 -1.038823e-02 -6.000000e-03
    endloop
  endfacet
  facet normal 0.000000e+00 0.000000e+00 -1.000000e+00
    outer loop
      vertex   -1.855111e-02 -1.038823e-02 -6.000000e-03
      vertex   -1.050000e-02 -1.000000e-02 -6.000000e-03
      vertex   -1.044889e-02 -1.038823e-02 -6.000000e-03
    endloop
  endfacet
  facet normal 0.000000e+00 -0.000000e+00 -1.000000e+00
    outer loop
      vertex   -1.855111e-02 -1.038823e-02 -6.000000e-03
      vertex   -1.044889e-02 -1.038823e-02 -6.000000e-03
      vertex   -1.870096e-02 -1.075000e-02 -6.000000e-03
    endloop
  endfacet
  facet normal 0.000000e+00 0.000000e+00 -1.000000e+00
    outer loop
      vertex   -1.870096e-02 -1.075000e-02 -6.000000e-03
      vertex   -1.044889e-02 -1.038823e-02 -6.000000e-03
      vertex   -1.029904e-02 -1.075000e-02 -6.000000e-03
    endloop
  endfacet
  facet normal 0.000000e+00 -0.000000e+00 -1.000000e+00
    outer loop
      vertex   -1.870096e-02 -1.075000e-02 -6.000000e-03
      vertex   -1.029904e-02 -1.075000e-02 -6.000000e-03
      vertex   -1.893934e-02 -1.106066e-02 -6.000000e-03
    endloop
  endfacet
  facet normal 0.000000e+00 0.000000e+00 -1.000000e+00
    outer loop
      vertex   -1.893934e-02 -1.106066e-02 -6.000000e-03
      vertex   -1.029904e-02 -1.075000e-02 -6.000000e-03
      vertex   -1.006066e-02 -1.106066e-02 -6.000000e-03
    endloop
  endfacet
  facet normal 0.000000e+00 -0.000000e+00 -1.000000e+00
    outer loop
      vertex   -1.893934e-02 -1.106066e-02 -6.000000e-03
      vertex   -1.006066e-02 -1.106066e-02 -6.000000e-03
      vertex   -1.925000e-02 -1.129904e-02 -6.000000e-03
    endloop
  endfacet
  facet normal 0.000000e+00 0.000000e+00 -1.000000e+00
    outer loop
      vertex   -1.925000e-02 -1.129904e-02 -6.000000e-03
      vertex   -1.006066e-02 -1.106066e-02 -6.000000e-03
      vertex   -9.750000e-03 -1.129904e-02 -6.000000e-03
    endloop
  endfacet
  facet normal 0.000000e+00 -0.000000e+00 -1.000000e+00
    outer loop
      vertex   -1.925000e-02 -1.129904e-02 -6.000000e-03
      vertex   -9.750000e-03 -1.129904e-02 -6.000000e-03
      vertex   -1.961177e-02 -1.144889e-02 -6.000000e-03
    endloop
  endfacet
  facet normal 0.000000e+00 0.000000e+00 -1.000000e+00
    outer loop
      vertex   -1.961177e-02 -1.144889e-02 -6.000000e-03
      vertex   -9.750000e-03 -1.129904e-02 -6.000000e-03
      vertex   -9.388229e-03 -1.144889e-02 -6.000000e-03
    endloop
  endfacet
  facet normal 0.000000e+00 -0.000000e+00 -1.000000e+00
    outer loop
      vertex   -1.961177e-02 -1.144889e-02 -6.000000e-03
      vertex   -9.388229e-03 -1.144889e-02 -6.000000e-03
      vertex   -2.000000e-02 -1.150000e-02 -6.000000e-03
    endloop
  endfacet
  facet normal 0.000000e+00 0.000000e+00 -1.000000e+00
    outer loop
      vertex   -2.000000e-02 -1.150000e-02 -6.000000e-03
      vertex   -9.388229e-03 -1.144889e-02 -6.000000e-03
      vertex   -9.000000e-03 -1.150000e-02 -6.000000e-03
    endloop
  endfacet
  facet normal -0.000000e+00 0.000000e+00 -1.000000e+00
    outer loop
      vertex   -1.044889e-02 -9.611771e-03 -6.000000e-03
      vertex   -1.855111e-02 -9.611771e-03 -6.000000e-03
      vertex   -1.029904e-02 -9.250000e-03 -6.000000e-03
    endloop
  endfacet
  facet normal 0.000000e+00 0.000000e+00 -1.000000e+00
    outer loop
      vertex   -1.029904e-02 -9.250000e-03 -6.000000e-03
      vertex   -1.855111e-02 -9.611771e-03 -6.000000e-03
      vertex   -1.870096e-02 -9.250000e-03 -6.000000e-03
    endloop
  endfacet
  facet normal -0.000000e+00 0.000000e+00 -1.000000e+00
    outer loop
      vertex   -1.029904e-02 -9.250000e-03 -6.000000e-03
      vertex   -1.870096e-02 -9.250000e-03 -6.000000e-03
      vertex   -1.006066e-02 -8.939340e-03 -6.000000e-03
    endloop
  endfacet
  facet normal -0.000000e+00 0.000000e+00 -1.000000e+00
    outer loop
      vertex   -1.006066e-02 -8.939340e-03 -6.000000e-03
      vertex   -1.870096e-02 -9.250000e-03 -6.000000e-03
      vertex   -1.893934e-02 -8.939340e-03 -6.000000e-03
    endloop
  endfacet
  facet normal 0.000000e+00 0.000000e+00 -1.000000e+00
    outer loop
      vertex   -1.006066e-02 -8.939340e-03 -6.000000e-03
      vertex   -1.893934e-02 -8.939340e-03 -6.000000e-03
      vertex   -9.750000e-03 -8.700962e-03 -6.000000e-03
    endloop
  endfacet
  facet normal 0.000000e+00 0.000000e+00 -1.000000e+00
    outer loop
      vertex   -9.750000e-03 -8.700962e-03 -6.000000e-03
      vertex   -1.893934e-02 -8.939340e-03 -6.000000e-03
      vertex   -1.925000e-02 -8.700962e-03 -6.000000e-03
    endloop
  endfacet
  facet normal -0.000000e+00 0.000000e+00 -1.000000e+00
    outer loop
      vertex   -9.750000e-03 -8.700962e-03 -6.000000e-03
      vertex   -1.925000e-02 -8.700962e-03 -6.000000e-03
      vertex   -9.388229e-03 -8.551111e-03 -6.000000e-03
    endloop
  endfacet
  facet normal -0.000000e+00 0.000000e+00 -1.000000e+00
    outer loop
      vertex   -9.388229e-03 -8.551111e-03 -6.000000e-03
      vertex   -1.925000e-02 -8.700962e-03 -6.000000e-03
      vertex   -1.961177e-02 -8.551111e-03 -6.000000e-03
    endloop
  endfacet
  facet normal 0.000000e+00 0.000000e+00 -1.000000e+00
    outer loop
      vertex   -9.388229e-03 -8.551111e-03 -6.000000e-03
      vertex   -1.961177e-02 -8.551111e-03 -6.000000e-03
      vertex   -9.000000e-03 -8.500000e-03 -6.000000e-03
    endloop
  endfacet
  facet normal -0.000000e+00 0.000000e+00 -1.000000e+00
    outer loop
      vertex   -9.000000e-03 -8.500000e-03 -6.000000e-03
      vertex   -1.961177e-02 -8.551111e-03 -6.000000e-03
      vertex   -2.000000e-02 -8.500000e-03 -6.000000e-03
    endloop
  endfacet
  facet normal 0.000000e+00 0.000000e+00 -1.000000e+00
    outer loop
      vertex   -9.000000e-03 -8.500000e-03 -6.000000e-03
      vertex   -2.000000e-02 -8.500000e-03 -6.000000e-03
      vertex   -2.363970e-03 -8.115724e-03 -6.000000e-03
    endloop
  endfacet
  facet normal 0.000000e+00 0.000000e+00 -1.000000e+00
    outer loop
      vertex   -8.611771e-03 -1.144889e-02 -6.000000e-03
      vertex   -8.250000e-03 -1.129904e-02 -6.000000e-03
      vertex   -2.363970e-03 -1.188428e-02 -6.000000e-03
    endloop
  endfacet
  facet normal 0.000000e+00 0.000000e+00 -1.000000e+00
    outer loop
      vertex   -2.363970e-03 -1.188428e-02 -6.000000e-03
      vertex   -8.250000e-03 -1.129904e-02 -6.000000e-03
      vertex   -7.939340e-03 -1.106066e-02 -6.000000e-03
    endloop
  endfacet
  facet normal 0.000000e+00 0.000000e+00 -1.000000e+00
    outer loop
      vertex   -2.363970e-03 -1.188428e-02 -6.000000e-03
      vertex   -7.939340e-03 -1.106066e-02 -6.000000e-03
      vertex   -7.700962e-03 -1.075000e-02 -6.000000e-03
    endloop
  endfacet
  facet normal 0.000000e+00 0.000000e+00 -1.000000e+00
    outer loop
      vertex   -7.700962e-03 -1.075000e-02 -6.000000e-03
      vertex   -7.551111e-03 -1.038823e-02 -6.000000e-03
      vertex   -2.363970e-03 -1.188428e-02 -6.000000e-03
    endloop
  endfacet
  facet normal 0.000000e+00 0.000000e+00 -1.000000e+00
    outer loop
      vertex   -2.363970e-03 -1.188428e-02 -6.000000e-03
      vertex   -7.551111e-03 -1.038823e-02 -6.000000e-03
      vertex   -7.500000e-03 -1.000000e-02 -6.000000e-03
    endloop
  endfacet
  facet normal 0.000000e+00 0.000000e+00 -1.000000e+00
    outer loop
      vertex   -7.700962e-03 -9.250000e-03 -6.000000e-03
      vertex   -7.939340e-03 -8.939340e-03 -6.000000e-03
      vertex   -2.363970e-03 -8.115724e-03 -6.000000e-03
    endloop
  endfacet
  facet normal 0.000000e+00 0.000000e+00 -1.000000e+00
    outer loop
      vertex   -2.363970e-03 -8.115724e-03 -6.000000e-03
      vertex   -7.939340e-03 -8.939340e-03 -6.000000e-03
      vertex   -8.250000e-03 -8.700962e-03 -6.000000e-03
    endloop
  endfacet
  facet normal 0.000000e+00 0.000000e+00 -1.000000e+00
    outer loop
      vertex   -2.363970e-03 -8.115724e-03 -6.000000e-03
      vertex   -8.250000e-03 -8.700962e-03 -6.000000e-03
      vertex   -8.611771e-03 -8.551111e-03 -6.000000e-03
    endloop
  endfacet
  facet normal 0.000000e+00 0.000000e+00 -1.000000e+00
    outer loop
      vertex   -8.611771e-03 -8.551111e-03 -6.000000e-03
      vertex   -9.000000e-03 -8.500000e-03 -6.000000e-03
      vertex   -2.363970e-03 -8.115724e-03 -6.000000e-03
    endloop
  endfacet
  facet normal 0.000000e+00 9.396926e-01 -3.420201e-01
    outer loop
      vertex   1.224825e-02 1.580000e-01 -5.000000e-03
      vertex   1.188428e-02 1.576360e-01 -6.000000e-03
      vertex   7.751754e-03 1.580000e-01 -5.000000e-03
    endloop
  endfacet
  facet normal 0.000000e+00 9.396926e-01 -3.420201e-01
    outer loop
      vertex   7.751754e-03 1.580000e-01 -5.000000e-03
      vertex   1.188428e-02 1.576360e-01 -6.000000e-03
      vertex   8.115724e-03 1.576360e-01 -6.000000e-03
    endloop
  endfacet
  facet normal 9.396926e-01 6.042594e-16 -3.420201e-01
    outer loop
      vertex   1.263603e-02 3.115724e-03 -6.000000e-03
      vertex   1.263603e-02 1.568843e-01 -6.000000e-03
      vertex   1.300000e-02 2.751754e-03 -5.000000e-03
    endloop
  endfacet
  facet normal 9.396926e-01 0.000000e+00 -3.420201e-01
    outer loop
      vertex   1.300000e-02 2.751754e-03 -5.000000e-03
      vertex   1.263603e-02 1.568843e-01 -6.000000e-03
      vertex   1.300000e-02 1.572482e-01 -5.000000e-03
    endloop
  endfacet
  facet normal -0.000000e+00 -9.396926e-01 -3.420201e-01
    outer loop
      vertex   1.224825e-02 2.000000e-03 -5.000000e-03
      vertex   7.751754e-03 2.000000e-03 -5.000000e-03
      vertex   1.188428e-02 2.363970e-03 -6.000000e-03
    endloop
  endfacet
  facet normal -0.000000e+00 -9.396926e-01 -3.420201e-01
    outer loop
      vertex   1.188428e-02 2.363970e-03 -6.000000e-03
      vertex   7.751754e-03 2.000000e-03 -5.000000e-03
      vertex   8.115724e-03 2.363970e-03 -6.000000e-03
    endloop
  endfacet
  facet normal -9.396926e-01 -6.330656e-17 -3.420201e-01
    outer loop
      vertex   7.000000e-03 1.572482e-01 -5.000000e-03
      vertex   7.363970e-03 1.568843e-01 -6.000000e-03
      vertex   7.000000e-03 2.751754e-03 -5.000000e-03
    endloop
  endfacet
  facet normal -9.396926e-01 0.000000e+00 -3.420201e-01
    outer loop
      vertex   7.000000e-03 2.751754e-03 -5.000000e-03
      vertex   7.363970e-03 1.568843e-01 -6.000000e-03
      vertex   7.363970e-03 3.115724e-03 -6.000000e-03
    endloop
  endfacet
  facet normal -0.000000e+00 0.000000e+00 -1.000000e+00
    outer loop
      vertex   1.188428e-02 1.576360e-01 -6.000000e-03
      vertex   1.000000e-02 1.455000e-01 -6.000000e-03
      vertex   8.115724e-03 1.576360e-01 -6.000000e-03
    endloop
  endfacet
  facet normal 0.000000e+00 0.000000e+00 -1.000000e+00
    outer loop
      vertex   8.115724e-03 1.576360e-01 -6.000000e-03
      vertex   1.000000e-02 1.455000e-01 -6.000000e-03
      vertex   9.611771e-03 1.454489e-01 -6.000000e-03
    endloop
  endfacet
  facet normal 0.000000e+00 0.000000e+00 -1.000000e+00
    outer loop
      vertex   8.115724e-03 1.576360e-01 -6.000000e-03
      vertex   9.611771e-03 1.454489e-01 -6.000000e-03
      vertex   9.250000e-03 1.452990e-01 -6.000000e-03
    endloop
  endfacet
  facet normal -0.000000e+00 0.000000e+00 -1.000000e+00
    outer loop
      vertex   1.203541e-02 1.576220e-01 -6.000000e-03
      vertex   1.150000e-02 1.440000e-01 -6.000000e-03
      vertex   1.188428e-02 1.576360e-01 -6.000000e-03
    endloop
  endfacet
  facet normal 0.000000e+00 0.000000e+00 -1.000000e+00
    outer loop
      vertex   1.188428e-02 1.576360e-01 -6.000000e-03
      vertex   1.150000e-02 1.440000e-01 -6.000000e-03
      vertex   1.144889e-02 1.443882e-01 -6.000000e-03
    endloop
  endfacet
  facet normal 0.000000e+00 0.000000e+00 -1.000000e+00
    outer loop
      vertex   1.188428e-02 1.576360e-01 -6.000000e-03
      vertex   1.144889e-02 1.443882e-01 -6.000000e-03
      vertex   1.129904e-02 1.447500e-01 -6.000000e-03
    endloop
  endfacet
  facet normal 0.000000e+00 -0.000000e+00 -1.000000e+00
    outer loop
      vertex   1.203541e-02 1.576220e-01 -6.000000e-03
      vertex   1.217830e-02 1.575804e-01 -6.000000e-03
      vertex   1.150000e-02 1.440000e-01 -6.000000e-03
    endloop
  endfacet
  facet normal 0.000000e+00 0.000000e+00 -1.000000e+00
    outer loop
      vertex   1.150000e-02 1.440000e-01 -6.000000e-03
      vertex   1.217830e-02 1.575804e-01 -6.000000e-03
      vertex   1.230822e-02 1.575127e-01 -6.000000e-03
    endloop
  endfacet
  facet normal 0.000000e+00 0.000000e+00 -1.000000e+00
    outer loop
      vertex   1.150000e-02 1.440000e-01 -6.000000e-03
      vertex   1.230822e-02 1.575127e-01 -6.000000e-03
      vertex   1.150000e-02 1.150000e-01 -6.000000e-03
    endloop
  endfacet
  facet normal 0.000000e+00 0.000000e+00 -1.000000e+00
    outer loop
      vertex   1.150000e-02 1.150000e-01 -6.000000e-03
      vertex   1.230822e-02 1.575127e-01 -6.000000e-03
      vertex   1.242091e-02 1.574209e-01 -6.000000e-03
    endloop
  endfacet
  facet normal 0.000000e+00 0.000000e+00 -1.000000e+00
    outer loop
      vertex   1.150000e-02 1.150000e-01 -6.000000e-03
      vertex   1.242091e-02 1.574209e-01 -6.000000e-03
      vertex   1.251266e-02 1.573082e-01 -6.000000e-03
    endloop
  endfacet
  facet normal 0.000000e+00 0.000000e+00 -1.000000e+00
    outer loop
      vertex   1.150000e-02 1.150000e-01 -6.000000e-03
      vertex   1.251266e-02 1.573082e-01 -6.000000e-03
      vertex   1.263603e-02 1.568843e-01 -6.000000e-03
    endloop
  endfacet
  facet normal 0.000000e+00 0.000000e+00 -1.000000e+00
    outer loop
      vertex   1.263603e-02 1.568843e-01 -6.000000e-03
      vertex   1.251266e-02 1.573082e-01 -6.000000e-03
      vertex   1.258044e-02 1.571783e-01 -6.000000e-03
    endloop
  endfacet
  facet normal 0.000000e+00 0.000000e+00 -1.000000e+00
    outer loop
      vertex   1.263603e-02 1.568843e-01 -6.000000e-03
      vertex   1.258044e-02 1.571783e-01 -6.000000e-03
      vertex   1.262202e-02 1.570354e-01 -6.000000e-03
    endloop
  endfacet
  facet normal 0.000000e+00 0.000000e+00 -1.000000e+00
    outer loop
      vertex   1.150000e-02 1.150000e-01 -6.000000e-03
      vertex   1.263603e-02 1.568843e-01 -6.000000e-03
      vertex   1.150000e-02 6.000000e-02 -6.000000e-03
    endloop
  endfacet
  facet normal 0.000000e+00 0.000000e+00 -1.000000e+00
    outer loop
      vertex   1.150000e-02 6.000000e-02 -6.000000e-03
      vertex   1.263603e-02 1.568843e-01 -6.000000e-03
      vertex   1.263603e-02 3.115724e-03 -6.000000e-03
    endloop
  endfacet
  facet normal 0.000000e+00 0.000000e+00 -1.000000e+00
    outer loop
      vertex   1.150000e-02 6.000000e-02 -6.000000e-03
      vertex   1.263603e-02 3.115724e-03 -6.000000e-03
      vertex   1.150000e-02 2.000000e-02 -6.000000e-03
    endloop
  endfacet
  facet normal 0.000000e+00 0.000000e+00 -1.000000e+00
    outer loop
      vertex   1.150000e-02 2.000000e-02 -6.000000e-03
      vertex   1.263603e-02 3.115724e-03 -6.000000e-03
      vertex   1.251266e-02 2.691776e-03 -6.000000e-03
    endloop
  endfacet
  facet normal 0.000000e+00 0.000000e+00 -1.000000e+00
    outer loop
      vertex   1.150000e-02 2.000000e-02 -6.000000e-03
      vertex   1.251266e-02 2.691776e-03 -6.000000e-03
      vertex   1.242091e-02 2.579086e-03 -6.000000e-03
    endloop
  endfacet
  facet normal -0.000000e+00 0.000000e+00 -1.000000e+00
    outer loop
      vertex   1.262202e-02 2.964586e-03 -6.000000e-03
      vertex   1.258044e-02 2.821702e-03 -6.000000e-03
      vertex   1.263603e-02 3.115724e-03 -6.000000e-03
    endloop
  endfacet
  facet normal 0.000000e+00 0.000000e+00 -1.000000e+00
    outer loop
      vertex   1.263603e-02 3.115724e-03 -6.000000e-03
      vertex   1.258044e-02 2.821702e-03 -6.000000e-03
      vertex   1.251266e-02 2.691776e-03 -6.000000e-03
    endloop
  endfacet
  facet normal -0.000000e+00 0.000000e+00 -1.000000e+00
    outer loop
      vertex   1.242091e-02 2.579086e-03 -6.000000e-03
      vertex   1.230822e-02 2.487342e-03 -6.000000e-03
      vertex   1.150000e-02 2.000000e-02 -6.000000e-03
    endloop
  endfacet
  facet normal 0.000000e+00 0.000000e+00 -1.000000e+00
    outer loop
      vertex   1.150000e-02 2.000000e-02 -6.000000e-03
      vertex   1.230822e-02 2.487342e-03 -6.000000e-03
      vertex   1.217830e-02 2.419564e-03 -6.000000e-03
    endloop
  endfacet
  facet normal 0.000000e+00 0.000000e+00 -1.000000e+00
    outer loop
      vertex   1.150000e-02 2.000000e-02 -6.000000e-03
      vertex   1.217830e-02 2.419564e-03 -6.000000e-03
      vertex   1.203541e-02 2.377984e-03 -6.000000e-03
    endloop
  endfacet
  facet normal -0.000000e+00 0.000000e+00 -1.000000e+00
    outer loop
      vertex   1.203541e-02 2.377984e-03 -6.000000e-03
      vertex   1.188428e-02 2.363970e-03 -6.000000e-03
      vertex   1.150000e-02 2.000000e-02 -6.000000e-03
    endloop
  endfacet
  facet normal 0.000000e+00 0.000000e+00 -1.000000e+00
    outer loop
      vertex   1.150000e-02 2.000000e-02 -6.000000e-03
      vertex   1.188428e-02 2.363970e-03 -6.000000e-03
      vertex   1.150000e-02 9.000000e-03 -6.000000e-03
    endloop
  endfacet
  facet normal 0.000000e+00 -0.000000e+00 -1.000000e+00
    outer loop
      vertex   1.150000e-02 2.000000e-02 -6.000000e-03
      vertex   1.150000e-02 9.000000e-03 -6.000000e-03
      vertex   1.144889e-02 9.388229e-03 -6.000000e-03
    endloop
  endfacet
  facet normal 0.000000e+00 0.000000e+00 -1.000000e+00
    outer loop
      vertex   8.115724e-03 2.363970e-03 -6.000000e-03
      vertex   1.000000e-02 7.500000e-03 -6.000000e-03
      vertex   1.188428e-02 2.363970e-03 -6.000000e-03
    endloop
  endfacet
  facet normal 0.000000e+00 0.000000e+00 -1.000000e+00
    outer loop
      vertex   1.188428e-02 2.363970e-03 -6.000000e-03
      vertex   1.000000e-02 7.500000e-03 -6.000000e-03
      vertex   1.038823e-02 7.551111e-03 -6.000000e-03
    endloop
  endfacet
  facet normal 0.000000e+00 0.000000e+00 -1.000000e+00
    outer loop
      vertex   1.188428e-02 2.363970e-03 -6.000000e-03
      vertex   1.038823e-02 7.551111e-03 -6.000000e-03
      vertex   1.075000e-02 7.700962e-03 -6.000000e-03
    endloop
  endfacet
  facet normal 0.000000e+00 0.000000e+00 -1.000000e+00
    outer loop
      vertex   7.964586e-03 2.377984e-03 -6.000000e-03
      vertex   8.500000e-03 2.000000e-02 -6.000000e-03
      vertex   8.115724e-03 2.363970e-03 -6.000000e-03
    endloop
  endfacet
  facet normal 0.000000e+00 0.000000e+00 -1.000000e+00
    outer loop
      vertex   8.115724e-03 2.363970e-03 -6.000000e-03
      vertex   8.500000e-03 2.000000e-02 -6.000000e-03
      vertex   8.500000e-03 9.000000e-03 -6.000000e-03
    endloop
  endfacet
  facet normal 0.000000e+00 0.000000e+00 -1.000000e+00
    outer loop
      vertex   8.115724e-03 2.363970e-03 -6.000000e-03
      vertex   8.500000e-03 9.000000e-03 -6.000000e-03
      vertex   8.551111e-03 8.611771e-03 -6.000000e-03
    endloop
  endfacet
  facet normal 0.000000e+00 0.000000e+00 -1.000000e+00
    outer loop
      vertex   7.964586e-03 2.377984e-03 -6.000000e-03
      vertex   7.821702e-03 2.419564e-03 -6.000000e-03
      vertex   8.500000e-03 2.000000e-02 -6.000000e-03
    endloop
  endfacet
  facet normal 0.000000e+00 0.000000e+00 -1.000000e+00
    outer loop
      vertex   8.500000e-03 2.000000e-02 -6.000000e-03
      vertex   7.821702e-03 2.419564e-03 -6.000000e-03
      vertex   7.691776e-03 2.487342e-03 -6.000000e-03
    endloop
  endfacet
  facet normal 0.000000e+00 0.000000e+00 -1.000000e+00
    outer loop
      vertex   8.500000e-03 2.000000e-02 -6.000000e-03
      vertex   7.691776e-03 2.487342e-03 -6.000000e-03
      vertex   7.579086e-03 2.579086e-03 -6.000000e-03
    endloop
  endfacet
  facet normal 0.000000e+00 0.000000e+00 -1.000000e+00
    outer loop
      vertex   7.579086e-03 2.579086e-03 -6.000000e-03
      vertex   7.487342e-03 2.691776e-03 -6.000000e-03
      vertex   8.500000e-03 2.000000e-02 -6.000000e-03
    endloop
  endfacet
  facet normal 0.000000e+00 0.000000e+00 -1.000000e+00
    outer loop
      vertex   8.500000e-03 2.000000e-02 -6.000000e-03
      vertex   7.487342e-03 2.691776e-03 -6.000000e-03
      vertex   7.363970e-03 3.115724e-03 -6.000000e-03
    endloop
  endfacet
  facet normal -0.000000e+00 0.000000e+00 -1.000000e+00
    outer loop
      vertex   8.500000e-03 2.000000e-02 -6.000000e-03
      vertex   7.363970e-03 3.115724e-03 -6.000000e-03
      vertex   8.500000e-03 6.000000e-02 -6.000000e-03
    endloop
  endfacet
  facet normal -0.000000e+00 0.000000e+00 -1.000000e+00
    outer loop
      vertex   8.500000e-03 6.000000e-02 -6.000000e-03
      vertex   7.363970e-03 3.115724e-03 -6.000000e-03
      vertex   7.363970e-03 1.568843e-01 -6.000000e-03
    endloop
  endfacet
  facet normal 0.000000e+00 0.000000e+00 -1.000000e+00
    outer loop
      vertex   8.500000e-03 6.000000e-02 -6.000000e-03
      vertex   7.363970e-03 1.568843e-01 -6.000000e-03
      vertex   8.500000e-03 1.150000e-01 -6.000000e-03
    endloop
  endfacet
  facet normal 0.000000e+00 0.000000e+00 -1.000000e+00
    outer loop
      vertex   8.500000e-03 1.150000e-01 -6.000000e-03
      vertex   7.363970e-03 1.568843e-01 -6.000000e-03
      vertex   7.487342e-03 1.573082e-01 -6.000000e-03
    endloop
  endfacet
  facet normal 0.000000e+00 0.000000e+00 -1.000000e+00
    outer loop
      vertex   8.500000e-03 1.150000e-01 -6.000000e-03
      vertex   7.487342e-03 1.573082e-01 -6.000000e-03
      vertex   7.579086e-03 1.574209e-01 -6.000000e-03
    endloop
  endfacet
  facet normal 0.000000e+00 0.000000e+00 -1.000000e+00
    outer loop
      vertex   7.487342e-03 2.691776e-03 -6.000000e-03
      vertex   7.419564e-03 2.821702e-03 -6.000000e-03
      vertex   7.363970e-03 3.115724e-03 -6.000000e-03
    endloop
  endfacet
  facet normal 0.000000e+00 0.000000e+00 -1.000000e+00
    outer loop
      vertex   7.363970e-03 3.115724e-03 -6.000000e-03
      vertex   7.419564e-03 2.821702e-03 -6.000000e-03
      vertex   7.377984e-03 2.964586e-03 -6.000000e-03
    endloop
  endfacet
  facet normal 0.000000e+00 -0.000000e+00 -1.000000e+00
    outer loop
      vertex   7.377984e-03 1.570354e-01 -6.000000e-03
      vertex   7.419564e-03 1.571783e-01 -6.000000e-03
      vertex   7.363970e-03 1.568843e-01 -6.000000e-03
    endloop
  endfacet
  facet normal 0.000000e+00 0.000000e+00 -1.000000e+00
    outer loop
      vertex   7.363970e-03 1.568843e-01 -6.000000e-03
      vertex   7.419564e-03 1.571783e-01 -6.000000e-03
      vertex   7.487342e-03 1.573082e-01 -6.000000e-03
    endloop
  endfacet
  facet normal 0.000000e+00 0.000000e+00 -1.000000e+00
    outer loop
      vertex   7.579086e-03 1.574209e-01 -6.000000e-03
      vertex   7.691776e-03 1.575127e-01 -6.000000e-03
      vertex   8.500000e-03 1.150000e-01 -6.000000e-03
    endloop
  endfacet
  facet normal 0.000000e+00 0.000000e+00 -1.000000e+00
    outer loop
      vertex   8.500000e-03 1.150000e-01 -6.000000e-03
      vertex   7.691776e-03 1.575127e-01 -6.000000e-03
      vertex   8.500000e-03 1.440000e-01 -6.000000e-03
    endloop
  endfacet
  facet normal 0.000000e+00 0.000000e+00 -1.000000e+00
    outer loop
      vertex   8.500000e-03 1.150000e-01 -6.000000e-03
      vertex   8.500000e-03 1.440000e-01 -6.000000e-03
      vertex   8.551111e-03 1.153882e-01 -6.000000e-03
    endloop
  endfacet
  facet normal 0.000000e+00 0.000000e+00 -1.000000e+00
    outer loop
      vertex   8.551111e-03 1.153882e-01 -6.000000e-03
      vertex   8.500000e-03 1.440000e-01 -6.000000e-03
      vertex   8.551111e-03 1.436118e-01 -6.000000e-03
    endloop
  endfacet
  facet normal 0.000000e+00 0.000000e+00 -1.000000e+00
    outer loop
      vertex   8.551111e-03 1.153882e-01 -6.000000e-03
      vertex   8.551111e-03 1.436118e-01 -6.000000e-03
      vertex   8.700962e-03 1.157500e-01 -6.000000e-03
    endloop
  endfacet
  facet normal 0.000000e+00 0.000000e+00 -1.000000e+00
    outer loop
      vertex   8.700962e-03 1.157500e-01 -6.000000e-03
      vertex   8.551111e-03 1.436118e-01 -6.000000e-03
      vertex   8.700962e-03 1.432500e-01 -6.000000e-03
    endloop
  endfacet
  facet normal 0.000000e+00 0.000000e+00 -1.000000e+00
    outer loop
      vertex   8.700962e-03 1.157500e-01 -6.000000e-03
      vertex   8.700962e-03 1.432500e-01 -6.000000e-03
      vertex   8.939340e-03 1.160607e-01 -6.000000e-03
    endloop
  endfacet
  facet normal 0.000000e+00 0.000000e+00 -1.000000e+00
    outer loop
      vertex   8.939340e-03 1.160607e-01 -6.000000e-03
      vertex   8.700962e-03 1.432500e-01 -6.000000e-03
      vertex   8.939340e-03 1.429393e-01 -6.000000e-03
    endloop
  endfacet
  facet normal 0.000000e+00 0.000000e+00 -1.000000e+00
    outer loop
      vertex   8.939340e-03 1.160607e-01 -6.000000e-03
      vertex   8.939340e-03 1.429393e-01 -6.000000e-03
      vertex   9.250000e-03 1.162990e-01 -6.000000e-03
    endloop
  endfacet
  facet normal 0.000000e+00 0.000000e+00 -1.000000e+00
    outer loop
      vertex   9.250000e-03 1.162990e-01 -6.000000e-03
      vertex   8.939340e-03 1.429393e-01 -6.000000e-03
      vertex   9.250000e-03 1.427010e-01 -6.000000e-03
    endloop
  endfacet
  facet normal 0.000000e+00 0.000000e+00 -1.000000e+00
    outer loop
      vertex   9.250000e-03 1.162990e-01 -6.000000e-03
      vertex   9.250000e-03 1.427010e-01 -6.000000e-03
      vertex   9.611771e-03 1.164489e-01 -6.000000e-03
    endloop
  endfacet
  facet normal 0.000000e+00 0.000000e+00 -1.000000e+00
    outer loop
      vertex   9.611771e-03 1.164489e-01 -6.000000e-03
      vertex   9.250000e-03 1.427010e-01 -6.000000e-03
      vertex   9.611771e-03 1.425511e-01 -6.000000e-03
    endloop
  endfacet
  facet normal 0.000000e+00 0.000000e+00 -1.000000e+00
    outer loop
      vertex   9.611771e-03 1.164489e-01 -6.000000e-03
      vertex   9.611771e-03 1.425511e-01 -6.000000e-03
      vertex   1.000000e-02 1.165000e-01 -6.000000e-03
    endloop
  endfacet
  facet normal 0.000000e+00 0.000000e+00 -1.000000e+00
    outer loop
      vertex   1.000000e-02 1.165000e-01 -6.000000e-03
      vertex   9.611771e-03 1.425511e-01 -6.000000e-03
      vertex   1.000000e-02 1.425000e-01 -6.000000e-03
    endloop
  endfacet
  facet normal 0.000000e+00 0.000000e+00 -1.000000e+00
    outer loop
      vertex   1.000000e-02 1.165000e-01 -6.000000e-03
      vertex   1.000000e-02 1.425000e-01 -6.000000e-03
      vertex   1.038823e-02 1.425511e-01 -6.000000e-03
    endloop
  endfacet
  facet normal 0.000000e+00 0.000000e+00 -1.000000e+00
    outer loop
      vertex   7.691776e-03 1.575127e-01 -6.000000e-03
      vertex   7.821702e-03 1.575804e-01 -6.000000e-03
      vertex   8.500000e-03 1.440000e-01 -6.000000e-03
    endloop
  endfacet
  facet normal 0.000000e+00 0.000000e+00 -1.000000e+00
    outer loop
      vertex   8.500000e-03 1.440000e-01 -6.000000e-03
      vertex   7.821702e-03 1.575804e-01 -6.000000e-03
      vertex   7.964586e-03 1.576220e-01 -6.000000e-03
    endloop
  endfacet
  facet normal 0.000000e+00 0.000000e+00 -1.000000e+00
    outer loop
      vertex   8.500000e-03 1.440000e-01 -6.000000e-03
      vertex   7.964586e-03 1.576220e-01 -6.000000e-03
      vertex   8.115724e-03 1.576360e-01 -6.000000e-03
    endloop
  endfacet
  facet normal 0.000000e+00 -0.000000e+00 -1.000000e+00
    outer loop
      vertex   8.551111e-03 8.611771e-03 -6.000000e-03
      vertex   8.700962e-03 8.250000e-03 -6.000000e-03
      vertex   8.115724e-03 2.363970e-03 -6.000000e-03
    endloop
  endfacet
  facet normal 0.000000e+00 0.000000e+00 -1.000000e+00
    outer loop
      vertex   8.115724e-03 2.363970e-03 -6.000000e-03
      vertex   8.700962e-03 8.250000e-03 -6.000000e-03
      vertex   8.939340e-03 7.939340e-03 -6.000000e-03
    endloop
  endfacet
  facet normal 0.000000e+00 0.000000e+00 -1.000000e+00
    outer loop
      vertex   8.115724e-03 2.363970e-03 -6.000000e-03
      vertex   8.939340e-03 7.939340e-03 -6.000000e-03
      vertex   9.250000e-03 7.700962e-03 -6.000000e-03
    endloop
  endfacet
  facet normal 0.000000e+00 -0.000000e+00 -1.000000e+00
    outer loop
      vertex   9.250000e-03 7.700962e-03 -6.000000e-03
      vertex   9.611771e-03 7.551111e-03 -6.000000e-03
      vertex   8.115724e-03 2.363970e-03 -6.000000e-03
    endloop
  endfacet
  facet normal 0.000000e+00 0.000000e+00 -1.000000e+00
    outer loop
      vertex   8.115724e-03 2.363970e-03 -6.000000e-03
      vertex   9.611771e-03 7.551111e-03 -6.000000e-03
      vertex   1.000000e-02 7.500000e-03 -6.000000e-03
    endloop
  endfacet
  facet normal 0.000000e+00 0.000000e+00 -1.000000e+00
    outer loop
      vertex   1.075000e-02 7.700962e-03 -6.000000e-03
      vertex   1.106066e-02 7.939340e-03 -6.000000e-03
      vertex   1.188428e-02 2.363970e-03 -6.000000e-03
    endloop
  endfacet
  facet normal 0.000000e+00 0.000000e+00 -1.000000e+00
    outer loop
      vertex   1.188428e-02 2.363970e-03 -6.000000e-03
      vertex   1.106066e-02 7.939340e-03 -6.000000e-03
      vertex   1.129904e-02 8.250000e-03 -6.000000e-03
    endloop
  endfacet
  facet normal 0.000000e+00 0.000000e+00 -1.000000e+00
    outer loop
      vertex   1.188428e-02 2.363970e-03 -6.000000e-03
      vertex   1.129904e-02 8.250000e-03 -6.000000e-03
      vertex   1.144889e-02 8.611771e-03 -6.000000e-03
    endloop
  endfacet
  facet normal 0.000000e+00 0.000000e+00 -1.000000e+00
    outer loop
      vertex   1.144889e-02 8.611771e-03 -6.000000e-03
      vertex   1.150000e-02 9.000000e-03 -6.000000e-03
      vertex   1.188428e-02 2.363970e-03 -6.000000e-03
    endloop
  endfacet
  facet normal 0.000000e+00 0.000000e+00 -1.000000e+00
    outer loop
      vertex   1.150000e-02 2.000000e-02 -6.000000e-03
      vertex   1.144889e-02 9.388229e-03 -6.000000e-03
      vertex   1.144889e-02 1.961177e-02 -6.000000e-03
    endloop
  endfacet
  facet normal 0.000000e+00 -0.000000e+00 -1.000000e+00
    outer loop
      vertex   1.144889e-02 1.961177e-02 -6.000000e-03
      vertex   1.144889e-02 9.388229e-03 -6.000000e-03
      vertex   1.129904e-02 9.750000e-03 -6.000000e-03
    endloop
  endfacet
  facet normal 0.000000e+00 0.000000e+00 -1.000000e+00
    outer loop
      vertex   1.144889e-02 1.961177e-02 -6.000000e-03
      vertex   1.129904e-02 9.750000e-03 -6.000000e-03
      vertex   1.129904e-02 1.925000e-02 -6.000000e-03
    endloop
  endfacet
  facet normal 0.000000e+00 -0.000000e+00 -1.000000e+00
    outer loop
      vertex   1.129904e-02 1.925000e-02 -6.000000e-03
      vertex   1.129904e-02 9.750000e-03 -6.000000e-03
      vertex   1.106066e-02 1.006066e-02 -6.000000e-03
    endloop
  endfacet
  facet normal 0.000000e+00 0.000000e+00 -1.000000e+00
    outer loop
      vertex   1.129904e-02 1.925000e-02 -6.000000e-03
      vertex   1.106066e-02 1.006066e-02 -6.000000e-03
      vertex   1.106066e-02 1.893934e-02 -6.000000e-03
    endloop
  endfacet
  facet normal 0.000000e+00 -0.000000e+00 -1.000000e+00
    outer loop
      vertex   1.106066e-02 1.893934e-02 -6.000000e-03
      vertex   1.106066e-02 1.006066e-02 -6.000000e-03
      vertex   1.075000e-02 1.029904e-02 -6.000000e-03
    endloop
  endfacet
  facet normal 0.000000e+00 0.000000e+00 -1.000000e+00
    outer loop
      vertex   1.106066e-02 1.893934e-02 -6.000000e-03
      vertex   1.075000e-02 1.029904e-02 -6.000000e-03
      vertex   1.075000e-02 1.870096e-02 -6.000000e-03
    endloop
  endfacet
  facet normal 0.000000e+00 -0.000000e+00 -1.000000e+00
    outer loop
      vertex   1.075000e-02 1.870096e-02 -6.000000e-03
      vertex   1.075000e-02 1.029904e-02 -6.000000e-03
      vertex   1.038823e-02 1.044889e-02 -6.000000e-03
    endloop
  endfacet
  facet normal 0.000000e+00 0.000000e+00 -1.000000e+00
    outer loop
      vertex   1.075000e-02 1.870096e-02 -6.000000e-03
      vertex   1.038823e-02 1.044889e-02 -6.000000e-03
      vertex   1.038823e-02 1.855111e-02 -6.000000e-03
    endloop
  endfacet
  facet normal 0.000000e+00 -0.000000e+00 -1.000000e+00
    outer loop
      vertex   1.038823e-02 1.855111e-02 -6.000000e-03
      vertex   1.038823e-02 1.044889e-02 -6.000000e-03
      vertex   1.000000e-02 1.050000e-02 -6.000000e-03
    endloop
  endfacet
  facet normal 0.000000e+00 0.000000e+00 -1.000000e+00
    outer loop
      vertex   1.038823e-02 1.855111e-02 -6.000000e-03
      vertex   1.000000e-02 1.050000e-02 -6.000000e-03
      vertex   1.000000e-02 1.850000e-02 -6.000000e-03
    endloop
  endfacet
  facet normal -0.000000e+00 -0.000000e+00 -1.000000e+00
    outer loop
      vertex   1.000000e-02 1.850000e-02 -6.000000e-03
      vertex   1.000000e-02 1.050000e-02 -6.000000e-03
      vertex   9.611771e-03 1.855111e-02 -6.000000e-03
    endloop
  endfacet
  facet normal 0.000000e+00 0.000000e+00 -1.000000e+00
    outer loop
      vertex   9.611771e-03 1.855111e-02 -6.000000e-03
      vertex   1.000000e-02 1.050000e-02 -6.000000e-03
      vertex   9.611771e-03 1.044889e-02 -6.000000e-03
    endloop
  endfacet
  facet normal -0.000000e+00 -0.000000e+00 -1.000000e+00
    outer loop
      vertex   9.611771e-03 1.855111e-02 -6.000000e-03
      vertex   9.611771e-03 1.044889e-02 -6.000000e-03
      vertex   9.250000e-03 1.870096e-02 -6.000000e-03
    endloop
  endfacet
  facet normal 0.000000e+00 0.000000e+00 -1.000000e+00
    outer loop
      vertex   9.250000e-03 1.870096e-02 -6.000000e-03
      vertex   9.611771e-03 1.044889e-02 -6.000000e-03
      vertex   9.250000e-03 1.029904e-02 -6.000000e-03
    endloop
  endfacet
  facet normal -0.000000e+00 -0.000000e+00 -1.000000e+00
    outer loop
      vertex   9.250000e-03 1.870096e-02 -6.000000e-03
      vertex   9.250000e-03 1.029904e-02 -6.000000e-03
      vertex   8.939340e-03 1.893934e-02 -6.000000e-03
    endloop
  endfacet
  facet normal 0.000000e+00 0.000000e+00 -1.000000e+00
    outer loop
      vertex   8.939340e-03 1.893934e-02 -6.000000e-03
      vertex   9.250000e-03 1.029904e-02 -6.000000e-03
      vertex   8.939340e-03 1.006066e-02 -6.000000e-03
    endloop
  endfacet
  facet normal -0.000000e+00 -0.000000e+00 -1.000000e+00
    outer loop
      vertex   8.939340e-03 1.893934e-02 -6.000000e-03
      vertex   8.939340e-03 1.006066e-02 -6.000000e-03
      vertex   8.700962e-03 1.925000e-02 -6.000000e-03
    endloop
  endfacet
  facet normal 0.000000e+00 0.000000e+00 -1.000000e+00
    outer loop
      vertex   8.700962e-03 1.925000e-02 -6.000000e-03
      vertex   8.939340e-03 1.006066e-02 -6.000000e-03
      vertex   8.700962e-03 9.750000e-03 -6.000000e-03
    endloop
  endfacet
  facet normal -0.000000e+00 -0.000000e+00 -1.000000e+00
    outer loop
      vertex   8.700962e-03 1.925000e-02 -6.000000e-03
      vertex   8.700962e-03 9.750000e-03 -6.000000e-03
      vertex   8.551111e-03 1.961177e-02 -6.000000e-03
    endloop
  endfacet
  facet normal 0.000000e+00 0.000000e+00 -1.000000e+00
    outer loop
      vertex   8.551111e-03 1.961177e-02 -6.000000e-03
      vertex   8.700962e-03 9.750000e-03 -6.000000e-03
      vertex   8.551111e-03 9.388229e-03 -6.000000e-03
    endloop
  endfacet
  facet normal -0.000000e+00 -0.000000e+00 -1.000000e+00
    outer loop
      vertex   8.551111e-03 1.961177e-02 -6.000000e-03
      vertex   8.551111e-03 9.388229e-03 -6.000000e-03
      vertex   8.500000e-03 2.000000e-02 -6.000000e-03
    endloop
  endfacet
  facet normal 0.000000e+00 0.000000e+00 -1.000000e+00
    outer loop
      vertex   8.500000e-03 2.000000e-02 -6.000000e-03
      vertex   8.551111e-03 9.388229e-03 -6.000000e-03
      vertex   8.500000e-03 9.000000e-03 -6.000000e-03
    endloop
  endfacet
  facet normal 0.000000e+00 0.000000e+00 -1.000000e+00
    outer loop
      vertex   1.000000e-02 1.165000e-01 -6.000000e-03
      vertex   1.038823e-02 1.425511e-01 -6.000000e-03
      vertex   1.038823e-02 1.164489e-01 -6.000000e-03
    endloop
  endfacet
  facet normal 0.000000e+00 0.000000e+00 -1.000000e+00
    outer loop
      vertex   1.038823e-02 1.164489e-01 -6.000000e-03
      vertex   1.038823e-02 1.425511e-01 -6.000000e-03
      vertex   1.075000e-02 1.427010e-01 -6.000000e-03
    endloop
  endfacet
  facet normal 0.000000e+00 0.000000e+00 -1.000000e+00
    outer loop
      vertex   1.038823e-02 1.164489e-01 -6.000000e-03
      vertex   1.075000e-02 1.427010e-01 -6.000000e-03
      vertex   1.075000e-02 1.162990e-01 -6.000000e-03
    endloop
  endfacet
  facet normal 0.000000e+00 0.000000e+00 -1.000000e+00
    outer loop
      vertex   1.075000e-02 1.162990e-01 -6.000000e-03
      vertex   1.075000e-02 1.427010e-01 -6.000000e-03
      vertex   1.106066e-02 1.429393e-01 -6.000000e-03
    endloop
  endfacet
  facet normal 0.000000e+00 0.000000e+00 -1.000000e+00
    outer loop
      vertex   1.075000e-02 1.162990e-01 -6.000000e-03
      vertex   1.106066e-02 1.429393e-01 -6.000000e-03
      vertex   1.106066e-02 1.160607e-01 -6.000000e-03
    endloop
  endfacet
  facet normal 0.000000e+00 0.000000e+00 -1.000000e+00
    outer loop
      vertex   1.106066e-02 1.160607e-01 -6.000000e-03
      vertex   1.106066e-02 1.429393e-01 -6.000000e-03
      vertex   1.129904e-02 1.432500e-01 -6.000000e-03
    endloop
  endfacet
  facet normal 0.000000e+00 0.000000e+00 -1.000000e+00
    outer loop
      vertex   1.106066e-02 1.160607e-01 -6.000000e-03
      vertex   1.129904e-02 1.432500e-01 -6.000000e-03
      vertex   1.129904e-02 1.157500e-01 -6.000000e-03
    endloop
  endfacet
  facet normal 0.000000e+00 0.000000e+00 -1.000000e+00
    outer loop
      vertex   1.129904e-02 1.157500e-01 -6.000000e-03
      vertex   1.129904e-02 1.432500e-01 -6.000000e-03
      vertex   1.144889e-02 1.436118e-01 -6.000000e-03
    endloop
  endfacet
  facet normal 0.000000e+00 0.000000e+00 -1.000000e+00
    outer loop
      vertex   1.129904e-02 1.157500e-01 -6.000000e-03
      vertex   1.144889e-02 1.436118e-01 -6.000000e-03
      vertex   1.144889e-02 1.153882e-01 -6.000000e-03
    endloop
  endfacet
  facet normal 0.000000e+00 0.000000e+00 -1.000000e+00
    outer loop
      vertex   1.144889e-02 1.153882e-01 -6.000000e-03
      vertex   1.144889e-02 1.436118e-01 -6.000000e-03
      vertex   1.150000e-02 1.440000e-01 -6.000000e-03
    endloop
  endfacet
  facet normal 0.000000e+00 0.000000e+00 -1.000000e+00
    outer loop
      vertex   1.144889e-02 1.153882e-01 -6.000000e-03
      vertex   1.150000e-02 1.440000e-01 -6.000000e-03
      vertex   1.150000e-02 1.150000e-01 -6.000000e-03
    endloop
  endfacet
  facet normal 0.000000e+00 0.000000e+00 -1.000000e+00
    outer loop
      vertex   1.129904e-02 1.447500e-01 -6.000000e-03
      vertex   1.106066e-02 1.450607e-01 -6.000000e-03
      vertex   1.188428e-02 1.576360e-01 -6.000000e-03
    endloop
  endfacet
  facet normal 0.000000e+00 0.000000e+00 -1.000000e+00
    outer loop
      vertex   1.188428e-02 1.576360e-01 -6.000000e-03
      vertex   1.106066e-02 1.450607e-01 -6.000000e-03
      vertex   1.075000e-02 1.452990e-01 -6.000000e-03
    endloop
  endfacet
  facet normal 0.000000e+00 0.000000e+00 -1.000000e+00
    outer loop
      vertex   1.188428e-02 1.576360e-01 -6.000000e-03
      vertex   1.075000e-02 1.452990e-01 -6.000000e-03
      vertex   1.038823e-02 1.454489e-01 -6.000000e-03
    endloop
  endfacet
  facet normal 0.000000e+00 0.000000e+00 -1.000000e+00
    outer loop
      vertex   1.038823e-02 1.454489e-01 -6.000000e-03
      vertex   1.000000e-02 1.455000e-01 -6.000000e-03
      vertex   1.188428e-02 1.576360e-01 -6.000000e-03
    endloop
  endfacet
  facet normal -0.000000e+00 0.000000e+00 -1.000000e+00
    outer loop
      vertex   9.250000e-03 1.452990e-01 -6.000000e-03
      vertex   8.939340e-03 1.450607e-01 -6.000000e-03
      vertex   8.115724e-03 1.576360e-01 -6.000000e-03
    endloop
  endfacet
  facet normal 0.000000e+00 0.000000e+00 -1.000000e+00
    outer loop
      vertex   8.115724e-03 1.576360e-01 -6.000000e-03
      vertex   8.939340e-03 1.450607e-01 -6.000000e-03
      vertex   8.700962e-03 1.447500e-01 -6.000000e-03
    endloop
  endfacet
  facet normal 0.000000e+00 0.000000e+00 -1.000000e+00
    outer loop
      vertex   8.115724e-03 1.576360e-01 -6.000000e-03
      vertex   8.700962e-03 1.447500e-01 -6.000000e-03
      vertex   8.551111e-03 1.443882e-01 -6.000000e-03
    endloop
  endfacet
  facet normal -0.000000e+00 0.000000e+00 -1.000000e+00
    outer loop
      vertex   8.551111e-03 1.443882e-01 -6.000000e-03
      vertex   8.500000e-03 1.440000e-01 -6.000000e-03
      vertex   8.115724e-03 1.576360e-01 -6.000000e-03
    endloop
  endfacet
  facet normal 0.000000e+00 0.000000e+00 -1.000000e+00
    outer loop
      vertex   1.150000e-02 6.000000e-02 -6.000000e-03
      vertex   1.144889e-02 6.038823e-02 -6.000000e-03
      vertex   1.150000e-02 1.150000e-01 -6.000000e-03
    endloop
  endfacet
  facet normal 0.000000e+00 0.000000e+00 -1.000000e+00
    outer loop
      vertex   1.150000e-02 1.150000e-01 -6.000000e-03
      vertex   1.144889e-02 6.038823e-02 -6.000000e-03
      vertex   1.144889e-02 1.146118e-01 -6.000000e-03
    endloop
  endfacet
  facet normal 0.000000e+00 -0.000000e+00 -1.000000e+00
    outer loop
      vertex   1.144889e-02 1.146118e-01 -6.000000e-03
      vertex   1.144889e-02 6.038823e-02 -6.000000e-03
      vertex   1.129904e-02 6.075000e-02 -6.000000e-03
    endloop
  endfacet
  facet normal 0.000000e+00 0.000000e+00 -1.000000e+00
    outer loop
      vertex   1.144889e-02 1.146118e-01 -6.000000e-03
      vertex   1.129904e-02 6.075000e-02 -6.000000e-03
      vertex   1.129904e-02 1.142500e-01 -6.000000e-03
    endloop
  endfacet
  facet normal 0.000000e+00 -0.000000e+00 -1.000000e+00
    outer loop
      vertex   1.129904e-02 1.142500e-01 -6.000000e-03
      vertex   1.129904e-02 6.075000e-02 -6.000000e-03
      vertex   1.106066e-02 6.106066e-02 -6.000000e-03
    endloop
  endfacet
  facet normal 0.000000e+00 0.000000e+00 -1.000000e+00
    outer loop
      vertex   1.129904e-02 1.142500e-01 -6.000000e-03
      vertex   1.106066e-02 6.106066e-02 -6.000000e-03
      vertex   1.106066e-02 1.139393e-01 -6.000000e-03
    endloop
  endfacet
  facet normal 0.000000e+00 -0.000000e+00 -1.000000e+00
    outer loop
      vertex   1.106066e-02 1.139393e-01 -6.000000e-03
      vertex   1.106066e-02 6.106066e-02 -6.000000e-03
      vertex   1.075000e-02 6.129904e-02 -6.000000e-03
    endloop
  endfacet
  facet normal 0.000000e+00 0.000000e+00 -1.000000e+00
    outer loop
      vertex   1.106066e-02 1.139393e-01 -6.000000e-03
      vertex   1.075000e-02 6.129904e-02 -6.000000e-03
      vertex   1.075000e-02 1.137010e-01 -6.000000e-03
    endloop
  endfacet
  facet normal 0.000000e+00 -0.000000e+00 -1.000000e+00
    outer loop
      vertex   1.075000e-02 1.137010e-01 -6.000000e-03
      vertex   1.075000e-02 6.129904e-02 -6.000000e-03
      vertex   1.038823e-02 6.144889e-02 -6.000000e-03
    endloop
  endfacet
  facet normal 0.000000e+00 0.000000e+00 -1.000000e+00
    outer loop
      vertex   1.075000e-02 1.137010e-01 -6.000000e-03
      vertex   1.038823e-02 6.144889e-02 -6.000000e-03
      vertex   1.038823e-02 1.135511e-01 -6.000000e-03
    endloop
  endfacet
  facet normal 0.000000e+00 -0.000000e+00 -1.000000e+00
    outer loop
      vertex   1.038823e-02 1.135511e-01 -6.000000e-03
      vertex   1.038823e-02 6.144889e-02 -6.000000e-03
      vertex   1.000000e-02 6.150000e-02 -6.000000e-03
    endloop
  endfacet
  facet normal 0.000000e+00 0.000000e+00 -1.000000e+00
    outer loop
      vertex   1.038823e-02 1.135511e-01 -6.000000e-03
      vertex   1.000000e-02 6.150000e-02 -6.000000e-03
      vertex   1.000000e-02 1.135000e-01 -6.000000e-03
    endloop
  endfacet
  facet normal -0.000000e+00 -0.000000e+00 -1.000000e+00
    outer loop
      vertex   1.000000e-02 1.135000e-01 -6.000000e-03
      vertex   1.000000e-02 6.150000e-02 -6.000000e-03
      vertex   9.611771e-03 1.135511e-01 -6.000000e-03
    endloop
  endfacet
  facet normal 0.000000e+00 0.000000e+00 -1.000000e+00
    outer loop
      vertex   9.611771e-03 1.135511e-01 -6.000000e-03
      vertex   1.000000e-02 6.150000e-02 -6.000000e-03
      vertex   9.611771e-03 6.144889e-02 -6.000000e-03
    endloop
  endfacet
  facet normal -0.000000e+00 -0.000000e+00 -1.000000e+00
    outer loop
      vertex   9.611771e-03 1.135511e-01 -6.000000e-03
      vertex   9.611771e-03 6.144889e-02 -6.000000e-03
      vertex   9.250000e-03 1.137010e-01 -6.000000e-03
    endloop
  endfacet
  facet normal 0.000000e+00 0.000000e+00 -1.000000e+00
    outer loop
      vertex   9.250000e-03 1.137010e-01 -6.000000e-03
      vertex   9.611771e-03 6.144889e-02 -6.000000e-03
      vertex   9.250000e-03 6.129904e-02 -6.000000e-03
    endloop
  endfacet
  facet normal -0.000000e+00 -0.000000e+00 -1.000000e+00
    outer loop
      vertex   9.250000e-03 1.137010e-01 -6.000000e-03
      vertex   9.250000e-03 6.129904e-02 -6.000000e-03
      vertex   8.939340e-03 1.139393e-01 -6.000000e-03
    endloop
  endfacet
  facet normal 0.000000e+00 0.000000e+00 -1.000000e+00
    outer loop
      vertex   8.939340e-03 1.139393e-01 -6.000000e-03
      vertex   9.250000e-03 6.129904e-02 -6.000000e-03
      vertex   8.939340e-03 6.106066e-02 -6.000000e-03
    endloop
  endfacet
  facet normal -0.000000e+00 -0.000000e+00 -1.000000e+00
    outer loop
      vertex   8.939340e-03 1.139393e-01 -6.000000e-03
      vertex   8.939340e-03 6.106066e-02 -6.000000e-03
      vertex   8.700962e-03 1.142500e-01 -6.000000e-03
    endloop
  endfacet
  facet normal 0.000000e+00 0.000000e+00 -1.000000e+00
    outer loop
      vertex   8.700962e-03 1.142500e-01 -6.000000e-03
      vertex   8.939340e-03 6.106066e-02 -6.000000e-03
      vertex   8.700962e-03 6.075000e-02 -6.000000e-03
    endloop
  endfacet
  facet normal -0.000000e+00 -0.000000e+00 -1.000000e+00
    outer loop
      vertex   8.700962e-03 1.142500e-01 -6.000000e-03
      vertex   8.700962e-03 6.075000e-02 -6.000000e-03
      vertex   8.551111e-03 1.146118e-01 -6.000000e-03
    endloop
  endfacet
  facet normal 0.000000e+00 0.000000e+00 -1.000000e+00
    outer loop
      vertex   8.551111e-03 1.146118e-01 -6.000000e-03
      vertex   8.700962e-03 6.075000e-02 -6.000000e-03
      vertex   8.551111e-03 6.038823e-02 -6.000000e-03
    endloop
  endfacet
  facet normal -0.000000e+00 -0.000000e+00 -1.000000e+00
    outer loop
      vertex   8.551111e-03 1.146118e-01 -6.000000e-03
      vertex   8.551111e-03 6.038823e-02 -6.000000e-03
      vertex   8.500000e-03 1.150000e-01 -6.000000e-03
    endloop
  endfacet
  facet normal 0.000000e+00 0.000000e+00 -1.000000e+00
    outer loop
      vertex   8.500000e-03 1.150000e-01 -6.000000e-03
      vertex   8.551111e-03 6.038823e-02 -6.000000e-03
      vertex   8.500000e-03 6.000000e-02 -6.000000e-03
    endloop
  endfacet
  facet normal 0.000000e+00 0.000000e+00 -1.000000e+00
    outer loop
      vertex   8.500000e-03 2.000000e-02 -6.000000e-03
      vertex   8.500000e-03 6.000000e-02 -6.000000e-03
      vertex   8.551111e-03 2.038823e-02 -6.000000e-03
    endloop
  endfacet
  facet normal 0.000000e+00 0.000000e+00 -1.000000e+00
    outer loop
      vertex   8.551111e-03 2.038823e-02 -6.000000e-03
      vertex   8.500000e-03 6.000000e-02 -6.000000e-03
      vertex   8.551111e-03 5.961177e-02 -6.000000e-03
    endloop
  endfacet
  facet normal 0.000000e+00 0.000000e+00 -1.000000e+00
    outer loop
      vertex   8.551111e-03 2.038823e-02 -6.000000e-03
      vertex   8.551111e-03 5.961177e-02 -6.000000e-03
      vertex   8.700962e-03 2.075000e-02 -6.000000e-03
    endloop
  endfacet
  facet normal 0.000000e+00 0.000000e+00 -1.000000e+00
    outer loop
      vertex   8.700962e-03 2.075000e-02 -6.000000e-03
      vertex   8.551111e-03 5.961177e-02 -6.000000e-03
      vertex   8.700962e-03 5.925000e-02 -6.000000e-03
    endloop
  endfacet
  facet normal 0.000000e+00 0.000000e+00 -1.000000e+00
    outer loop
      vertex   8.700962e-03 2.075000e-02 -6.000000e-03
      vertex   8.700962e-03 5.925000e-02 -6.000000e-03
      vertex   8.939340e-03 2.106066e-02 -6.000000e-03
    endloop
  endfacet
  facet normal 0.000000e+00 0.000000e+00 -1.000000e+00
    outer loop
      vertex   8.939340e-03 2.106066e-02 -6.000000e-03
      vertex   8.700962e-03 5.925000e-02 -6.000000e-03
      vertex   8.939340e-03 5.893934e-02 -6.000000e-03
    endloop
  endfacet
  facet normal 0.000000e+00 0.000000e+00 -1.000000e+00
    outer loop
      vertex   8.939340e-03 2.106066e-02 -6.000000e-03
      vertex   8.939340e-03 5.893934e-02 -6.000000e-03
      vertex   9.250000e-03 2.129904e-02 -6.000000e-03
    endloop
  endfacet
  facet normal 0.000000e+00 0.000000e+00 -1.000000e+00
    outer loop
      vertex   9.250000e-03 2.129904e-02 -6.000000e-03
      vertex   8.939340e-03 5.893934e-02 -6.000000e-03
      vertex   9.250000e-03 5.870096e-02 -6.000000e-03
    endloop
  endfacet
  facet normal 0.000000e+00 0.000000e+00 -1.000000e+00
    outer loop
      vertex   9.250000e-03 2.129904e-02 -6.000000e-03
      vertex   9.250000e-03 5.870096e-02 -6.000000e-03
      vertex   9.611771e-03 2.144889e-02 -6.000000e-03
    endloop
  endfacet
  facet normal 0.000000e+00 0.000000e+00 -1.000000e+00
    outer loop
      vertex   9.611771e-03 2.144889e-02 -6.000000e-03
      vertex   9.250000e-03 5.870096e-02 -6.000000e-03
      vertex   9.611771e-03 5.855111e-02 -6.000000e-03
    endloop
  endfacet
  facet normal 0.000000e+00 0.000000e+00 -1.000000e+00
    outer loop
      vertex   9.611771e-03 2.144889e-02 -6.000000e-03
      vertex   9.611771e-03 5.855111e-02 -6.000000e-03
      vertex   1.000000e-02 2.150000e-02 -6.000000e-03
    endloop
  endfacet
  facet normal 0.000000e+00 0.000000e+00 -1.000000e+00
    outer loop
      vertex   1.000000e-02 2.150000e-02 -6.000000e-03
      vertex   9.611771e-03 5.855111e-02 -6.000000e-03
      vertex   1.000000e-02 5.850000e-02 -6.000000e-03
    endloop
  endfacet
  facet normal 0.000000e+00 0.000000e+00 -1.000000e+00
    outer loop
      vertex   1.000000e-02 2.150000e-02 -6.000000e-03
      vertex   1.000000e-02 5.850000e-02 -6.000000e-03
      vertex   1.038823e-02 5.855111e-02 -6.000000e-03
    endloop
  endfacet
  facet normal 0.000000e+00 0.000000e+00 -1.000000e+00
    outer loop
      vertex   1.000000e-02 2.150000e-02 -6.000000e-03
      vertex   1.038823e-02 5.855111e-02 -6.000000e-03
      vertex   1.038823e-02 2.144889e-02 -6.000000e-03
    endloop
  endfacet
  facet normal 0.000000e+00 0.000000e+00 -1.000000e+00
    outer loop
      vertex   1.038823e-02 2.144889e-02 -6.000000e-03
      vertex   1.038823e-02 5.855111e-02 -6.000000e-03
      vertex   1.075000e-02 5.870096e-02 -6.000000e-03
    endloop
  endfacet
  facet normal 0.000000e+00 0.000000e+00 -1.000000e+00
    outer loop
      vertex   1.038823e-02 2.144889e-02 -6.000000e-03
      vertex   1.075000e-02 5.870096e-02 -6.000000e-03
      vertex   1.075000e-02 2.129904e-02 -6.000000e-03
    endloop
  endfacet
  facet normal 0.000000e+00 0.000000e+00 -1.000000e+00
    outer loop
      vertex   1.075000e-02 2.129904e-02 -6.000000e-03
      vertex   1.075000e-02 5.870096e-02 -6.000000e-03
      vertex   1.106066e-02 5.893934e-02 -6.000000e-03
    endloop
  endfacet
  facet normal 0.000000e+00 0.000000e+00 -1.000000e+00
    outer loop
      vertex   1.075000e-02 2.129904e-02 -6.000000e-03
      vertex   1.106066e-02 5.893934e-02 -6.000000e-03
      vertex   1.106066e-02 2.106066e-02 -6.000000e-03
    endloop
  endfacet
  facet normal 0.000000e+00 0.000000e+00 -1.000000e+00
    outer loop
      vertex   1.106066e-02 2.106066e-02 -6.000000e-03
      vertex   1.106066e-02 5.893934e-02 -6.000000e-03
      vertex   1.129904e-02 5.925000e-02 -6.000000e-03
    endloop
  endfacet
  facet normal 0.000000e+00 0.000000e+00 -1.000000e+00
    outer loop
      vertex   1.106066e-02 2.106066e-02 -6.000000e-03
      vertex   1.129904e-02 5.925000e-02 -6.000000e-03
      vertex   1.129904e-02 2.075000e-02 -6.000000e-03
    endloop
  endfacet
  facet normal 0.000000e+00 0.000000e+00 -1.000000e+00
    outer loop
      vertex   1.129904e-02 2.075000e-02 -6.000000e-03
      vertex   1.129904e-02 5.925000e-02 -6.000000e-03
      vertex   1.144889e-02 5.961177e-02 -6.000000e-03
    endloop
  endfacet
  facet normal 0.000000e+00 0.000000e+00 -1.000000e+00
    outer loop
      vertex   1.129904e-02 2.075000e-02 -6.000000e-03
      vertex   1.144889e-02 5.961177e-02 -6.000000e-03
      vertex   1.144889e-02 2.038823e-02 -6.000000e-03
    endloop
  endfacet
  facet normal 0.000000e+00 0.000000e+00 -1.000000e+00
    outer loop
      vertex   1.144889e-02 2.038823e-02 -6.000000e-03
      vertex   1.144889e-02 5.961177e-02 -6.000000e-03
      vertex   1.150000e-02 6.000000e-02 -6.000000e-03
    endloop
  endfacet
  facet normal 0.000000e+00 0.000000e+00 -1.000000e+00
    outer loop
      vertex   1.144889e-02 2.038823e-02 -6.000000e-03
      vertex   1.150000e-02 6.000000e-02 -6.000000e-03
      vertex   1.150000e-02 2.000000e-02 -6.000000e-03
    endloop
  endfacet
  facet normal 9.914449e-01 -1.305262e-01 0.000000e+00
    outer loop
      vertex   8.551111e-03 1.443882e-01 -6.000000e-03
      vertex   8.551111e-03 1.443882e-01 -3.000000e-03
      vertex   8.500000e-03 1.440000e-01 -6.000000e-03
    endloop
  endfacet
  facet normal 9.914449e-01 -1.305262e-01 0.000000e+00
    outer loop
      vertex   8.500000e-03 1.440000e-01 -6.000000e-03
      vertex   8.551111e-03 1.443882e-01 -3.000000e-03
      vertex   8.500000e-03 1.440000e-01 -3.000000e-03
    endloop
  endfacet
  facet normal 9.914449e-01 1.305262e-01 -0.000000e+00
    outer loop
      vertex   8.500000e-03 1.440000e-01 -6.000000e-03
      vertex   8.500000e-03 1.440000e-01 -3.000000e-03
      vertex   8.551111e-03 1.436118e-01 -6.000000e-03
    endloop
  endfacet
  facet normal 9.914449e-01 1.305262e-01 -0.000000e+00
    outer loop
      vertex   8.551111e-03 1.436118e-01 -6.000000e-03
      vertex   8.500000e-03 1.440000e-01 -3.000000e-03
      vertex   8.551111e-03 1.436118e-01 -3.000000e-03
    endloop
  endfacet
  facet normal 9.238795e-01 3.826834e-01 -0.000000e+00
    outer loop
      vertex   8.551111e-03 1.436118e-01 -6.000000e-03
      vertex   8.551111e-03 1.436118e-01 -3.000000e-03
      vertex   8.700962e-03 1.432500e-01 -6.000000e-03
    endloop
  endfacet
  facet normal 9.238795e-01 3.826834e-01 -0.000000e+00
    outer loop
      vertex   8.700962e-03 1.432500e-01 -6.000000e-03
      vertex   8.551111e-03 1.436118e-01 -3.000000e-03
      vertex   8.700962e-03 1.432500e-01 -3.000000e-03
    endloop
  endfacet
  facet normal 7.933533e-01 6.087614e-01 -0.000000e+00
    outer loop
      vertex   8.700962e-03 1.432500e-01 -6.000000e-03
      vertex   8.700962e-03 1.432500e-01 -3.000000e-03
      vertex   8.939340e-03 1.429393e-01 -6.000000e-03
    endloop
  endfacet
  facet normal 7.933533e-01 6.087614e-01 -0.000000e+00
    outer loop
      vertex   8.939340e-03 1.429393e-01 -6.000000e-03
      vertex   8.700962e-03 1.432500e-01 -3.000000e-03
      vertex   8.939340e-03 1.429393e-01 -3.000000e-03
    endloop
  endfacet
  facet normal 6.087614e-01 7.933533e-01 -0.000000e+00
    outer loop
      vertex   8.939340e-03 1.429393e-01 -6.000000e-03
      vertex   8.939340e-03 1.429393e-01 -3.000000e-03
      vertex   9.250000e-03 1.427010e-01 -6.000000e-03
    endloop
  endfacet
  facet normal 6.087614e-01 7.933533e-01 -0.000000e+00
    outer loop
      vertex   9.250000e-03 1.427010e-01 -6.000000e-03
      vertex   8.939340e-03 1.429393e-01 -3.000000e-03
      vertex   9.250000e-03 1.427010e-01 -3.000000e-03
    endloop
  endfacet
  facet normal 3.826834e-01 9.238795e-01 -0.000000e+00
    outer loop
      vertex   9.250000e-03 1.427010e-01 -6.000000e-03
      vertex   9.250000e-03 1.427010e-01 -3.000000e-03
      vertex   9.611771e-03 1.425511e-01 -6.000000e-03
    endloop
  endfacet
  facet normal 3.826834e-01 9.238795e-01 -0.000000e+00
    outer loop
      vertex   9.611771e-03 1.425511e-01 -6.000000e-03
      vertex   9.250000e-03 1.427010e-01 -3.000000e-03
      vertex   9.611771e-03 1.425511e-01 -3.000000e-03
    endloop
  endfacet
  facet normal 1.305262e-01 9.914449e-01 -0.000000e+00
    outer loop
      vertex   9.611771e-03 1.425511e-01 -6.000000e-03
      vertex   9.611771e-03 1.425511e-01 -3.000000e-03
      vertex   1.000000e-02 1.425000e-01 -6.000000e-03
    endloop
  endfacet
  facet normal 1.305262e-01 9.914449e-01 -0.000000e+00
    outer loop
      vertex   1.000000e-02 1.425000e-01 -6.000000e-03
      vertex   9.611771e-03 1.425511e-01 -3.000000e-03
      vertex   1.000000e-02 1.425000e-01 -3.000000e-03
    endloop
  endfacet
  facet normal -1.305262e-01 9.914449e-01 0.000000e+00
    outer loop
      vertex   1.000000e-02 1.425000e-01 -6.000000e-03
      vertex   1.000000e-02 1.425000e-01 -3.000000e-03
      vertex   1.038823e-02 1.425511e-01 -6.000000e-03
    endloop
  endfacet
  facet normal -1.305262e-01 9.914449e-01 7.547562e-17
    outer loop
      vertex   1.038823e-02 1.425511e-01 -6.000000e-03
      vertex   1.000000e-02 1.425000e-01 -3.000000e-03
      vertex   1.038823e-02 1.425511e-01 -3.000000e-03
    endloop
  endfacet
  facet normal -3.826834e-01 9.238795e-01 2.212833e-16
    outer loop
      vertex   1.038823e-02 1.425511e-01 -6.000000e-03
      vertex   1.038823e-02 1.425511e-01 -3.000000e-03
      vertex   1.075000e-02 1.427010e-01 -6.000000e-03
    endloop
  endfacet
  facet normal -3.826834e-01 9.238795e-01 4.425666e-16
    outer loop
      vertex   1.075000e-02 1.427010e-01 -6.000000e-03
      vertex   1.038823e-02 1.425511e-01 -3.000000e-03
      vertex   1.075000e-02 1.427010e-01 -3.000000e-03
    endloop
  endfacet
  facet normal -6.087614e-01 7.933533e-01 7.040218e-16
    outer loop
      vertex   1.075000e-02 1.427010e-01 -6.000000e-03
      vertex   1.075000e-02 1.427010e-01 -3.000000e-03
      vertex   1.106066e-02 1.429393e-01 -6.000000e-03
    endloop
  endfacet
  facet normal -6.087614e-01 7.933533e-01 0.000000e+00
    outer loop
      vertex   1.106066e-02 1.429393e-01 -6.000000e-03
      vertex   1.075000e-02 1.427010e-01 -3.000000e-03
      vertex   1.106066e-02 1.429393e-01 -3.000000e-03
    endloop
  endfacet
  facet normal -7.933533e-01 6.087614e-01 0.000000e+00
    outer loop
      vertex   1.106066e-02 1.429393e-01 -6.000000e-03
      vertex   1.106066e-02 1.429393e-01 -3.000000e-03
      vertex   1.129904e-02 1.432500e-01 -6.000000e-03
    endloop
  endfacet
  facet normal -7.933533e-01 6.087614e-01 0.000000e+00
    outer loop
      vertex   1.129904e-02 1.432500e-01 -6.000000e-03
      vertex   1.106066e-02 1.429393e-01 -3.000000e-03
      vertex   1.129904e-02 1.432500e-01 -3.000000e-03
    endloop
  endfacet
  facet normal -9.238795e-01 3.826834e-01 0.000000e+00
    outer loop
      vertex   1.129904e-02 1.432500e-01 -6.000000e-03
      vertex   1.129904e-02 1.432500e-01 -3.000000e-03
      vertex   1.144889e-02 1.436118e-01 -6.000000e-03
    endloop
  endfacet
  facet normal -9.238795e-01 3.826834e-01 0.000000e+00
    outer loop
      vertex   1.144889e-02 1.436118e-01 -6.000000e-03
      vertex   1.129904e-02 1.432500e-01 -3.000000e-03
      vertex   1.144889e-02 1.436118e-01 -3.000000e-03
    endloop
  endfacet
  facet normal -9.914449e-01 1.305262e-01 0.000000e+00
    outer loop
      vertex   1.144889e-02 1.436118e-01 -6.000000e-03
      vertex   1.144889e-02 1.436118e-01 -3.000000e-03
      vertex   1.150000e-02 1.440000e-01 -6.000000e-03
    endloop
  endfacet
  facet normal -9.914449e-01 1.305262e-01 0.000000e+00
    outer loop
      vertex   1.150000e-02 1.440000e-01 -6.000000e-03
      vertex   1.144889e-02 1.436118e-01 -3.000000e-03
      vertex   1.150000e-02 1.440000e-01 -3.000000e-03
    endloop
  endfacet
  facet normal -9.914449e-01 -1.305262e-01 0.000000e+00
    outer loop
      vertex   1.150000e-02 1.440000e-01 -6.000000e-03
      vertex   1.150000e-02 1.440000e-01 -3.000000e-03
      vertex   1.144889e-02 1.443882e-01 -6.000000e-03
    endloop
  endfacet
  facet normal -9.914449e-01 -1.305262e-01 0.000000e+00
    outer loop
      vertex   1.144889e-02 1.443882e-01 -6.000000e-03
      vertex   1.150000e-02 1.440000e-01 -3.000000e-03
      vertex   1.144889e-02 1.443882e-01 -3.000000e-03
    endloop
  endfacet
  facet normal -9.238795e-01 -3.826834e-01 0.000000e+00
    outer loop
      vertex   1.144889e-02 1.443882e-01 -6.000000e-03
      vertex   1.144889e-02 1.443882e-01 -3.000000e-03
      vertex   1.129904e-02 1.447500e-01 -6.000000e-03
    endloop
  endfacet
  facet normal -9.238795e-01 -3.826834e-01 0.000000e+00
    outer loop
      vertex   1.129904e-02 1.447500e-01 -6.000000e-03
      vertex   1.144889e-02 1.443882e-01 -3.000000e-03
      vertex   1.129904e-02 1.447500e-01 -3.000000e-03
    endloop
  endfacet
  facet normal -7.933533e-01 -6.087614e-01 0.000000e+00
    outer loop
      vertex   1.129904e-02 1.447500e-01 -6.000000e-03
      vertex   1.129904e-02 1.447500e-01 -3.000000e-03
      vertex   1.106066e-02 1.450607e-01 -6.000000e-03
    endloop
  endfacet
  facet normal -7.933533e-01 -6.087614e-01 0.000000e+00
    outer loop
      vertex   1.106066e-02 1.450607e-01 -6.000000e-03
      vertex   1.129904e-02 1.447500e-01 -3.000000e-03
      vertex   1.106066e-02 1.450607e-01 -3.000000e-03
    endloop
  endfacet
  facet normal -6.087614e-01 -7.933533e-01 0.000000e+00
    outer loop
      vertex   1.106066e-02 1.450607e-01 -6.000000e-03
      vertex   1.106066e-02 1.450607e-01 -3.000000e-03
      vertex   1.075000e-02 1.452990e-01 -6.000000e-03
    endloop
  endfacet
  facet normal -6.087614e-01 -7.933533e-01 0.000000e+00
    outer loop
      vertex   1.075000e-02 1.452990e-01 -6.000000e-03
      vertex   1.106066e-02 1.450607e-01 -3.000000e-03
      vertex   1.075000e-02 1.452990e-01 -3.000000e-03
    endloop
  endfacet
  facet normal -3.826834e-01 -9.238795e-01 0.000000e+00
    outer loop
      vertex   1.075000e-02 1.452990e-01 -6.000000e-03
      vertex   1.075000e-02 1.452990e-01 -3.000000e-03
      vertex   1.038823e-02 1.454489e-01 -6.000000e-03
    endloop
  endfacet
  facet normal -3.826834e-01 -9.238795e-01 0.000000e+00
    outer loop
      vertex   1.038823e-02 1.454489e-01 -6.000000e-03
      vertex   1.075000e-02 1.452990e-01 -3.000000e-03
      vertex   1.038823e-02 1.454489e-01 -3.000000e-03
    endloop
  endfacet
  facet normal -1.305262e-01 -9.914449e-01 0.000000e+00
    outer loop
      vertex   1.038823e-02 1.454489e-01 -6.000000e-03
      vertex   1.038823e-02 1.454489e-01 -3.000000e-03
      vertex   1.000000e-02 1.455000e-01 -6.000000e-03
    endloop
  endfacet
  facet normal -1.305262e-01 -9.914449e-01 0.000000e+00
    outer loop
      vertex   1.000000e-02 1.455000e-01 -6.000000e-03
      vertex   1.038823e-02 1.454489e-01 -3.000000e-03
      vertex   1.000000e-02 1.455000e-01 -3.000000e-03
    endloop
  endfacet
  facet normal 1.305262e-01 -9.914449e-01 0.000000e+00
    outer loop
      vertex   1.000000e-02 1.455000e-01 -6.000000e-03
      vertex   1.000000e-02 1.455000e-01 -3.000000e-03
      vertex   9.611771e-03 1.454489e-01 -6.000000e-03
    endloop
  endfacet
  facet normal 1.305262e-01 -9.914449e-01 0.000000e+00
    outer loop
      vertex   9.611771e-03 1.454489e-01 -6.000000e-03
      vertex   1.000000e-02 1.455000e-01 -3.000000e-03
      vertex   9.611771e-03 1.454489e-01 -3.000000e-03
    endloop
  endfacet
  facet normal 3.826834e-01 -9.238795e-01 0.000000e+00
    outer loop
      vertex   9.611771e-03 1.454489e-01 -6.000000e-03
      vertex   9.611771e-03 1.454489e-01 -3.000000e-03
      vertex   9.250000e-03 1.452990e-01 -6.000000e-03
    endloop
  endfacet
  facet normal 3.826834e-01 -9.238795e-01 0.000000e+00
    outer loop
      vertex   9.250000e-03 1.452990e-01 -6.000000e-03
      vertex   9.611771e-03 1.454489e-01 -3.000000e-03
      vertex   9.250000e-03 1.452990e-01 -3.000000e-03
    endloop
  endfacet
  facet normal 6.087614e-01 -7.933533e-01 0.000000e+00
    outer loop
      vertex   9.250000e-03 1.452990e-01 -6.000000e-03
      vertex   9.250000e-03 1.452990e-01 -3.000000e-03
      vertex   8.939340e-03 1.450607e-01 -6.000000e-03
    endloop
  endfacet
  facet normal 6.087614e-01 -7.933533e-01 0.000000e+00
    outer loop
      vertex   8.939340e-03 1.450607e-01 -6.000000e-03
      vertex   9.250000e-03 1.452990e-01 -3.000000e-03
      vertex   8.939340e-03 1.450607e-01 -3.000000e-03
    endloop
  endfacet
  facet normal 7.933533e-01 -6.087614e-01 0.000000e+00
    outer loop
      vertex   8.939340e-03 1.450607e-01 -6.000000e-03
      vertex   8.939340e-03 1.450607e-01 -3.000000e-03
      vertex   8.700962e-03 1.447500e-01 -6.000000e-03
    endloop
  endfacet
  facet normal 7.933533e-01 -6.087614e-01 0.000000e+00
    outer loop
      vertex   8.700962e-03 1.447500e-01 -6.000000e-03
      vertex   8.939340e-03 1.450607e-01 -3.000000e-03
      vertex   8.700962e-03 1.447500e-01 -3.000000e-03
    endloop
  endfacet
  facet normal 9.238795e-01 -3.826834e-01 0.000000e+00
    outer loop
      vertex   8.700962e-03 1.447500e-01 -6.000000e-03
      vertex   8.700962e-03 1.447500e-01 -3.000000e-03
      vertex   8.551111e-03 1.443882e-01 -6.000000e-03
    endloop
  endfacet
  facet normal 9.238795e-01 -3.826834e-01 0.000000e+00
    outer loop
      vertex   8.551111e-03 1.443882e-01 -6.000000e-03
      vertex   8.700962e-03 1.447500e-01 -3.000000e-03
      vertex   8.551111e-03 1.443882e-01 -3.000000e-03
    endloop
  endfacet
  facet normal 0.000000e+00 -0.000000e+00 1.000000e+00
    outer loop
      vertex   7.102223e-03 1.432235e-01 -3.000000e-03
      vertex   8.551111e-03 1.436118e-01 -3.000000e-03
      vertex   7.000000e-03 1.440000e-01 -3.000000e-03
    endloop
  endfacet
  facet normal -0.000000e+00 0.000000e+00 1.000000e+00
    outer loop
      vertex   7.000000e-03 1.440000e-01 -3.000000e-03
      vertex   8.551111e-03 1.436118e-01 -3.000000e-03
      vertex   8.500000e-03 1.440000e-01 -3.000000e-03
    endloop
  endfacet
  facet normal 0.000000e+00 0.000000e+00 1.000000e+00
    outer loop
      vertex   7.000000e-03 1.440000e-01 -3.000000e-03
      vertex   8.500000e-03 1.440000e-01 -3.000000e-03
      vertex   8.551111e-03 1.443882e-01 -3.000000e-03
    endloop
  endfacet
  facet normal 0.000000e+00 0.000000e+00 1.000000e+00
    outer loop
      vertex   8.551111e-03 1.436118e-01 -3.000000e-03
      vertex   7.102223e-03 1.432235e-01 -3.000000e-03
      vertex   8.700962e-03 1.432500e-01 -3.000000e-03
    endloop
  endfacet
  facet normal 0.000000e+00 0.000000e+00 1.000000e+00
    outer loop
      vertex   8.700962e-03 1.432500e-01 -3.000000e-03
      vertex   7.102223e-03 1.432235e-01 -3.000000e-03
      vertex   7.401924e-03 1.425000e-01 -3.000000e-03
    endloop
  endfacet
  facet normal 0.000000e+00 0.000000e+00 1.000000e+00
    outer loop
      vertex   8.700962e-03 1.432500e-01 -3.000000e-03
      vertex   7.401924e-03 1.425000e-01 -3.000000e-03
      vertex   8.939340e-03 1.429393e-01 -3.000000e-03
    endloop
  endfacet
  facet normal 0.000000e+00 0.000000e+00 1.000000e+00
    outer loop
      vertex   8.939340e-03 1.429393e-01 -3.000000e-03
      vertex   7.401924e-03 1.425000e-01 -3.000000e-03
      vertex   7.878680e-03 1.418787e-01 -3.000000e-03
    endloop
  endfacet
  facet normal 0.000000e+00 0.000000e+00 1.000000e+00
    outer loop
      vertex   8.939340e-03 1.429393e-01 -3.000000e-03
      vertex   7.878680e-03 1.418787e-01 -3.000000e-03
      vertex   9.250000e-03 1.427010e-01 -3.000000e-03
    endloop
  endfacet
  facet normal 0.000000e+00 0.000000e+00 1.000000e+00
    outer loop
      vertex   9.250000e-03 1.427010e-01 -3.000000e-03
      vertex   7.878680e-03 1.418787e-01 -3.000000e-03
      vertex   8.500000e-03 1.414019e-01 -3.000000e-03
    endloop
  endfacet
  facet normal 0.000000e+00 0.000000e+00 1.000000e+00
    outer loop
      vertex   9.250000e-03 1.427010e-01 -3.000000e-03
      vertex   8.500000e-03 1.414019e-01 -3.000000e-03
      vertex   9.611771e-03 1.425511e-01 -3.000000e-03
    endloop
  endfacet
  facet normal 0.000000e+00 0.000000e+00 1.000000e+00
    outer loop
      vertex   9.611771e-03 1.425511e-01 -3.000000e-03
      vertex   8.500000e-03 1.414019e-01 -3.000000e-03
      vertex   9.223543e-03 1.411022e-01 -3.000000e-03
    endloop
  endfacet
  facet normal 0.000000e+00 0.000000e+00 1.000000e+00
    outer loop
      vertex   9.611771e-03 1.425511e-01 -3.000000e-03
      vertex   9.223543e-03 1.411022e-01 -3.000000e-03
      vertex   1.000000e-02 1.425000e-01 -3.000000e-03
    endloop
  endfacet
  facet normal 0.000000e+00 0.000000e+00 1.000000e+00
    outer loop
      vertex   1.000000e-02 1.425000e-01 -3.000000e-03
      vertex   9.223543e-03 1.411022e-01 -3.000000e-03
      vertex   1.000000e-02 1.410000e-01 -3.000000e-03
    endloop
  endfacet
  facet normal 0.000000e+00 0.000000e+00 1.000000e+00
    outer loop
      vertex   1.000000e-02 1.425000e-01 -3.000000e-03
      vertex   1.000000e-02 1.410000e-01 -3.000000e-03
      vertex   1.077646e-02 1.411022e-01 -3.000000e-03
    endloop
  endfacet
  facet normal -0.000000e+00 0.000000e+00 1.000000e+00
    outer loop
      vertex   1.000000e-02 1.425000e-01 -3.000000e-03
      vertex   1.077646e-02 1.411022e-01 -3.000000e-03
      vertex   1.038823e-02 1.425511e-01 -3.000000e-03
    endloop
  endfacet
  facet normal 0.000000e+00 0.000000e+00 1.000000e+00
    outer loop
      vertex   1.038823e-02 1.425511e-01 -3.000000e-03
      vertex   1.077646e-02 1.411022e-01 -3.000000e-03
      vertex   1.150000e-02 1.414019e-01 -3.000000e-03
    endloop
  endfacet
  facet normal -0.000000e+00 0.000000e+00 1.000000e+00
    outer loop
      vertex   1.038823e-02 1.425511e-01 -3.000000e-03
      vertex   1.150000e-02 1.414019e-01 -3.000000e-03
      vertex   1.075000e-02 1.427010e-01 -3.000000e-03
    endloop
  endfacet
  facet normal 0.000000e+00 0.000000e+00 1.000000e+00
    outer loop
      vertex   1.075000e-02 1.427010e-01 -3.000000e-03
      vertex   1.150000e-02 1.414019e-01 -3.000000e-03
      vertex   1.212132e-02 1.418787e-01 -3.000000e-03
    endloop
  endfacet
  facet normal -0.000000e+00 0.000000e+00 1.000000e+00
    outer loop
      vertex   1.075000e-02 1.427010e-01 -3.000000e-03
      vertex   1.212132e-02 1.418787e-01 -3.000000e-03
      vertex   1.106066e-02 1.429393e-01 -3.000000e-03
    endloop
  endfacet
  facet normal 0.000000e+00 0.000000e+00 1.000000e+00
    outer loop
      vertex   1.106066e-02 1.429393e-01 -3.000000e-03
      vertex   1.212132e-02 1.418787e-01 -3.000000e-03
      vertex   1.259808e-02 1.425000e-01 -3.000000e-03
    endloop
  endfacet
  facet normal -0.000000e+00 0.000000e+00 1.000000e+00
    outer loop
      vertex   1.106066e-02 1.429393e-01 -3.000000e-03
      vertex   1.259808e-02 1.425000e-01 -3.000000e-03
      vertex   1.129904e-02 1.432500e-01 -3.000000e-03
    endloop
  endfacet
  facet normal 0.000000e+00 0.000000e+00 1.000000e+00
    outer loop
      vertex   1.129904e-02 1.432500e-01 -3.000000e-03
      vertex   1.259808e-02 1.425000e-01 -3.000000e-03
      vertex   1.289778e-02 1.432235e-01 -3.000000e-03
    endloop
  endfacet
  facet normal -0.000000e+00 0.000000e+00 1.000000e+00
    outer loop
      vertex   1.129904e-02 1.432500e-01 -3.000000e-03
      vertex   1.289778e-02 1.432235e-01 -3.000000e-03
      vertex   1.144889e-02 1.436118e-01 -3.000000e-03
    endloop
  endfacet
  facet normal -0.000000e+00 0.000000e+00 1.000000e+00
    outer loop
      vertex   1.144889e-02 1.436118e-01 -3.000000e-03
      vertex   1.289778e-02 1.432235e-01 -3.000000e-03
      vertex   1.150000e-02 1.440000e-01 -3.000000e-03
    endloop
  endfacet
  facet normal -0.000000e+00 0.000000e+00 1.000000e+00
    outer loop
      vertex   1.150000e-02 1.440000e-01 -3.000000e-03
      vertex   1.289778e-02 1.432235e-01 -3.000000e-03
      vertex   1.300000e-02 1.440000e-01 -3.000000e-03
    endloop
  endfacet
  facet normal 0.000000e+00 -0.000000e+00 1.000000e+00
    outer loop
      vertex   1.150000e-02 1.440000e-01 -3.000000e-03
      vertex   1.300000e-02 1.440000e-01 -3.000000e-03
      vertex   1.144889e-02 1.443882e-01 -3.000000e-03
    endloop
  endfacet
  facet normal -0.000000e+00 0.000000e+00 1.000000e+00
    outer loop
      vertex   1.144889e-02 1.443882e-01 -3.000000e-03
      vertex   1.300000e-02 1.440000e-01 -3.000000e-03
      vertex   1.289778e-02 1.447765e-01 -3.000000e-03
    endloop
  endfacet
  facet normal 0.000000e+00 -0.000000e+00 1.000000e+00
    outer loop
      vertex   1.144889e-02 1.443882e-01 -3.000000e-03
      vertex   1.289778e-02 1.447765e-01 -3.000000e-03
      vertex   1.129904e-02 1.447500e-01 -3.000000e-03
    endloop
  endfacet
  facet normal 0.000000e+00 0.000000e+00 1.000000e+00
    outer loop
      vertex   1.129904e-02 1.447500e-01 -3.000000e-03
      vertex   1.289778e-02 1.447765e-01 -3.000000e-03
      vertex   1.259808e-02 1.455000e-01 -3.000000e-03
    endloop
  endfacet
  facet normal 0.000000e+00 -0.000000e+00 1.000000e+00
    outer loop
      vertex   1.129904e-02 1.447500e-01 -3.000000e-03
      vertex   1.259808e-02 1.455000e-01 -3.000000e-03
      vertex   1.106066e-02 1.450607e-01 -3.000000e-03
    endloop
  endfacet
  facet normal 0.000000e+00 0.000000e+00 1.000000e+00
    outer loop
      vertex   1.106066e-02 1.450607e-01 -3.000000e-03
      vertex   1.259808e-02 1.455000e-01 -3.000000e-03
      vertex   1.212132e-02 1.461213e-01 -3.000000e-03
    endloop
  endfacet
  facet normal 0.000000e+00 -0.000000e+00 1.000000e+00
    outer loop
      vertex   1.106066e-02 1.450607e-01 -3.000000e-03
      vertex   1.212132e-02 1.461213e-01 -3.000000e-03
      vertex   1.075000e-02 1.452990e-01 -3.000000e-03
    endloop
  endfacet
  facet normal 0.000000e+00 0.000000e+00 1.000000e+00
    outer loop
      vertex   1.075000e-02 1.452990e-01 -3.000000e-03
      vertex   1.212132e-02 1.461213e-01 -3.000000e-03
      vertex   1.150000e-02 1.465981e-01 -3.000000e-03
    endloop
  endfacet
  facet normal 0.000000e+00 -0.000000e+00 1.000000e+00
    outer loop
      vertex   1.075000e-02 1.452990e-01 -3.000000e-03
      vertex   1.150000e-02 1.465981e-01 -3.000000e-03
      vertex   1.038823e-02 1.454489e-01 -3.000000e-03
    endloop
  endfacet
  facet normal 0.000000e+00 0.000000e+00 1.000000e+00
    outer loop
      vertex   1.038823e-02 1.454489e-01 -3.000000e-03
      vertex   1.150000e-02 1.465981e-01 -3.000000e-03
      vertex   1.077646e-02 1.468978e-01 -3.000000e-03
    endloop
  endfacet
  facet normal 0.000000e+00 -0.000000e+00 1.000000e+00
    outer loop
      vertex   1.038823e-02 1.454489e-01 -3.000000e-03
      vertex   1.077646e-02 1.468978e-01 -3.000000e-03
      vertex   1.000000e-02 1.455000e-01 -3.000000e-03
    endloop
  endfacet
  facet normal 0.000000e+00 0.000000e+00 1.000000e+00
    outer loop
      vertex   1.000000e-02 1.455000e-01 -3.000000e-03
      vertex   1.077646e-02 1.468978e-01 -3.000000e-03
      vertex   1.000000e-02 1.470000e-01 -3.000000e-03
    endloop
  endfacet
  facet normal 0.000000e+00 -0.000000e+00 1.000000e+00
    outer loop
      vertex   1.000000e-02 1.455000e-01 -3.000000e-03
      vertex   1.000000e-02 1.470000e-01 -3.000000e-03
      vertex   9.223543e-03 1.468978e-01 -3.000000e-03
    endloop
  endfacet
  facet normal 0.000000e+00 0.000000e+00 1.000000e+00
    outer loop
      vertex   1.000000e-02 1.455000e-01 -3.000000e-03
      vertex   9.223543e-03 1.468978e-01 -3.000000e-03
      vertex   9.611771e-03 1.454489e-01 -3.000000e-03
    endloop
  endfacet
  facet normal 0.000000e+00 0.000000e+00 1.000000e+00
    outer loop
      vertex   9.611771e-03 1.454489e-01 -3.000000e-03
      vertex   9.223543e-03 1.468978e-01 -3.000000e-03
      vertex   8.500000e-03 1.465981e-01 -3.000000e-03
    endloop
  endfacet
  facet normal 0.000000e+00 0.000000e+00 1.000000e+00
    outer loop
      vertex   9.611771e-03 1.454489e-01 -3.000000e-03
      vertex   8.500000e-03 1.465981e-01 -3.000000e-03
      vertex   9.250000e-03 1.452990e-01 -3.000000e-03
    endloop
  endfacet
  facet normal 0.000000e+00 0.000000e+00 1.000000e+00
    outer loop
      vertex   9.250000e-03 1.452990e-01 -3.000000e-03
      vertex   8.500000e-03 1.465981e-01 -3.000000e-03
      vertex   7.878680e-03 1.461213e-01 -3.000000e-03
    endloop
  endfacet
  facet normal 0.000000e+00 0.000000e+00 1.000000e+00
    outer loop
      vertex   9.250000e-03 1.452990e-01 -3.000000e-03
      vertex   7.878680e-03 1.461213e-01 -3.000000e-03
      vertex   8.939340e-03 1.450607e-01 -3.000000e-03
    endloop
  endfacet
  facet normal 0.000000e+00 0.000000e+00 1.000000e+00
    outer loop
      vertex   8.939340e-03 1.450607e-01 -3.000000e-03
      vertex   7.878680e-03 1.461213e-01 -3.000000e-03
      vertex   7.401924e-03 1.455000e-01 -3.000000e-03
    endloop
  endfacet
  facet normal 0.000000e+00 0.000000e+00 1.000000e+00
    outer loop
      vertex   8.939340e-03 1.450607e-01 -3.000000e-03
      vertex   7.401924e-03 1.455000e-01 -3.000000e-03
      vertex   8.700962e-03 1.447500e-01 -3.000000e-03
    endloop
  endfacet
  facet normal 0.000000e+00 0.000000e+00 1.000000e+00
    outer loop
      vertex   8.700962e-03 1.447500e-01 -3.000000e-03
      vertex   7.401924e-03 1.455000e-01 -3.000000e-03
      vertex   7.102223e-03 1.447765e-01 -3.000000e-03
    endloop
  endfacet
  facet normal 0.000000e+00 0.000000e+00 1.000000e+00
    outer loop
      vertex   8.700962e-03 1.447500e-01 -3.000000e-03
      vertex   7.102223e-03 1.447765e-01 -3.000000e-03
      vertex   8.551111e-03 1.443882e-01 -3.000000e-03
    endloop
  endfacet
  facet normal 0.000000e+00 0.000000e+00 1.000000e+00
    outer loop
      vertex   8.551111e-03 1.443882e-01 -3.000000e-03
      vertex   7.102223e-03 1.447765e-01 -3.000000e-03
      vertex   7.000000e-03 1.440000e-01 -3.000000e-03
    endloop
  endfacet
  facet normal 9.914449e-01 -1.305262e-01 0.000000e+00
    outer loop
      vertex   7.102223e-03 1.447765e-01 -3.000000e-03
      vertex   7.102223e-03 1.447765e-01 0.000000e+00
      vertex   7.000000e-03 1.440000e-01 -3.000000e-03
    endloop
  endfacet
  facet normal 9.914449e-01 -1.305262e-01 0.000000e+00
    outer loop
      vertex   7.000000e-03 1.440000e-01 -3.000000e-03
      vertex   7.102223e-03 1.447765e-01 0.000000e+00
      vertex   7.000000e-03 1.440000e-01 0.000000e+00
    endloop
  endfacet
  facet normal 9.914449e-01 1.305262e-01 -0.000000e+00
    outer loop
      vertex   7.000000e-03 1.440000e-01 -3.000000e-03
      vertex   7.000000e-03 1.440000e-01 0.000000e+00
      vertex   7.102223e-03 1.432235e-01 -3.000000e-03
    endloop
  endfacet
  facet normal 9.914449e-01 1.305262e-01 -0.000000e+00
    outer loop
      vertex   7.102223e-03 1.432235e-01 -3.000000e-03
      vertex   7.000000e-03 1.440000e-01 0.000000e+00
      vertex   7.102223e-03 1.432235e-01 0.000000e+00
    endloop
  endfacet
  facet normal 9.238795e-01 3.826834e-01 -0.000000e+00
    outer loop
      vertex   7.102223e-03 1.432235e-01 -3.000000e-03
      vertex   7.102223e-03 1.432235e-01 0.000000e+00
      vertex   7.401924e-03 1.425000e-01 -3.000000e-03
    endloop
  endfacet
  facet normal 9.238795e-01 3.826834e-01 -0.000000e+00
    outer loop
      vertex   7.401924e-03 1.425000e-01 -3.000000e-03
      vertex   7.102223e-03 1.432235e-01 0.000000e+00
      vertex   7.401924e-03 1.425000e-01 0.000000e+00
    endloop
  endfacet
  facet normal 7.933533e-01 6.087614e-01 -0.000000e+00
    outer loop
      vertex   7.401924e-03 1.425000e-01 -3.000000e-03
      vertex   7.401924e-03 1.425000e-01 0.000000e+00
      vertex   7.878680e-03 1.418787e-01 -3.000000e-03
    endloop
  endfacet
  facet normal 7.933533e-01 6.087614e-01 -0.000000e+00
    outer loop
      vertex   7.878680e-03 1.418787e-01 -3.000000e-03
      vertex   7.401924e-03 1.425000e-01 0.000000e+00
      vertex   7.878680e-03 1.418787e-01 0.000000e+00
    endloop
  endfacet
  facet normal 6.087614e-01 7.933533e-01 -0.000000e+00
    outer loop
      vertex   7.878680e-03 1.418787e-01 -3.000000e-03
      vertex   7.878680e-03 1.418787e-01 0.000000e+00
      vertex   8.500000e-03 1.414019e-01 -3.000000e-03
    endloop
  endfacet
  facet normal 6.087614e-01 7.933533e-01 -0.000000e+00
    outer loop
      vertex   8.500000e-03 1.414019e-01 -3.000000e-03
      vertex   7.878680e-03 1.418787e-01 0.000000e+00
      vertex   8.500000e-03 1.414019e-01 0.000000e+00
    endloop
  endfacet
  facet normal 3.826834e-01 9.238795e-01 -0.000000e+00
    outer loop
      vertex   8.500000e-03 1.414019e-01 -3.000000e-03
      vertex   8.500000e-03 1.414019e-01 0.000000e+00
      vertex   9.223543e-03 1.411022e-01 -3.000000e-03
    endloop
  endfacet
  facet normal 3.826834e-01 9.238795e-01 -0.000000e+00
    outer loop
      vertex   9.223543e-03 1.411022e-01 -3.000000e-03
      vertex   8.500000e-03 1.414019e-01 0.000000e+00
      vertex   9.223543e-03 1.411022e-01 0.000000e+00
    endloop
  endfacet
  facet normal 1.305262e-01 9.914449e-01 -0.000000e+00
    outer loop
      vertex   9.223543e-03 1.411022e-01 -3.000000e-03
      vertex   9.223543e-03 1.411022e-01 0.000000e+00
      vertex   1.000000e-02 1.410000e-01 -3.000000e-03
    endloop
  endfacet
  facet normal 1.305262e-01 9.914449e-01 -0.000000e+00
    outer loop
      vertex   1.000000e-02 1.410000e-01 -3.000000e-03
      vertex   9.223543e-03 1.411022e-01 0.000000e+00
      vertex   1.000000e-02 1.410000e-01 0.000000e+00
    endloop
  endfacet
  facet normal -1.305262e-01 9.914449e-01 0.000000e+00
    outer loop
      vertex   1.000000e-02 1.410000e-01 -3.000000e-03
      vertex   1.000000e-02 1.410000e-01 0.000000e+00
      vertex   1.077646e-02 1.411022e-01 -3.000000e-03
    endloop
  endfacet
  facet normal -1.305262e-01 9.914449e-01 0.000000e+00
    outer loop
      vertex   1.077646e-02 1.411022e-01 -3.000000e-03
      vertex   1.000000e-02 1.410000e-01 0.000000e+00
      vertex   1.077646e-02 1.411022e-01 0.000000e+00
    endloop
  endfacet
  facet normal -3.826834e-01 9.238795e-01 0.000000e+00
    outer loop
      vertex   1.077646e-02 1.411022e-01 -3.000000e-03
      vertex   1.077646e-02 1.411022e-01 0.000000e+00
      vertex   1.150000e-02 1.414019e-01 -3.000000e-03
    endloop
  endfacet
  facet normal -3.826834e-01 9.238795e-01 0.000000e+00
    outer loop
      vertex   1.150000e-02 1.414019e-01 -3.000000e-03
      vertex   1.077646e-02 1.411022e-01 0.000000e+00
      vertex   1.150000e-02 1.414019e-01 0.000000e+00
    endloop
  endfacet
  facet normal -6.087614e-01 7.933533e-01 0.000000e+00
    outer loop
      vertex   1.150000e-02 1.414019e-01 -3.000000e-03
      vertex   1.150000e-02 1.414019e-01 0.000000e+00
      vertex   1.212132e-02 1.418787e-01 -3.000000e-03
    endloop
  endfacet
  facet normal -6.087614e-01 7.933533e-01 0.000000e+00
    outer loop
      vertex   1.212132e-02 1.418787e-01 -3.000000e-03
      vertex   1.150000e-02 1.414019e-01 0.000000e+00
      vertex   1.212132e-02 1.418787e-01 0.000000e+00
    endloop
  endfacet
  facet normal -7.933533e-01 6.087614e-01 0.000000e+00
    outer loop
      vertex   1.212132e-02 1.418787e-01 -3.000000e-03
      vertex   1.212132e-02 1.418787e-01 0.000000e+00
      vertex   1.259808e-02 1.425000e-01 -3.000000e-03
    endloop
  endfacet
  facet normal -7.933533e-01 6.087614e-01 0.000000e+00
    outer loop
      vertex   1.259808e-02 1.425000e-01 -3.000000e-03
      vertex   1.212132e-02 1.418787e-01 0.000000e+00
      vertex   1.259808e-02 1.425000e-01 0.000000e+00
    endloop
  endfacet
  facet normal -9.238795e-01 3.826834e-01 0.000000e+00
    outer loop
      vertex   1.259808e-02 1.425000e-01 -3.000000e-03
      vertex   1.259808e-02 1.425000e-01 0.000000e+00
      vertex   1.289778e-02 1.432235e-01 -3.000000e-03
    endloop
  endfacet
  facet normal -9.238795e-01 3.826834e-01 0.000000e+00
    outer loop
      vertex   1.289778e-02 1.432235e-01 -3.000000e-03
      vertex   1.259808e-02 1.425000e-01 0.000000e+00
      vertex   1.289778e-02 1.432235e-01 0.000000e+00
    endloop
  endfacet
  facet normal -9.914449e-01 1.305262e-01 0.000000e+00
    outer loop
      vertex   1.289778e-02 1.432235e-01 -3.000000e-03
      vertex   1.289778e-02 1.432235e-01 0.000000e+00
      vertex   1.300000e-02 1.440000e-01 -3.000000e-03
    endloop
  endfacet
  facet normal -9.914449e-01 1.305262e-01 0.000000e+00
    outer loop
      vertex   1.300000e-02 1.440000e-01 -3.000000e-03
      vertex   1.289778e-02 1.432235e-01 0.000000e+00
      vertex   1.300000e-02 1.440000e-01 0.000000e+00
    endloop
  endfacet
  facet normal -9.914449e-01 -1.305262e-01 0.000000e+00
    outer loop
      vertex   1.300000e-02 1.440000e-01 -3.000000e-03
      vertex   1.300000e-02 1.440000e-01 0.000000e+00
      vertex   1.289778e-02 1.447765e-01 -3.000000e-03
    endloop
  endfacet
  facet normal -9.914449e-01 -1.305262e-01 0.000000e+00
    outer loop
      vertex   1.289778e-02 1.447765e-01 -3.000000e-03
      vertex   1.300000e-02 1.440000e-01 0.000000e+00
      vertex   1.289778e-02 1.447765e-01 0.000000e+00
    endloop
  endfacet
  facet normal -9.238795e-01 -3.826834e-01 0.000000e+00
    outer loop
      vertex   1.289778e-02 1.447765e-01 -3.000000e-03
      vertex   1.289778e-02 1.447765e-01 0.000000e+00
      vertex   1.259808e-02 1.455000e-01 -3.000000e-03
    endloop
  endfacet
  facet normal -9.238795e-01 -3.826834e-01 0.000000e+00
    outer loop
      vertex   1.259808e-02 1.455000e-01 -3.000000e-03
      vertex   1.289778e-02 1.447765e-01 0.000000e+00
      vertex   1.259808e-02 1.455000e-01 0.000000e+00
    endloop
  endfacet
  facet normal -7.933533e-01 -6.087614e-01 0.000000e+00
    outer loop
      vertex   1.259808e-02 1.455000e-01 -3.000000e-03
      vertex   1.259808e-02 1.455000e-01 0.000000e+00
      vertex   1.212132e-02 1.461213e-01 -3.000000e-03
    endloop
  endfacet
  facet normal -7.933533e-01 -6.087614e-01 0.000000e+00
    outer loop
      vertex   1.212132e-02 1.461213e-01 -3.000000e-03
      vertex   1.259808e-02 1.455000e-01 0.000000e+00
      vertex   1.212132e-02 1.461213e-01 0.000000e+00
    endloop
  endfacet
  facet normal -6.087614e-01 -7.933533e-01 0.000000e+00
    outer loop
      vertex   1.212132e-02 1.461213e-01 -3.000000e-03
      vertex   1.212132e-02 1.461213e-01 0.000000e+00
      vertex   1.150000e-02 1.465981e-01 -3.000000e-03
    endloop
  endfacet
  facet normal -6.087614e-01 -7.933533e-01 0.000000e+00
    outer loop
      vertex   1.150000e-02 1.465981e-01 -3.000000e-03
      vertex   1.212132e-02 1.461213e-01 0.000000e+00
      vertex   1.150000e-02 1.465981e-01 0.000000e+00
    endloop
  endfacet
  facet normal -3.826834e-01 -9.238795e-01 0.000000e+00
    outer loop
      vertex   1.150000e-02 1.465981e-01 -3.000000e-03
      vertex   1.150000e-02 1.465981e-01 0.000000e+00
      vertex   1.077646e-02 1.468978e-01 -3.000000e-03
    endloop
  endfacet
  facet normal -3.826834e-01 -9.238795e-01 0.000000e+00
    outer loop
      vertex   1.077646e-02 1.468978e-01 -3.000000e-03
      vertex   1.150000e-02 1.465981e-01 0.000000e+00
      vertex   1.077646e-02 1.468978e-01 0.000000e+00
    endloop
  endfacet
  facet normal -1.305262e-01 -9.914449e-01 0.000000e+00
    outer loop
      vertex   1.077646e-02 1.468978e-01 -3.000000e-03
      vertex   1.077646e-02 1.468978e-01 0.000000e+00
      vertex   1.000000e-02 1.470000e-01 -3.000000e-03
    endloop
  endfacet
  facet normal -1.305262e-01 -9.914449e-01 0.000000e+00
    outer loop
      vertex   1.000000e-02 1.470000e-01 -3.000000e-03
      vertex   1.077646e-02 1.468978e-01 0.000000e+00
      vertex   1.000000e-02 1.470000e-01 0.000000e+00
    endloop
  endfacet
  facet normal 1.305262e-01 -9.914449e-01 0.000000e+00
    outer loop
      vertex   1.000000e-02 1.470000e-01 -3.000000e-03
      vertex   1.000000e-02 1.470000e-01 0.000000e+00
      vertex   9.223543e-03 1.468978e-01 -3.000000e-03
    endloop
  endfacet
  facet normal 1.305262e-01 -9.914449e-01 0.000000e+00
    outer loop
      vertex   9.223543e-03 1.468978e-01 -3.000000e-03
      vertex   1.000000e-02 1.470000e-01 0.000000e+00
      vertex   9.223543e-03 1.468978e-01 0.000000e+00
    endloop
  endfacet
  facet normal 3.826834e-01 -9.238795e-01 0.000000e+00
    outer loop
      vertex   9.223543e-03 1.468978e-01 -3.000000e-03
      vertex   9.223543e-03 1.468978e-01 0.000000e+00
      vertex   8.500000e-03 1.465981e-01 -3.000000e-03
    endloop
  endfacet
  facet normal 3.826834e-01 -9.238795e-01 0.000000e+00
    outer loop
      vertex   8.500000e-03 1.465981e-01 -3.000000e-03
      vertex   9.223543e-03 1.468978e-01 0.000000e+00
      vertex   8.500000e-03 1.465981e-01 0.000000e+00
    endloop
  endfacet
  facet normal 6.087614e-01 -7.933533e-01 0.000000e+00
    outer loop
      vertex   8.500000e-03 1.465981e-01 -3.000000e-03
      vertex   8.500000e-03 1.465981e-01 0.000000e+00
      vertex   7.878680e-03 1.461213e-01 -3.000000e-03
    endloop
  endfacet
  facet normal 6.087614e-01 -7.933533e-01 0.000000e+00
    outer loop
      vertex   7.878680e-03 1.461213e-01 -3.000000e-03
      vertex   8.500000e-03 1.465981e-01 0.000000e+00
      vertex   7.878680e-03 1.461213e-01 0.000000e+00
    endloop
  endfacet
  facet normal 7.933533e-01 -6.087614e-01 0.000000e+00
    outer loop
      vertex   7.878680e-03 1.461213e-01 -3.000000e-03
      vertex   7.878680e-03 1.461213e-01 0.000000e+00
      vertex   7.401924e-03 1.455000e-01 -3.000000e-03
    endloop
  endfacet
  facet normal 7.933533e-01 -6.087614e-01 0.000000e+00
    outer loop
      vertex   7.401924e-03 1.455000e-01 -3.000000e-03
      vertex   7.878680e-03 1.461213e-01 0.000000e+00
      vertex   7.401924e-03 1.455000e-01 0.000000e+00
    endloop
  endfacet
  facet normal 9.238795e-01 -3.826834e-01 0.000000e+00
    outer loop
      vertex   7.401924e-03 1.455000e-01 -3.000000e-03
      vertex   7.401924e-03 1.455000e-01 0.000000e+00
      vertex   7.102223e-03 1.447765e-01 -3.000000e-03
    endloop
  endfacet
  facet normal 9.238795e-01 -3.826834e-01 0.000000e+00
    outer loop
      vertex   7.102223e-03 1.447765e-01 -3.000000e-03
      vertex   7.401924e-03 1.455000e-01 0.000000e+00
      vertex   7.102223e-03 1.447765e-01 0.000000e+00
    endloop
  endfacet
  facet normal 0.000000e+00 0.000000e+00 1.000000e+00
    outer loop
      vertex   8.500000e-03 1.159808e-02 -3.000000e-03
      vertex   7.878680e-03 1.112132e-02 -3.000000e-03
      vertex   8.500000e-03 6.401924e-03 -3.000000e-03
    endloop
  endfacet
  facet normal 0.000000e+00 0.000000e+00 1.000000e+00
    outer loop
      vertex   8.500000e-03 6.401924e-03 -3.000000e-03
      vertex   7.878680e-03 1.112132e-02 -3.000000e-03
      vertex   7.878680e-03 6.878680e-03 -3.000000e-03
    endloop
  endfacet
  facet normal 0.000000e+00 0.000000e+00 1.000000e+00
    outer loop
      vertex   7.878680e-03 6.878680e-03 -3.000000e-03
      vertex   7.878680e-03 1.112132e-02 -3.000000e-03
      vertex   7.401924e-03 7.500000e-03 -3.000000e-03
    endloop
  endfacet
  facet normal 0.000000e+00 -0.000000e+00 1.000000e+00
    outer loop
      vertex   7.401924e-03 7.500000e-03 -3.000000e-03
      vertex   7.878680e-03 1.112132e-02 -3.000000e-03
      vertex   7.401924e-03 1.050000e-02 -3.000000e-03
    endloop
  endfacet
  facet normal 0.000000e+00 0.000000e+00 1.000000e+00
    outer loop
      vertex   7.401924e-03 7.500000e-03 -3.000000e-03
      vertex   7.401924e-03 1.050000e-02 -3.000000e-03
      vertex   7.102223e-03 8.223543e-03 -3.000000e-03
    endloop
  endfacet
  facet normal 0.000000e+00 -0.000000e+00 1.000000e+00
    outer loop
      vertex   7.102223e-03 8.223543e-03 -3.000000e-03
      vertex   7.401924e-03 1.050000e-02 -3.000000e-03
      vertex   7.102223e-03 9.776457e-03 -3.000000e-03
    endloop
  endfacet
  facet normal 0.000000e+00 0.000000e+00 1.000000e+00
    outer loop
      vertex   7.102223e-03 8.223543e-03 -3.000000e-03
      vertex   7.102223e-03 9.776457e-03 -3.000000e-03
      vertex   7.000000e-03 9.000000e-03 -3.000000e-03
    endloop
  endfacet
  facet normal 6.087614e-01 7.933533e-01 -3.361134e-16
    outer loop
      vertex   7.878680e-03 6.878680e-03 -3.000000e-03
      vertex   7.878680e-03 6.878680e-03 0.000000e+00
      vertex   8.500000e-03 6.401924e-03 -3.000000e-03
    endloop
  endfacet
  facet normal 6.087614e-01 7.933533e-01 -8.107605e-16
    outer loop
      vertex   8.500000e-03 6.401924e-03 -3.000000e-03
      vertex   7.878680e-03 6.878680e-03 0.000000e+00
      vertex   8.500000e-03 6.401924e-03 0.000000e+00
    endloop
  endfacet
  facet normal 3.826834e-01 9.238795e-01 -7.555085e-16
    outer loop
      vertex   8.500000e-03 6.401924e-03 -3.000000e-03
      vertex   8.500000e-03 6.401924e-03 0.000000e+00
      vertex   9.223543e-03 6.102223e-03 0.000000e+00
    endloop
  endfacet
  facet normal 7.933533e-01 6.087614e-01 -6.926682e-17
    outer loop
      vertex   7.878680e-03 6.878680e-03 0.000000e+00
      vertex   7.878680e-03 6.878680e-03 -3.000000e-03
      vertex   7.401924e-03 7.500000e-03 0.000000e+00
    endloop
  endfacet
  facet normal 7.933533e-01 6.087614e-01 -6.926682e-17
    outer loop
      vertex   7.401924e-03 7.500000e-03 0.000000e+00
      vertex   7.878680e-03 6.878680e-03 -3.000000e-03
      vertex   7.401924e-03 7.500000e-03 -3.000000e-03
    endloop
  endfacet
  facet normal 9.238795e-01 3.826834e-01 2.023002e-16
    outer loop
      vertex   7.401924e-03 7.500000e-03 0.000000e+00
      vertex   7.401924e-03 7.500000e-03 -3.000000e-03
      vertex   7.102223e-03 8.223543e-03 0.000000e+00
    endloop
  endfacet
  facet normal 9.238795e-01 3.826834e-01 -2.212833e-16
    outer loop
      vertex   7.102223e-03 8.223543e-03 0.000000e+00
      vertex   7.401924e-03 7.500000e-03 -3.000000e-03
      vertex   7.102223e-03 8.223543e-03 -3.000000e-03
    endloop
  endfacet
  facet normal 9.914449e-01 1.305262e-01 -7.547562e-17
    outer loop
      vertex   7.102223e-03 8.223543e-03 0.000000e+00
      vertex   7.102223e-03 8.223543e-03 -3.000000e-03
      vertex   7.000000e-03 9.000000e-03 0.000000e+00
    endloop
  endfacet
  facet normal 9.914449e-01 1.305262e-01 -7.997211e-16
    outer loop
      vertex   7.000000e-03 9.000000e-03 0.000000e+00
      vertex   7.102223e-03 8.223543e-03 -3.000000e-03
      vertex   7.000000e-03 9.000000e-03 -3.000000e-03
    endloop
  endfacet
  facet normal 9.914449e-01 -1.305262e-01 -3.468674e-16
    outer loop
      vertex   7.000000e-03 9.000000e-03 0.000000e+00
      vertex   7.000000e-03 9.000000e-03 -3.000000e-03
      vertex   7.102223e-03 9.776457e-03 0.000000e+00
    endloop
  endfacet
  facet normal 9.914449e-01 -1.305262e-01 -6.022026e-17
    outer loop
      vertex   7.102223e-03 9.776457e-03 0.000000e+00
      vertex   7.000000e-03 9.000000e-03 -3.000000e-03
      vertex   7.102223e-03 9.776457e-03 -3.000000e-03
    endloop
  endfacet
  facet normal 9.238795e-01 -3.826834e-01 3.967373e-16
    outer loop
      vertex   7.102223e-03 9.776457e-03 0.000000e+00
      vertex   7.102223e-03 9.776457e-03 -3.000000e-03
      vertex   7.401924e-03 1.050000e-02 0.000000e+00
    endloop
  endfacet
  facet normal 9.238795e-01 -3.826834e-01 -1.374878e-16
    outer loop
      vertex   7.401924e-03 1.050000e-02 0.000000e+00
      vertex   7.102223e-03 9.776457e-03 -3.000000e-03
      vertex   7.401924e-03 1.050000e-02 -3.000000e-03
    endloop
  endfacet
  facet normal 7.933533e-01 -6.087614e-01 3.679084e-16
    outer loop
      vertex   7.401924e-03 1.050000e-02 0.000000e+00
      vertex   7.401924e-03 1.050000e-02 -3.000000e-03
      vertex   7.878680e-03 1.112132e-02 0.000000e+00
    endloop
  endfacet
  facet normal 7.933533e-01 -6.087614e-01 -2.134773e-16
    outer loop
      vertex   7.878680e-03 1.112132e-02 0.000000e+00
      vertex   7.401924e-03 1.050000e-02 -3.000000e-03
      vertex   7.878680e-03 1.112132e-02 -3.000000e-03
    endloop
  endfacet
  facet normal 6.087614e-01 -7.933533e-01 2.134773e-16
    outer loop
      vertex   7.878680e-03 1.112132e-02 0.000000e+00
      vertex   7.878680e-03 1.112132e-02 -3.000000e-03
      vertex   8.500000e-03 1.159808e-02 0.000000e+00
    endloop
  endfacet
  facet normal 6.087614e-01 -7.933533e-01 3.211247e-15
    outer loop
      vertex   8.500000e-03 1.159808e-02 0.000000e+00
      vertex   7.878680e-03 1.112132e-02 -3.000000e-03
      vertex   8.500000e-03 1.159808e-02 -3.000000e-03
    endloop
  endfacet
  facet normal 3.826834e-01 -9.238795e-01 3.739576e-15
    outer loop
      vertex   8.500000e-03 1.159808e-02 0.000000e+00
      vertex   8.500000e-03 1.159808e-02 -3.000000e-03
      vertex   9.223543e-03 1.189778e-02 0.000000e+00
    endloop
  endfacet
  facet normal 3.826834e-01 -9.238795e-01 -2.074531e-16
    outer loop
      vertex   9.223543e-03 1.189778e-02 0.000000e+00
      vertex   8.500000e-03 1.159808e-02 -3.000000e-03
      vertex   9.223543e-03 1.189778e-02 -3.200000e-03
    endloop
  endfacet
  facet normal 1.305262e-01 -9.914449e-01 -7.075839e-17
    outer loop
      vertex   9.223543e-03 1.189778e-02 0.000000e+00
      vertex   9.223543e-03 1.189778e-02 -3.200000e-03
      vertex   1.000000e-02 1.200000e-02 0.000000e+00
    endloop
  endfacet
  facet normal 1.305262e-01 -9.914449e-01 0.000000e+00
    outer loop
      vertex   1.000000e-02 1.200000e-02 0.000000e+00
      vertex   9.223543e-03 1.189778e-02 -3.200000e-03
      vertex   1.000000e-02 1.200000e-02 -3.200000e-03
    endloop
  endfacet
  facet normal -1.305262e-01 -9.914449e-01 -0.000000e+00
    outer loop
      vertex   1.000000e-02 1.200000e-02 0.000000e+00
      vertex   1.000000e-02 1.200000e-02 -3.200000e-03
      vertex   1.077646e-02 1.189778e-02 0.000000e+00
    endloop
  endfacet
  facet normal -1.305262e-01 -9.914449e-01 -1.415168e-16
    outer loop
      vertex   1.077646e-02 1.189778e-02 0.000000e+00
      vertex   1.000000e-02 1.200000e-02 -3.200000e-03
      vertex   1.077646e-02 1.189778e-02 -3.200000e-03
    endloop
  endfacet
  facet normal -3.826834e-01 -9.238795e-01 -4.149062e-16
    outer loop
      vertex   1.077646e-02 1.189778e-02 0.000000e+00
      vertex   1.077646e-02 1.189778e-02 -3.200000e-03
      vertex   1.150000e-02 1.159808e-02 -3.000000e-03
    endloop
  endfacet
  facet normal -3.826834e-01 -9.238795e-01 -0.000000e+00
    outer loop
      vertex   1.150000e-02 1.159808e-02 -3.000000e-03
      vertex   1.077646e-02 1.189778e-02 -3.200000e-03
      vertex   1.150000e-02 1.159808e-02 -3.200000e-03
    endloop
  endfacet
  facet normal 3.826834e-01 -9.238795e-01 0.000000e+00
    outer loop
      vertex   8.500000e-03 1.159808e-02 -3.000000e-03
      vertex   8.500000e-03 1.159808e-02 -3.200000e-03
      vertex   9.223543e-03 1.189778e-02 -3.200000e-03
    endloop
  endfacet
  facet normal -6.087614e-01 -7.933533e-01 5.654882e-16
    outer loop
      vertex   1.212132e-02 1.112132e-02 -3.000000e-03
      vertex   1.212132e-02 1.112132e-02 0.000000e+00
      vertex   1.150000e-02 1.159808e-02 -3.000000e-03
    endloop
  endfacet
  facet normal -6.087614e-01 -7.933533e-01 3.211247e-15
    outer loop
      vertex   1.150000e-02 1.159808e-02 -3.000000e-03
      vertex   1.212132e-02 1.112132e-02 0.000000e+00
      vertex   1.150000e-02 1.159808e-02 0.000000e+00
    endloop
  endfacet
  facet normal -3.826834e-01 -9.238795e-01 3.739576e-15
    outer loop
      vertex   1.150000e-02 1.159808e-02 -3.000000e-03
      vertex   1.150000e-02 1.159808e-02 0.000000e+00
      vertex   1.077646e-02 1.189778e-02 0.000000e+00
    endloop
  endfacet
  facet normal -7.933533e-01 -6.087614e-01 2.452723e-16
    outer loop
      vertex   1.212132e-02 1.112132e-02 0.000000e+00
      vertex   1.212132e-02 1.112132e-02 -3.000000e-03
      vertex   1.259808e-02 1.050000e-02 0.000000e+00
    endloop
  endfacet
  facet normal -7.933533e-01 -6.087614e-01 1.385336e-16
    outer loop
      vertex   1.259808e-02 1.050000e-02 0.000000e+00
      vertex   1.212132e-02 1.112132e-02 -3.000000e-03
      vertex   1.259808e-02 1.050000e-02 -3.000000e-03
    endloop
  endfacet
  facet normal -9.238795e-01 -3.826834e-01 -4.046004e-16
    outer loop
      vertex   1.259808e-02 1.050000e-02 0.000000e+00
      vertex   1.259808e-02 1.050000e-02 -3.000000e-03
      vertex   1.289778e-02 9.776457e-03 0.000000e+00
    endloop
  endfacet
  facet normal -9.238795e-01 -3.826834e-01 6.638499e-16
    outer loop
      vertex   1.289778e-02 9.776457e-03 0.000000e+00
      vertex   1.259808e-02 1.050000e-02 -3.000000e-03
      vertex   1.289778e-02 9.776457e-03 -3.000000e-03
    endloop
  endfacet
  facet normal -9.914449e-01 -1.305262e-01 2.264268e-16
    outer loop
      vertex   1.289778e-02 9.776457e-03 0.000000e+00
      vertex   1.289778e-02 9.776457e-03 -3.000000e-03
      vertex   1.300000e-02 9.000000e-03 0.000000e+00
    endloop
  endfacet
  facet normal -9.914449e-01 -1.305262e-01 1.509512e-16
    outer loop
      vertex   1.300000e-02 9.000000e-03 0.000000e+00
      vertex   1.289778e-02 9.776457e-03 -3.000000e-03
      vertex   1.300000e-02 9.000000e-03 -3.000000e-03
    endloop
  endfacet
  facet normal -9.914449e-01 1.305262e-01 -1.509512e-16
    outer loop
      vertex   1.300000e-02 9.000000e-03 0.000000e+00
      vertex   1.300000e-02 9.000000e-03 -3.000000e-03
      vertex   1.289778e-02 8.223543e-03 0.000000e+00
    endloop
  endfacet
  facet normal -9.914449e-01 1.305262e-01 -1.509512e-16
    outer loop
      vertex   1.289778e-02 8.223543e-03 0.000000e+00
      vertex   1.300000e-02 9.000000e-03 -3.000000e-03
      vertex   1.289778e-02 8.223543e-03 -3.000000e-03
    endloop
  endfacet
  facet normal -9.238795e-01 3.826834e-01 -4.425666e-16
    outer loop
      vertex   1.289778e-02 8.223543e-03 0.000000e+00
      vertex   1.289778e-02 8.223543e-03 -3.000000e-03
      vertex   1.259808e-02 7.500000e-03 0.000000e+00
    endloop
  endfacet
  facet normal -9.238795e-01 3.826834e-01 -3.319250e-16
    outer loop
      vertex   1.259808e-02 7.500000e-03 0.000000e+00
      vertex   1.289778e-02 8.223543e-03 -3.000000e-03
      vertex   1.259808e-02 7.500000e-03 -3.000000e-03
    endloop
  endfacet
  facet normal -7.933533e-01 6.087614e-01 -5.280164e-16
    outer loop
      vertex   1.259808e-02 7.500000e-03 0.000000e+00
      vertex   1.259808e-02 7.500000e-03 -3.000000e-03
      vertex   1.212132e-02 6.878680e-03 0.000000e+00
    endloop
  endfacet
  facet normal -7.933533e-01 6.087614e-01 5.654882e-16
    outer loop
      vertex   1.212132e-02 6.878680e-03 0.000000e+00
      vertex   1.259808e-02 7.500000e-03 -3.000000e-03
      vertex   1.212132e-02 6.878680e-03 -3.000000e-03
    endloop
  endfacet
  facet normal -6.087614e-01 7.933533e-01 2.452723e-16
    outer loop
      vertex   1.212132e-02 6.878680e-03 0.000000e+00
      vertex   1.212132e-02 6.878680e-03 -3.000000e-03
      vertex   1.150000e-02 6.401924e-03 0.000000e+00
    endloop
  endfacet
  facet normal -6.087614e-01 7.933533e-01 -5.654882e-16
    outer loop
      vertex   1.150000e-02 6.401924e-03 0.000000e+00
      vertex   1.212132e-02 6.878680e-03 -3.000000e-03
      vertex   1.150000e-02 6.401924e-03 -3.000000e-03
    endloop
  endfacet
  facet normal -3.826834e-01 9.238795e-01 -8.471670e-16
    outer loop
      vertex   1.150000e-02 6.401924e-03 0.000000e+00
      vertex   1.150000e-02 6.401924e-03 -3.000000e-03
      vertex   1.077646e-02 6.102223e-03 0.000000e+00
    endloop
  endfacet
  facet normal -3.826834e-01 9.238795e-01 1.644882e-16
    outer loop
      vertex   1.077646e-02 6.102223e-03 0.000000e+00
      vertex   1.150000e-02 6.401924e-03 -3.000000e-03
      vertex   1.077646e-02 6.102223e-03 -3.200000e-03
    endloop
  endfacet
  facet normal -1.305262e-01 9.914449e-01 -1.272149e-16
    outer loop
      vertex   1.077646e-02 6.102223e-03 0.000000e+00
      vertex   1.077646e-02 6.102223e-03 -3.200000e-03
      vertex   1.000000e-02 6.000000e-03 0.000000e+00
    endloop
  endfacet
  facet normal -1.305262e-01 9.914449e-01 0.000000e+00
    outer loop
      vertex   1.000000e-02 6.000000e-03 0.000000e+00
      vertex   1.077646e-02 6.102223e-03 -3.200000e-03
      vertex   1.000000e-02 6.000000e-03 -3.200000e-03
    endloop
  endfacet
  facet normal 1.305262e-01 9.914449e-01 0.000000e+00
    outer loop
      vertex   1.000000e-02 6.000000e-03 0.000000e+00
      vertex   1.000000e-02 6.000000e-03 -3.200000e-03
      vertex   9.223543e-03 6.102223e-03 0.000000e+00
    endloop
  endfacet
  facet normal 1.305262e-01 9.914449e-01 0.000000e+00
    outer loop
      vertex   9.223543e-03 6.102223e-03 0.000000e+00
      vertex   1.000000e-02 6.000000e-03 -3.200000e-03
      vertex   9.223543e-03 6.102223e-03 -3.200000e-03
    endloop
  endfacet
  facet normal 3.826834e-01 9.238795e-01 0.000000e+00
    outer loop
      vertex   9.223543e-03 6.102223e-03 0.000000e+00
      vertex   9.223543e-03 6.102223e-03 -3.200000e-03
      vertex   8.500000e-03 6.401924e-03 -3.000000e-03
    endloop
  endfacet
  facet normal 3.826834e-01 9.238795e-01 0.000000e+00
    outer loop
      vertex   8.500000e-03 6.401924e-03 -3.000000e-03
      vertex   9.223543e-03 6.102223e-03 -3.200000e-03
      vertex   8.500000e-03 6.401924e-03 -3.200000e-03
    endloop
  endfacet
  facet normal -3.826834e-01 9.238795e-01 0.000000e+00
    outer loop
      vertex   1.150000e-02 6.401924e-03 -3.000000e-03
      vertex   1.150000e-02 6.401924e-03 -3.200000e-03
      vertex   1.077646e-02 6.102223e-03 -3.200000e-03
    endloop
  endfacet
  facet normal 0.000000e+00 0.000000e+00 1.000000e+00
    outer loop
      vertex   -1.159808e-02 -8.500000e-03 -3.000000e-03
      vertex   -6.401924e-03 -8.500000e-03 -3.000000e-03
      vertex   -1.112132e-02 -7.878680e-03 -3.000000e-03
    endloop
  endfacet
  facet normal 0.000000e+00 0.000000e+00 1.000000e+00
    outer loop
      vertex   -1.112132e-02 -7.878680e-03 -3.000000e-03
      vertex   -6.401924e-03 -8.500000e-03 -3.000000e-03
      vertex   -6.878680e-03 -7.878680e-03 -3.000000e-03
    endloop
  endfacet
  facet normal -0.000000e+00 0.000000e+00 1.000000e+00
    outer loop
      vertex   -1.112132e-02 -7.878680e-03 -3.000000e-03
      vertex   -6.878680e-03 -7.878680e-03 -3.000000e-03
      vertex   -1.050000e-02 -7.401924e-03 -3.000000e-03
    endloop
  endfacet
  facet normal 0.000000e+00 0.000000e+00 1.000000e+00
    outer loop
      vertex   -1.050000e-02 -7.401924e-03 -3.000000e-03
      vertex   -6.878680e-03 -7.878680e-03 -3.000000e-03
      vertex   -7.500000e-03 -7.401924e-03 -3.000000e-03
    endloop
  endfacet
  facet normal -0.000000e+00 0.000000e+00 1.000000e+00
    outer loop
      vertex   -1.050000e-02 -7.401924e-03 -3.000000e-03
      vertex   -7.500000e-03 -7.401924e-03 -3.000000e-03
      vertex   -9.776457e-03 -7.102223e-03 -3.000000e-03
    endloop
  endfacet
  facet normal 0.000000e+00 0.000000e+00 1.000000e+00
    outer loop
      vertex   -9.776457e-03 -7.102223e-03 -3.000000e-03
      vertex   -7.500000e-03 -7.401924e-03 -3.000000e-03
      vertex   -8.223543e-03 -7.102223e-03 -3.000000e-03
    endloop
  endfacet
  facet normal -0.000000e+00 0.000000e+00 1.000000e+00
    outer loop
      vertex   -9.776457e-03 -7.102223e-03 -3.000000e-03
      vertex   -8.223543e-03 -7.102223e-03 -3.000000e-03
      vertex   -9.000000e-03 -7.000000e-03 -3.000000e-03
    endloop
  endfacet
  facet normal -7.933533e-01 6.087614e-01 -1.099181e-15
    outer loop
      vertex   -6.878680e-03 -1.212132e-02 -3.000000e-03
      vertex   -6.878680e-03 -1.212132e-02 0.000000e+00
      vertex   -6.401924e-03 -1.150000e-02 -3.000000e-03
    endloop
  endfacet
  facet normal -7.933533e-01 6.087614e-01 -1.146874e-14
    outer loop
      vertex   -6.401924e-03 -1.150000e-02 -3.000000e-03
      vertex   -6.878680e-03 -1.212132e-02 0.000000e+00
      vertex   -6.401924e-03 -1.150000e-02 0.000000e+00
    endloop
  endfacet
  facet normal -9.238795e-01 3.826834e-01 -1.335563e-14
    outer loop
      vertex   -6.401924e-03 -1.150000e-02 -3.000000e-03
      vertex   -6.401924e-03 -1.150000e-02 0.000000e+00
      vertex   -6.102223e-03 -1.077646e-02 0.000000e+00
    endloop
  endfacet
  facet normal -6.087614e-01 7.933533e-01 2.884209e-16
    outer loop
      vertex   -6.878680e-03 -1.212132e-02 0.000000e+00
      vertex   -6.878680e-03 -1.212132e-02 -3.000000e-03
      vertex   -7.500000e-03 -1.259808e-02 0.000000e+00
    endloop
  endfacet
  facet normal -6.087614e-01 7.933533e-01 -6.983450e-16
    outer loop
      vertex   -7.500000e-03 -1.259808e-02 0.000000e+00
      vertex   -6.878680e-03 -1.212132e-02 -3.000000e-03
      vertex   -7.500000e-03 -1.259808e-02 -3.000000e-03
    endloop
  endfacet
  facet normal -3.826834e-01 9.238795e-01 7.902177e-16
    outer loop
      vertex   -7.500000e-03 -1.259808e-02 0.000000e+00
      vertex   -7.500000e-03 -1.259808e-02 -3.000000e-03
      vertex   -8.223543e-03 -1.289778e-02 0.000000e+00
    endloop
  endfacet
  facet normal -3.826834e-01 9.238795e-01 5.369233e-17
    outer loop
      vertex   -8.223543e-03 -1.289778e-02 0.000000e+00
      vertex   -7.500000e-03 -1.259808e-02 -3.000000e-03
      vertex   -8.223543e-03 -1.289778e-02 -3.000000e-03
    endloop
  endfacet
  facet normal -1.305262e-01 9.914449e-01 1.191553e-15
    outer loop
      vertex   -8.223543e-03 -1.289778e-02 0.000000e+00
      vertex   -8.223543e-03 -1.289778e-02 -3.000000e-03
      vertex   -9.000000e-03 -1.300000e-02 0.000000e+00
    endloop
  endfacet
  facet normal -1.305262e-01 9.914449e-01 -6.038049e-16
    outer loop
      vertex   -9.000000e-03 -1.300000e-02 0.000000e+00
      vertex   -8.223543e-03 -1.289778e-02 -3.000000e-03
      vertex   -9.000000e-03 -1.300000e-02 -3.000000e-03
    endloop
  endfacet
  facet normal 1.305262e-01 9.914449e-01 6.038049e-16
    outer loop
      vertex   -9.000000e-03 -1.300000e-02 0.000000e+00
      vertex   -9.000000e-03 -1.300000e-02 -3.000000e-03
      vertex   -9.776457e-03 -1.289778e-02 0.000000e+00
    endloop
  endfacet
  facet normal 1.305262e-01 9.914449e-01 -1.204405e-16
    outer loop
      vertex   -9.776457e-03 -1.289778e-02 0.000000e+00
      vertex   -9.000000e-03 -1.300000e-02 -3.000000e-03
      vertex   -9.776457e-03 -1.289778e-02 -3.000000e-03
    endloop
  endfacet
  facet normal 3.826834e-01 9.238795e-01 7.934747e-16
    outer loop
      vertex   -9.776457e-03 -1.289778e-02 0.000000e+00
      vertex   -9.776457e-03 -1.289778e-02 -3.000000e-03
      vertex   -1.050000e-02 -1.259808e-02 0.000000e+00
    endloop
  endfacet
  facet normal 3.826834e-01 9.238795e-01 3.509081e-16
    outer loop
      vertex   -1.050000e-02 -1.259808e-02 0.000000e+00
      vertex   -9.776457e-03 -1.289778e-02 -3.000000e-03
      vertex   -1.050000e-02 -1.259808e-02 -3.000000e-03
    endloop
  endfacet
  facet normal 6.087614e-01 7.933533e-01 9.492941e-16
    outer loop
      vertex   -1.050000e-02 -1.259808e-02 0.000000e+00
      vertex   -1.050000e-02 -1.259808e-02 -3.000000e-03
      vertex   -1.112132e-02 -1.212132e-02 0.000000e+00
    endloop
  endfacet
  facet normal 6.087614e-01 7.933533e-01 1.385336e-16
    outer loop
      vertex   -1.112132e-02 -1.212132e-02 0.000000e+00
      vertex   -1.050000e-02 -1.259808e-02 -3.000000e-03
      vertex   -1.112132e-02 -1.212132e-02 -3.000000e-03
    endloop
  endfacet
  facet normal 7.933533e-01 6.087614e-01 6.722268e-16
    outer loop
      vertex   -1.112132e-02 -1.212132e-02 0.000000e+00
      vertex   -1.112132e-02 -1.212132e-02 -3.000000e-03
      vertex   -1.159808e-02 -1.150000e-02 0.000000e+00
    endloop
  endfacet
  facet normal 7.933533e-01 6.087614e-01 3.563258e-15
    outer loop
      vertex   -1.159808e-02 -1.150000e-02 0.000000e+00
      vertex   -1.112132e-02 -1.212132e-02 -3.000000e-03
      vertex   -1.159808e-02 -1.150000e-02 -3.000000e-03
    endloop
  endfacet
  facet normal 9.238795e-01 3.826834e-01 3.960860e-15
    outer loop
      vertex   -1.159808e-02 -1.150000e-02 0.000000e+00
      vertex   -1.159808e-02 -1.150000e-02 -3.000000e-03
      vertex   -1.189778e-02 -1.077646e-02 0.000000e+00
    endloop
  endfacet
  facet normal 9.238795e-01 3.826834e-01 0.000000e+00
    outer loop
      vertex   -1.189778e-02 -1.077646e-02 0.000000e+00
      vertex   -1.159808e-02 -1.150000e-02 -3.000000e-03
      vertex   -1.189778e-02 -1.077646e-02 -3.200000e-03
    endloop
  endfacet
  facet normal 9.914449e-01 1.305262e-01 0.000000e+00
    outer loop
      vertex   -1.189778e-02 -1.077646e-02 0.000000e+00
      vertex   -1.189778e-02 -1.077646e-02 -3.200000e-03
      vertex   -1.200000e-02 -1.000000e-02 0.000000e+00
    endloop
  endfacet
  facet normal 9.914449e-01 1.305262e-01 0.000000e+00
    outer loop
      vertex   -1.200000e-02 -1.000000e-02 0.000000e+00
      vertex   -1.189778e-02 -1.077646e-02 -3.200000e-03
      vertex   -1.200000e-02 -1.000000e-02 -3.200000e-03
    endloop
  endfacet
  facet normal 9.914449e-01 -1.305262e-01 0.000000e+00
    outer loop
      vertex   -1.200000e-02 -1.000000e-02 0.000000e+00
      vertex   -1.200000e-02 -1.000000e-02 -3.200000e-03
      vertex   -1.189778e-02 -9.223543e-03 0.000000e+00
    endloop
  endfacet
  facet normal 9.914449e-01 -1.305262e-01 -1.415168e-16
    outer loop
      vertex   -1.189778e-02 -9.223543e-03 0.000000e+00
      vertex   -1.200000e-02 -1.000000e-02 -3.200000e-03
      vertex   -1.189778e-02 -9.223543e-03 -3.200000e-03
    endloop
  endfacet
  facet normal 9.238795e-01 -3.826834e-01 -4.149062e-16
    outer loop
      vertex   -1.189778e-02 -9.223543e-03 0.000000e+00
      vertex   -1.189778e-02 -9.223543e-03 -3.200000e-03
      vertex   -1.159808e-02 -8.500000e-03 -3.000000e-03
    endloop
  endfacet
  facet normal 9.238795e-01 -3.826834e-01 0.000000e+00
    outer loop
      vertex   -1.159808e-02 -8.500000e-03 -3.000000e-03
      vertex   -1.189778e-02 -9.223543e-03 -3.200000e-03
      vertex   -1.159808e-02 -8.500000e-03 -3.200000e-03
    endloop
  endfacet
  facet normal 9.238795e-01 3.826834e-01 0.000000e+00
    outer loop
      vertex   -1.159808e-02 -1.150000e-02 -3.000000e-03
      vertex   -1.159808e-02 -1.150000e-02 -3.200000e-03
      vertex   -1.189778e-02 -1.077646e-02 -3.200000e-03
    endloop
  endfacet
  facet normal 7.933533e-01 -6.087614e-01 3.202159e-16
    outer loop
      vertex   -1.112132e-02 -7.878680e-03 -3.000000e-03
      vertex   -1.112132e-02 -7.878680e-03 0.000000e+00
      vertex   -1.159808e-02 -8.500000e-03 -3.000000e-03
    endloop
  endfacet
  facet normal 7.933533e-01 -6.087614e-01 3.211247e-15
    outer loop
      vertex   -1.159808e-02 -8.500000e-03 -3.000000e-03
      vertex   -1.112132e-02 -7.878680e-03 0.000000e+00
      vertex   -1.159808e-02 -8.500000e-03 0.000000e+00
    endloop
  endfacet
  facet normal 9.238795e-01 -3.826834e-01 3.739576e-15
    outer loop
      vertex   -1.159808e-02 -8.500000e-03 -3.000000e-03
      vertex   -1.159808e-02 -8.500000e-03 0.000000e+00
      vertex   -1.189778e-02 -9.223543e-03 0.000000e+00
    endloop
  endfacet
  facet normal 6.087614e-01 -7.933533e-01 -3.202159e-16
    outer loop
      vertex   -1.112132e-02 -7.878680e-03 0.000000e+00
      vertex   -1.112132e-02 -7.878680e-03 -3.000000e-03
      vertex   -1.050000e-02 -7.401924e-03 0.000000e+00
    endloop
  endfacet
  facet normal 6.087614e-01 -7.933533e-01 1.544311e-16
    outer loop
      vertex   -1.050000e-02 -7.401924e-03 0.000000e+00
      vertex   -1.112132e-02 -7.878680e-03 -3.000000e-03
      vertex   -1.050000e-02 -7.401924e-03 -3.000000e-03
    endloop
  endfacet
  facet normal 3.826834e-01 -9.238795e-01 -7.633715e-16
    outer loop
      vertex   -1.050000e-02 -7.401924e-03 0.000000e+00
      vertex   -1.050000e-02 -7.401924e-03 -3.000000e-03
      vertex   -9.776457e-03 -7.102223e-03 0.000000e+00
    endloop
  endfacet
  facet normal 3.826834e-01 -9.238795e-01 9.230995e-16
    outer loop
      vertex   -9.776457e-03 -7.102223e-03 0.000000e+00
      vertex   -1.050000e-02 -7.401924e-03 -3.000000e-03
      vertex   -9.776457e-03 -7.102223e-03 -3.000000e-03
    endloop
  endfacet
  facet normal 1.305262e-01 -9.914449e-01 -4.673079e-16
    outer loop
      vertex   -9.776457e-03 -7.102223e-03 0.000000e+00
      vertex   -9.776457e-03 -7.102223e-03 -3.000000e-03
      vertex   -9.000000e-03 -7.000000e-03 0.000000e+00
    endloop
  endfacet
  facet normal 1.305262e-01 -9.914449e-01 7.547562e-16
    outer loop
      vertex   -9.000000e-03 -7.000000e-03 0.000000e+00
      vertex   -9.776457e-03 -7.102223e-03 -3.000000e-03
      vertex   -9.000000e-03 -7.000000e-03 -3.000000e-03
    endloop
  endfacet
  facet normal -1.305262e-01 -9.914449e-01 -7.547562e-16
    outer loop
      vertex   -9.000000e-03 -7.000000e-03 0.000000e+00
      vertex   -9.000000e-03 -7.000000e-03 -3.000000e-03
      vertex   -8.223543e-03 -7.102223e-03 0.000000e+00
    endloop
  endfacet
  facet normal -1.305262e-01 -9.914449e-01 1.100822e-15
    outer loop
      vertex   -8.223543e-03 -7.102223e-03 0.000000e+00
      vertex   -9.000000e-03 -7.000000e-03 -3.000000e-03
      vertex   -8.223543e-03 -7.102223e-03 -3.000000e-03
    endloop
  endfacet
  facet normal -3.826834e-01 -9.238795e-01 -7.856116e-16
    outer loop
      vertex   -8.223543e-03 -7.102223e-03 0.000000e+00
      vertex   -8.223543e-03 -7.102223e-03 -3.000000e-03
      vertex   -7.500000e-03 -7.401924e-03 0.000000e+00
    endloop
  endfacet
  facet normal -3.826834e-01 -9.238795e-01 1.084176e-15
    outer loop
      vertex   -7.500000e-03 -7.401924e-03 0.000000e+00
      vertex   -8.223543e-03 -7.102223e-03 -3.000000e-03
      vertex   -7.500000e-03 -7.401924e-03 -3.000000e-03
    endloop
  endfacet
  facet normal -6.087614e-01 -7.933533e-01 -1.012884e-15
    outer loop
      vertex   -7.500000e-03 -7.401924e-03 0.000000e+00
      vertex   -7.500000e-03 -7.401924e-03 -3.000000e-03
      vertex   -6.878680e-03 -7.878680e-03 0.000000e+00
    endloop
  endfacet
  facet normal -6.087614e-01 -7.933533e-01 1.350131e-15
    outer loop
      vertex   -6.878680e-03 -7.878680e-03 0.000000e+00
      vertex   -7.500000e-03 -7.401924e-03 -3.000000e-03
      vertex   -6.878680e-03 -7.878680e-03 -3.000000e-03
    endloop
  endfacet
  facet normal -7.933533e-01 -6.087614e-01 -9.447503e-16
    outer loop
      vertex   -6.878680e-03 -7.878680e-03 0.000000e+00
      vertex   -6.878680e-03 -7.878680e-03 -3.000000e-03
      vertex   -6.401924e-03 -8.500000e-03 0.000000e+00
    endloop
  endfacet
  facet normal -7.933533e-01 -6.087614e-01 -1.386923e-14
    outer loop
      vertex   -6.401924e-03 -8.500000e-03 0.000000e+00
      vertex   -6.878680e-03 -7.878680e-03 -3.000000e-03
      vertex   -6.401924e-03 -8.500000e-03 -3.000000e-03
    endloop
  endfacet
  facet normal -9.238795e-01 -3.826834e-01 -1.633970e-14
    outer loop
      vertex   -6.401924e-03 -8.500000e-03 0.000000e+00
      vertex   -6.401924e-03 -8.500000e-03 -3.000000e-03
      vertex   -6.102223e-03 -9.223543e-03 0.000000e+00
    endloop
  endfacet
  facet normal -9.238795e-01 -3.826834e-01 6.149877e-16
    outer loop
      vertex   -6.102223e-03 -9.223543e-03 0.000000e+00
      vertex   -6.401924e-03 -8.500000e-03 -3.000000e-03
      vertex   -6.102223e-03 -9.223543e-03 -3.200000e-03
    endloop
  endfacet
  facet normal -9.914449e-01 -1.305262e-01 -7.068328e-16
    outer loop
      vertex   -6.102223e-03 -9.223543e-03 0.000000e+00
      vertex   -6.102223e-03 -9.223543e-03 -3.200000e-03
      vertex   -6.000000e-03 -1.000000e-02 0.000000e+00
    endloop
  endfacet
  facet normal -9.914449e-01 -1.305262e-01 7.075839e-17
    outer loop
      vertex   -6.000000e-03 -1.000000e-02 0.000000e+00
      vertex   -6.102223e-03 -9.223543e-03 -3.200000e-03
      vertex   -6.000000e-03 -1.000000e-02 -3.200000e-03
    endloop
  endfacet
  facet normal -9.914449e-01 1.305262e-01 -7.075839e-17
    outer loop
      vertex   -6.000000e-03 -1.000000e-02 0.000000e+00
      vertex   -6.000000e-03 -1.000000e-02 -3.200000e-03
      vertex   -6.102223e-03 -1.077646e-02 0.000000e+00
    endloop
  endfacet
  facet normal -9.914449e-01 1.305262e-01 -2.544298e-16
    outer loop
      vertex   -6.102223e-03 -1.077646e-02 0.000000e+00
      vertex   -6.000000e-03 -1.000000e-02 -3.200000e-03
      vertex   -6.102223e-03 -1.077646e-02 -3.200000e-03
    endloop
  endfacet
  facet normal -9.238795e-01 3.826834e-01 3.289763e-16
    outer loop
      vertex   -6.102223e-03 -1.077646e-02 0.000000e+00
      vertex   -6.102223e-03 -1.077646e-02 -3.200000e-03
      vertex   -6.401924e-03 -1.150000e-02 -3.000000e-03
    endloop
  endfacet
  facet normal -9.238795e-01 3.826834e-01 0.000000e+00
    outer loop
      vertex   -6.401924e-03 -1.150000e-02 -3.000000e-03
      vertex   -6.102223e-03 -1.077646e-02 -3.200000e-03
      vertex   -6.401924e-03 -1.150000e-02 -3.200000e-03
    endloop
  endfacet
  facet normal -9.238795e-01 -3.826834e-01 -0.000000e+00
    outer loop
      vertex   -6.401924e-03 -8.500000e-03 -3.000000e-03
      vertex   -6.401924e-03 -8.500000e-03 -3.200000e-03
      vertex   -6.102223e-03 -9.223543e-03 -3.200000e-03
    endloop
  endfacet
  facet normal -7.933533e-01 6.087614e-01 4.067422e-15
    outer loop
      vertex   -1.418787e-01 -1.212132e-02 -3.000000e-03
      vertex   -1.418787e-01 -1.212132e-02 0.000000e+00
      vertex   -1.414019e-01 -1.150000e-02 -3.000000e-03
    endloop
  endfacet
  facet normal -7.933533e-01 6.087614e-01 8.807991e-14
    outer loop
      vertex   -1.414019e-01 -1.150000e-02 -3.000000e-03
      vertex   -1.418787e-01 -1.212132e-02 0.000000e+00
      vertex   -1.414019e-01 -1.150000e-02 0.000000e+00
    endloop
  endfacet
  facet normal -9.238795e-01 3.826834e-01 1.025712e-13
    outer loop
      vertex   -1.414019e-01 -1.150000e-02 -3.000000e-03
      vertex   -1.414019e-01 -1.150000e-02 0.000000e+00
      vertex   -1.411022e-01 -1.077646e-02 0.000000e+00
    endloop
  endfacet
  facet normal -6.087614e-01 7.933533e-01 -6.499703e-15
    outer loop
      vertex   -1.418787e-01 -1.212132e-02 0.000000e+00
      vertex   -1.418787e-01 -1.212132e-02 -3.000000e-03
      vertex   -1.425000e-01 -1.259808e-02 0.000000e+00
    endloop
  endfacet
  facet normal -6.087614e-01 7.933533e-01 -2.043896e-16
    outer loop
      vertex   -1.425000e-01 -1.259808e-02 0.000000e+00
      vertex   -1.418787e-01 -1.212132e-02 -3.000000e-03
      vertex   -1.425000e-01 -1.259808e-02 -3.000000e-03
    endloop
  endfacet
  facet normal -3.826834e-01 9.238795e-01 -6.274563e-15
    outer loop
      vertex   -1.425000e-01 -1.259808e-02 0.000000e+00
      vertex   -1.425000e-01 -1.259808e-02 -3.000000e-03
      vertex   -1.432235e-01 -1.289778e-02 0.000000e+00
    endloop
  endfacet
  facet normal -3.826834e-01 9.238795e-01 3.875715e-15
    outer loop
      vertex   -1.432235e-01 -1.289778e-02 0.000000e+00
      vertex   -1.425000e-01 -1.259808e-02 -3.000000e-03
      vertex   -1.432235e-01 -1.289778e-02 -3.000000e-03
    endloop
  endfacet
  facet normal -1.305262e-01 9.914449e-01 -1.024546e-15
    outer loop
      vertex   -1.432235e-01 -1.289778e-02 0.000000e+00
      vertex   -1.432235e-01 -1.289778e-02 -3.000000e-03
      vertex   -1.440000e-01 -1.300000e-02 0.000000e+00
    endloop
  endfacet
  facet normal -1.305262e-01 9.914449e-01 0.000000e+00
    outer loop
      vertex   -1.440000e-01 -1.300000e-02 0.000000e+00
      vertex   -1.432235e-01 -1.289778e-02 -3.000000e-03
      vertex   -1.440000e-01 -1.300000e-02 -3.000000e-03
    endloop
  endfacet
  facet normal 1.305262e-01 9.914449e-01 0.000000e+00
    outer loop
      vertex   -1.440000e-01 -1.300000e-02 0.000000e+00
      vertex   -1.440000e-01 -1.300000e-02 -3.000000e-03
      vertex   -1.447765e-01 -1.289778e-02 0.000000e+00
    endloop
  endfacet
  facet normal 1.305262e-01 9.914449e-01 1.220428e-16
    outer loop
      vertex   -1.447765e-01 -1.289778e-02 0.000000e+00
      vertex   -1.440000e-01 -1.300000e-02 -3.000000e-03
      vertex   -1.447765e-01 -1.289778e-02 -3.000000e-03
    endloop
  endfacet
  facet normal 3.826834e-01 9.238795e-01 4.944165e-15
    outer loop
      vertex   -1.447765e-01 -1.289778e-02 0.000000e+00
      vertex   -1.447765e-01 -1.289778e-02 -3.000000e-03
      vertex   -1.455000e-01 -1.259808e-02 0.000000e+00
    endloop
  endfacet
  facet normal 3.826834e-01 9.238795e-01 -3.069212e-15
    outer loop
      vertex   -1.455000e-01 -1.259808e-02 0.000000e+00
      vertex   -1.447765e-01 -1.289778e-02 -3.000000e-03
      vertex   -1.455000e-01 -1.259808e-02 -3.000000e-03
    endloop
  endfacet
  facet normal 6.087614e-01 7.933533e-01 2.548108e-15
    outer loop
      vertex   -1.455000e-01 -1.259808e-02 0.000000e+00
      vertex   -1.455000e-01 -1.259808e-02 -3.000000e-03
      vertex   -1.461213e-01 -1.212132e-02 0.000000e+00
    endloop
  endfacet
  facet normal 6.087614e-01 7.933533e-01 -8.461882e-15
    outer loop
      vertex   -1.461213e-01 -1.212132e-02 0.000000e+00
      vertex   -1.455000e-01 -1.259808e-02 -3.000000e-03
      vertex   -1.461213e-01 -1.212132e-02 -3.000000e-03
    endloop
  endfacet
  facet normal 7.933533e-01 6.087614e-01 -4.564836e-16
    outer loop
      vertex   -1.461213e-01 -1.212132e-02 0.000000e+00
      vertex   -1.461213e-01 -1.212132e-02 -3.000000e-03
      vertex   -1.465981e-01 -1.150000e-02 0.000000e+00
    endloop
  endfacet
  facet normal 7.933533e-01 6.087614e-01 8.109193e-14
    outer loop
      vertex   -1.465981e-01 -1.150000e-02 0.000000e+00
      vertex   -1.461213e-01 -1.212132e-02 -3.000000e-03
      vertex   -1.465981e-01 -1.150000e-02 -3.000000e-03
    endloop
  endfacet
  facet normal 9.238795e-01 3.826834e-01 9.424491e-14
    outer loop
      vertex   -1.465981e-01 -1.150000e-02 0.000000e+00
      vertex   -1.465981e-01 -1.150000e-02 -3.000000e-03
      vertex   -1.468978e-01 -1.077646e-02 0.000000e+00
    endloop
  endfacet
  facet normal 9.238795e-01 3.826834e-01 9.180803e-15
    outer loop
      vertex   -1.468978e-01 -1.077646e-02 0.000000e+00
      vertex   -1.465981e-01 -1.150000e-02 -3.000000e-03
      vertex   -1.468978e-01 -1.077646e-02 -3.200000e-03
    endloop
  endfacet
  facet normal 9.914449e-01 1.305262e-01 1.486380e-14
    outer loop
      vertex   -1.468978e-01 -1.077646e-02 0.000000e+00
      vertex   -1.468978e-01 -1.077646e-02 -3.200000e-03
      vertex   -1.470000e-01 -1.000000e-02 0.000000e+00
    endloop
  endfacet
  facet normal 9.914449e-01 1.305262e-01 1.719883e-14
    outer loop
      vertex   -1.470000e-01 -1.000000e-02 0.000000e+00
      vertex   -1.468978e-01 -1.077646e-02 -3.200000e-03
      vertex   -1.470000e-01 -1.000000e-02 -3.200000e-03
    endloop
  endfacet
  facet normal 9.914449e-01 -1.305262e-01 1.719883e-14
    outer loop
      vertex   -1.470000e-01 -1.000000e-02 0.000000e+00
      vertex   -1.470000e-01 -1.000000e-02 -3.200000e-03
      vertex   -1.468978e-01 -9.223543e-03 0.000000e+00
    endloop
  endfacet
  facet normal 9.914449e-01 -1.305262e-01 1.472228e-14
    outer loop
      vertex   -1.468978e-01 -9.223543e-03 0.000000e+00
      vertex   -1.470000e-01 -1.000000e-02 -3.200000e-03
      vertex   -1.468978e-01 -9.223543e-03 -3.200000e-03
    endloop
  endfacet
  facet normal 9.238795e-01 -3.826834e-01 8.765896e-15
    outer loop
      vertex   -1.468978e-01 -9.223543e-03 0.000000e+00
      vertex   -1.468978e-01 -9.223543e-03 -3.200000e-03
      vertex   -1.465981e-01 -8.500000e-03 -3.000000e-03
    endloop
  endfacet
  facet normal 9.238795e-01 -3.826834e-01 0.000000e+00
    outer loop
      vertex   -1.465981e-01 -8.500000e-03 -3.000000e-03
      vertex   -1.468978e-01 -9.223543e-03 -3.200000e-03
      vertex   -1.465981e-01 -8.500000e-03 -3.200000e-03
    endloop
  endfacet
  facet normal 9.238795e-01 3.826834e-01 0.000000e+00
    outer loop
      vertex   -1.465981e-01 -1.150000e-02 -3.000000e-03
      vertex   -1.465981e-01 -1.150000e-02 -3.200000e-03
      vertex   -1.468978e-01 -1.077646e-02 -3.200000e-03
    endloop
  endfacet
  facet normal 7.933533e-01 -6.087614e-01 -4.564836e-16
    outer loop
      vertex   -1.461213e-01 -7.878680e-03 -3.000000e-03
      vertex   -1.461213e-01 -7.878680e-03 0.000000e+00
      vertex   -1.465981e-01 -8.500000e-03 -3.000000e-03
    endloop
  endfacet
  facet normal 7.933533e-01 -6.087614e-01 8.073992e-14
    outer loop
      vertex   -1.465981e-01 -8.500000e-03 -3.000000e-03
      vertex   -1.461213e-01 -7.878680e-03 0.000000e+00
      vertex   -1.465981e-01 -8.500000e-03 0.000000e+00
    endloop
  endfacet
  facet normal 9.238795e-01 -3.826834e-01 9.402363e-14
    outer loop
      vertex   -1.465981e-01 -8.500000e-03 -3.000000e-03
      vertex   -1.465981e-01 -8.500000e-03 0.000000e+00
      vertex   -1.468978e-01 -9.223543e-03 0.000000e+00
    endloop
  endfacet
  facet normal 6.087614e-01 -7.933533e-01 -8.461882e-15
    outer loop
      vertex   -1.461213e-01 -7.878680e-03 0.000000e+00
      vertex   -1.461213e-01 -7.878680e-03 -3.000000e-03
      vertex   -1.455000e-01 -7.401924e-03 0.000000e+00
    endloop
  endfacet
  facet normal 6.087614e-01 -7.933533e-01 1.859983e-15
    outer loop
      vertex   -1.455000e-01 -7.401924e-03 0.000000e+00
      vertex   -1.461213e-01 -7.878680e-03 -3.000000e-03
      vertex   -1.455000e-01 -7.401924e-03 -3.000000e-03
    endloop
  endfacet
  facet normal 3.826834e-01 -9.238795e-01 -3.870550e-15
    outer loop
      vertex   -1.455000e-01 -7.401924e-03 0.000000e+00
      vertex   -1.455000e-01 -7.401924e-03 -3.000000e-03
      vertex   -1.447765e-01 -7.102223e-03 0.000000e+00
    endloop
  endfacet
  facet normal 3.826834e-01 -9.238795e-01 4.944165e-15
    outer loop
      vertex   -1.447765e-01 -7.102223e-03 0.000000e+00
      vertex   -1.455000e-01 -7.401924e-03 -3.000000e-03
      vertex   -1.447765e-01 -7.102223e-03 -3.000000e-03
    endloop
  endfacet
  facet normal 1.305262e-01 -9.914449e-01 1.220428e-16
    outer loop
      vertex   -1.447765e-01 -7.102223e-03 0.000000e+00
      vertex   -1.447765e-01 -7.102223e-03 -3.000000e-03
      vertex   -1.440000e-01 -7.000000e-03 0.000000e+00
    endloop
  endfacet
  facet normal 1.305262e-01 -9.914449e-01 0.000000e+00
    outer loop
      vertex   -1.440000e-01 -7.000000e-03 0.000000e+00
      vertex   -1.447765e-01 -7.102223e-03 -3.000000e-03
      vertex   -1.440000e-01 -7.000000e-03 -3.000000e-03
    endloop
  endfacet
  facet normal -1.305262e-01 -9.914449e-01 -0.000000e+00
    outer loop
      vertex   -1.440000e-01 -7.000000e-03 0.000000e+00
      vertex   -1.440000e-01 -7.000000e-03 -3.000000e-03
      vertex   -1.432235e-01 -7.102223e-03 0.000000e+00
    endloop
  endfacet
  facet normal -1.305262e-01 -9.914449e-01 -1.311193e-15
    outer loop
      vertex   -1.432235e-01 -7.102223e-03 0.000000e+00
      vertex   -1.440000e-01 -7.000000e-03 -3.000000e-03
      vertex   -1.432235e-01 -7.102223e-03 -3.000000e-03
    endloop
  endfacet
  facet normal -3.826834e-01 -9.238795e-01 3.608602e-15
    outer loop
      vertex   -1.432235e-01 -7.102223e-03 0.000000e+00
      vertex   -1.432235e-01 -7.102223e-03 -3.000000e-03
      vertex   -1.425000e-01 -7.401924e-03 0.000000e+00
    endloop
  endfacet
  facet normal -3.826834e-01 -9.238795e-01 -5.473226e-15
    outer loop
      vertex   -1.425000e-01 -7.401924e-03 0.000000e+00
      vertex   -1.432235e-01 -7.102223e-03 -3.000000e-03
      vertex   -1.425000e-01 -7.401924e-03 -3.000000e-03
    endloop
  endfacet
  facet normal -6.087614e-01 -7.933533e-01 4.837347e-16
    outer loop
      vertex   -1.425000e-01 -7.401924e-03 0.000000e+00
      vertex   -1.425000e-01 -7.401924e-03 -3.000000e-03
      vertex   -1.418787e-01 -7.878680e-03 0.000000e+00
    endloop
  endfacet
  facet normal -6.087614e-01 -7.933533e-01 -5.582204e-15
    outer loop
      vertex   -1.418787e-01 -7.878680e-03 0.000000e+00
      vertex   -1.425000e-01 -7.401924e-03 -3.000000e-03
      vertex   -1.418787e-01 -7.878680e-03 -3.000000e-03
    endloop
  endfacet
  facet normal -7.933533e-01 -6.087614e-01 4.771444e-15
    outer loop
      vertex   -1.418787e-01 -7.878680e-03 0.000000e+00
      vertex   -1.418787e-01 -7.878680e-03 -3.000000e-03
      vertex   -1.414019e-01 -8.500000e-03 0.000000e+00
    endloop
  endfacet
  facet normal -7.933533e-01 -6.087614e-01 8.843193e-14
    outer loop
      vertex   -1.414019e-01 -8.500000e-03 0.000000e+00
      vertex   -1.418787e-01 -7.878680e-03 -3.000000e-03
      vertex   -1.414019e-01 -8.500000e-03 -3.000000e-03
    endloop
  endfacet
  facet normal -9.238795e-01 -3.826834e-01 1.027925e-13
    outer loop
      vertex   -1.414019e-01 -8.500000e-03 0.000000e+00
      vertex   -1.414019e-01 -8.500000e-03 -3.000000e-03
      vertex   -1.411022e-01 -9.223543e-03 0.000000e+00
    endloop
  endfacet
  facet normal -9.238795e-01 -3.826834e-01 -1.900839e-14
    outer loop
      vertex   -1.411022e-01 -9.223543e-03 0.000000e+00
      vertex   -1.414019e-01 -8.500000e-03 -3.000000e-03
      vertex   -1.411022e-01 -9.223543e-03 -3.200000e-03
    endloop
  endfacet
  facet normal -9.914449e-01 -1.305262e-01 -1.234961e-14
    outer loop
      vertex   -1.411022e-01 -9.223543e-03 0.000000e+00
      vertex   -1.411022e-01 -9.223543e-03 -3.200000e-03
      vertex   -1.410000e-01 -1.000000e-02 0.000000e+00
    endloop
  endfacet
  facet normal -9.914449e-01 -1.305262e-01 -1.719883e-14
    outer loop
      vertex   -1.410000e-01 -1.000000e-02 0.000000e+00
      vertex   -1.411022e-01 -9.223543e-03 -3.200000e-03
      vertex   -1.410000e-01 -1.000000e-02 -3.200000e-03
    endloop
  endfacet
  facet normal -9.914449e-01 1.305262e-01 -1.719883e-14
    outer loop
      vertex   -1.410000e-01 -1.000000e-02 0.000000e+00
      vertex   -1.410000e-01 -1.000000e-02 -3.200000e-03
      vertex   -1.411022e-01 -1.077646e-02 0.000000e+00
    endloop
  endfacet
  facet normal -9.914449e-01 1.305262e-01 -1.249112e-14
    outer loop
      vertex   -1.411022e-01 -1.077646e-02 0.000000e+00
      vertex   -1.410000e-01 -1.000000e-02 -3.200000e-03
      vertex   -1.411022e-01 -1.077646e-02 -3.200000e-03
    endloop
  endfacet
  facet normal -9.238795e-01 3.826834e-01 -1.942330e-14
    outer loop
      vertex   -1.411022e-01 -1.077646e-02 0.000000e+00
      vertex   -1.411022e-01 -1.077646e-02 -3.200000e-03
      vertex   -1.414019e-01 -1.150000e-02 -3.000000e-03
    endloop
  endfacet
  facet normal -9.238795e-01 3.826834e-01 0.000000e+00
    outer loop
      vertex   -1.414019e-01 -1.150000e-02 -3.000000e-03
      vertex   -1.411022e-01 -1.077646e-02 -3.200000e-03
      vertex   -1.414019e-01 -1.150000e-02 -3.200000e-03
    endloop
  endfacet
  facet normal -9.238795e-01 -3.826834e-01 -0.000000e+00
    outer loop
      vertex   -1.414019e-01 -8.500000e-03 -3.000000e-03
      vertex   -1.414019e-01 -8.500000e-03 -3.200000e-03
      vertex   -1.411022e-01 -9.223543e-03 -3.200000e-03
    endloop
  endfacet
  facet normal 1.000000e+00 0.000000e+00 -0.000000e+00
    outer loop
      vertex   8.500000e-03 2.257496e-02 -3.400000e-03
      vertex   8.500000e-03 2.257496e-02 -3.200000e-03
      vertex   8.500000e-03 2.000000e-02 -3.400000e-03
    endloop
  endfacet
  facet normal 1.000000e+00 0.000000e+00 -0.000000e+00
    outer loop
      vertex   8.500000e-03 2.000000e-02 -3.400000e-03
      vertex   8.500000e-03 2.257496e-02 -3.200000e-03
      vertex   8.500000e-03 1.742504e-02 -3.200000e-03
    endloop
  endfacet
  facet normal 1.000000e+00 0.000000e+00 0.000000e+00
    outer loop
      vertex   8.500000e-03 2.000000e-02 -3.400000e-03
      vertex   8.500000e-03 1.742504e-02 -3.200000e-03
      vertex   8.500000e-03 1.742504e-02 -3.400000e-03
    endloop
  endfacet
  facet normal -1.000000e+00 0.000000e+00 0.000000e+00
    outer loop
      vertex   1.150000e-02 1.742504e-02 -3.400000e-03
      vertex   1.150000e-02 1.742504e-02 -3.200000e-03
      vertex   1.150000e-02 2.000000e-02 -3.400000e-03
    endloop
  endfacet
  facet normal -1.000000e+00 0.000000e+00 0.000000e+00
    outer loop
      vertex   1.150000e-02 2.000000e-02 -3.400000e-03
      vertex   1.150000e-02 1.742504e-02 -3.200000e-03
      vertex   1.150000e-02 2.257496e-02 -3.200000e-03
    endloop
  endfacet
  facet normal -1.000000e+00 0.000000e+00 0.000000e+00
    outer loop
      vertex   1.150000e-02 2.000000e-02 -3.400000e-03
      vertex   1.150000e-02 2.257496e-02 -3.200000e-03
      vertex   1.150000e-02 2.257496e-02 -3.400000e-03
    endloop
  endfacet
  facet normal 0.000000e+00 0.000000e+00 1.000000e+00
    outer loop
      vertex   1.150000e-02 2.000000e-02 -3.400000e-03
      vertex   1.144889e-02 1.961177e-02 -3.400000e-03
      vertex   1.150000e-02 1.742504e-02 -3.400000e-03
    endloop
  endfacet
  facet normal 0.000000e+00 0.000000e+00 1.000000e+00
    outer loop
      vertex   1.150000e-02 1.742504e-02 -3.400000e-03
      vertex   1.144889e-02 1.961177e-02 -3.400000e-03
      vertex   1.129904e-02 1.925000e-02 -3.400000e-03
    endloop
  endfacet
  facet normal 0.000000e+00 0.000000e+00 1.000000e+00
    outer loop
      vertex   1.150000e-02 1.742504e-02 -3.400000e-03
      vertex   1.129904e-02 1.925000e-02 -3.400000e-03
      vertex   1.106066e-02 1.893934e-02 -3.400000e-03
    endloop
  endfacet
  facet normal 0.000000e+00 0.000000e+00 1.000000e+00
    outer loop
      vertex   1.106066e-02 1.893934e-02 -3.400000e-03
      vertex   1.075000e-02 1.870096e-02 -3.400000e-03
      vertex   1.150000e-02 1.742504e-02 -3.400000e-03
    endloop
  endfacet
  facet normal 0.000000e+00 0.000000e+00 1.000000e+00
    outer loop
      vertex   1.150000e-02 1.742504e-02 -3.400000e-03
      vertex   1.075000e-02 1.870096e-02 -3.400000e-03
      vertex   1.092746e-02 1.716800e-02 -3.400000e-03
    endloop
  endfacet
  facet normal 0.000000e+00 0.000000e+00 1.000000e+00
    outer loop
      vertex   1.092746e-02 1.716800e-02 -3.400000e-03
      vertex   1.075000e-02 1.870096e-02 -3.400000e-03
      vertex   1.038823e-02 1.855111e-02 -3.400000e-03
    endloop
  endfacet
  facet normal 0.000000e+00 0.000000e+00 1.000000e+00
    outer loop
      vertex   1.092746e-02 1.716800e-02 -3.400000e-03
      vertex   1.038823e-02 1.855111e-02 -3.400000e-03
      vertex   1.031379e-02 1.703657e-02 -3.400000e-03
    endloop
  endfacet
  facet normal 0.000000e+00 -0.000000e+00 1.000000e+00
    outer loop
      vertex   1.031379e-02 1.703657e-02 -3.400000e-03
      vertex   1.038823e-02 1.855111e-02 -3.400000e-03
      vertex   1.000000e-02 1.850000e-02 -3.400000e-03
    endloop
  endfacet
  facet normal 0.000000e+00 0.000000e+00 1.000000e+00
    outer loop
      vertex   1.031379e-02 1.703657e-02 -3.400000e-03
      vertex   1.000000e-02 1.850000e-02 -3.400000e-03
      vertex   9.686206e-03 1.703657e-02 -3.400000e-03
    endloop
  endfacet
  facet normal 0.000000e+00 -0.000000e+00 1.000000e+00
    outer loop
      vertex   9.686206e-03 1.703657e-02 -3.400000e-03
      vertex   1.000000e-02 1.850000e-02 -3.400000e-03
      vertex   9.611771e-03 1.855111e-02 -3.400000e-03
    endloop
  endfacet
  facet normal 0.000000e+00 0.000000e+00 1.000000e+00
    outer loop
      vertex   9.686206e-03 1.703657e-02 -3.400000e-03
      vertex   9.611771e-03 1.855111e-02 -3.400000e-03
      vertex   9.072535e-03 1.716800e-02 -3.400000e-03
    endloop
  endfacet
  facet normal 0.000000e+00 0.000000e+00 1.000000e+00
    outer loop
      vertex   9.072535e-03 1.716800e-02 -3.400000e-03
      vertex   9.611771e-03 1.855111e-02 -3.400000e-03
      vertex   9.250000e-03 1.870096e-02 -3.400000e-03
    endloop
  endfacet
  facet normal 0.000000e+00 -0.000000e+00 1.000000e+00
    outer loop
      vertex   9.072535e-03 1.716800e-02 -3.400000e-03
      vertex   9.250000e-03 1.870096e-02 -3.400000e-03
      vertex   8.500000e-03 1.742504e-02 -3.400000e-03
    endloop
  endfacet
  facet normal 0.000000e+00 0.000000e+00 1.000000e+00
    outer loop
      vertex   8.500000e-03 1.742504e-02 -3.400000e-03
      vertex   9.250000e-03 1.870096e-02 -3.400000e-03
      vertex   8.939340e-03 1.893934e-02 -3.400000e-03
    endloop
  endfacet
  facet normal 0.000000e+00 0.000000e+00 1.000000e+00
    outer loop
      vertex   8.500000e-03 1.742504e-02 -3.400000e-03
      vertex   8.939340e-03 1.893934e-02 -3.400000e-03
      vertex   8.700962e-03 1.925000e-02 -3.400000e-03
    endloop
  endfacet
  facet normal 0.000000e+00 0.000000e+00 1.000000e+00
    outer loop
      vertex   8.700962e-03 1.925000e-02 -3.400000e-03
      vertex   8.551111e-03 1.961177e-02 -3.400000e-03
      vertex   8.500000e-03 1.742504e-02 -3.400000e-03
    endloop
  endfacet
  facet normal 0.000000e+00 0.000000e+00 1.000000e+00
    outer loop
      vertex   8.500000e-03 1.742504e-02 -3.400000e-03
      vertex   8.551111e-03 1.961177e-02 -3.400000e-03
      vertex   8.500000e-03 2.000000e-02 -3.400000e-03
    endloop
  endfacet
  facet normal 0.000000e+00 0.000000e+00 1.000000e+00
    outer loop
      vertex   8.500000e-03 2.000000e-02 -3.400000e-03
      vertex   8.551111e-03 2.038823e-02 -3.400000e-03
      vertex   8.500000e-03 2.257496e-02 -3.400000e-03
    endloop
  endfacet
  facet normal 0.000000e+00 0.000000e+00 1.000000e+00
    outer loop
      vertex   8.500000e-03 2.257496e-02 -3.400000e-03
      vertex   8.551111e-03 2.038823e-02 -3.400000e-03
      vertex   8.700962e-03 2.075000e-02 -3.400000e-03
    endloop
  endfacet
  facet normal 0.000000e+00 0.000000e+00 1.000000e+00
    outer loop
      vertex   8.500000e-03 2.257496e-02 -3.400000e-03
      vertex   8.700962e-03 2.075000e-02 -3.400000e-03
      vertex   8.939340e-03 2.106066e-02 -3.400000e-03
    endloop
  endfacet
  facet normal 0.000000e+00 -0.000000e+00 1.000000e+00
    outer loop
      vertex   8.939340e-03 2.106066e-02 -3.400000e-03
      vertex   9.250000e-03 2.129904e-02 -3.400000e-03
      vertex   8.500000e-03 2.257496e-02 -3.400000e-03
    endloop
  endfacet
  facet normal -0.000000e+00 0.000000e+00 1.000000e+00
    outer loop
      vertex   8.500000e-03 2.257496e-02 -3.400000e-03
      vertex   9.250000e-03 2.129904e-02 -3.400000e-03
      vertex   9.072535e-03 2.283200e-02 -3.400000e-03
    endloop
  endfacet
  facet normal 0.000000e+00 0.000000e+00 1.000000e+00
    outer loop
      vertex   9.072535e-03 2.283200e-02 -3.400000e-03
      vertex   9.250000e-03 2.129904e-02 -3.400000e-03
      vertex   9.611771e-03 2.144889e-02 -3.400000e-03
    endloop
  endfacet
  facet normal -0.000000e+00 0.000000e+00 1.000000e+00
    outer loop
      vertex   9.072535e-03 2.283200e-02 -3.400000e-03
      vertex   9.611771e-03 2.144889e-02 -3.400000e-03
      vertex   9.686206e-03 2.296343e-02 -3.400000e-03
    endloop
  endfacet
  facet normal 0.000000e+00 0.000000e+00 1.000000e+00
    outer loop
      vertex   9.686206e-03 2.296343e-02 -3.400000e-03
      vertex   9.611771e-03 2.144889e-02 -3.400000e-03
      vertex   1.000000e-02 2.150000e-02 -3.400000e-03
    endloop
  endfacet
  facet normal -0.000000e+00 0.000000e+00 1.000000e+00
    outer loop
      vertex   9.686206e-03 2.296343e-02 -3.400000e-03
      vertex   1.000000e-02 2.150000e-02 -3.400000e-03
      vertex   1.031379e-02 2.296343e-02 -3.400000e-03
    endloop
  endfacet
  facet normal 0.000000e+00 0.000000e+00 1.000000e+00
    outer loop
      vertex   1.031379e-02 2.296343e-02 -3.400000e-03
      vertex   1.000000e-02 2.150000e-02 -3.400000e-03
      vertex   1.038823e-02 2.144889e-02 -3.400000e-03
    endloop
  endfacet
  facet normal 0.000000e+00 0.000000e+00 1.000000e+00
    outer loop
      vertex   1.031379e-02 2.296343e-02 -3.400000e-03
      vertex   1.038823e-02 2.144889e-02 -3.400000e-03
      vertex   1.092746e-02 2.283200e-02 -3.400000e-03
    endloop
  endfacet
  facet normal 0.000000e+00 0.000000e+00 1.000000e+00
    outer loop
      vertex   1.092746e-02 2.283200e-02 -3.400000e-03
      vertex   1.038823e-02 2.144889e-02 -3.400000e-03
      vertex   1.075000e-02 2.129904e-02 -3.400000e-03
    endloop
  endfacet
  facet normal 0.000000e+00 0.000000e+00 1.000000e+00
    outer loop
      vertex   1.092746e-02 2.283200e-02 -3.400000e-03
      vertex   1.075000e-02 2.129904e-02 -3.400000e-03
      vertex   1.150000e-02 2.257496e-02 -3.400000e-03
    endloop
  endfacet
  facet normal 0.000000e+00 0.000000e+00 1.000000e+00
    outer loop
      vertex   1.150000e-02 2.257496e-02 -3.400000e-03
      vertex   1.075000e-02 2.129904e-02 -3.400000e-03
      vertex   1.106066e-02 2.106066e-02 -3.400000e-03
    endloop
  endfacet
  facet normal 0.000000e+00 0.000000e+00 1.000000e+00
    outer loop
      vertex   1.150000e-02 2.257496e-02 -3.400000e-03
      vertex   1.106066e-02 2.106066e-02 -3.400000e-03
      vertex   1.129904e-02 2.075000e-02 -3.400000e-03
    endloop
  endfacet
  facet normal -0.000000e+00 0.000000e+00 1.000000e+00
    outer loop
      vertex   1.129904e-02 2.075000e-02 -3.400000e-03
      vertex   1.144889e-02 2.038823e-02 -3.400000e-03
      vertex   1.150000e-02 2.257496e-02 -3.400000e-03
    endloop
  endfacet
  facet normal 0.000000e+00 0.000000e+00 1.000000e+00
    outer loop
      vertex   1.150000e-02 2.257496e-02 -3.400000e-03
      vertex   1.144889e-02 2.038823e-02 -3.400000e-03
      vertex   1.150000e-02 2.000000e-02 -3.400000e-03
    endloop
  endfacet
  facet normal 0.000000e+00 1.000000e+00 0.000000e+00
    outer loop
      vertex   -1.125750e-01 -8.500000e-03 -3.200000e-03
      vertex   -1.125750e-01 -8.500000e-03 -3.400000e-03
      vertex   -1.150000e-01 -8.500000e-03 -3.200000e-03
    endloop
  endfacet
  facet normal 0.000000e+00 1.000000e+00 0.000000e+00
    outer loop
      vertex   -1.150000e-01 -8.500000e-03 -3.200000e-03
      vertex   -1.125750e-01 -8.500000e-03 -3.400000e-03
      vertex   -1.150000e-01 -8.500000e-03 -3.400000e-03
    endloop
  endfacet
  facet normal -8.600239e-01 5.102538e-01 0.000000e+00
    outer loop
      vertex   -1.125750e-01 -8.500000e-03 -3.400000e-03
      vertex   -1.125750e-01 -8.500000e-03 -3.200000e-03
      vertex   -1.125506e-01 -8.458985e-03 -3.400000e-03
    endloop
  endfacet
  facet normal -8.600239e-01 5.102538e-01 0.000000e+00
    outer loop
      vertex   -1.125506e-01 -8.458985e-03 -3.400000e-03
      vertex   -1.125750e-01 -8.500000e-03 -3.200000e-03
      vertex   -1.125506e-01 -8.458985e-03 -3.200000e-03
    endloop
  endfacet
  facet normal -8.517481e-01 5.239514e-01 0.000000e+00
    outer loop
      vertex   -1.125506e-01 -8.458985e-03 -3.400000e-03
      vertex   -1.125506e-01 -8.458985e-03 -3.200000e-03
      vertex   -1.125256e-01 -8.418365e-03 -3.400000e-03
    endloop
  endfacet
  facet normal -8.517481e-01 5.239514e-01 0.000000e+00
    outer loop
      vertex   -1.125256e-01 -8.418365e-03 -3.400000e-03
      vertex   -1.125506e-01 -8.458985e-03 -3.200000e-03
      vertex   -1.125256e-01 -8.418365e-03 -3.200000e-03
    endloop
  endfacet
  facet normal -8.432542e-01 5.375149e-01 0.000000e+00
    outer loop
      vertex   -1.125256e-01 -8.418365e-03 -3.400000e-03
      vertex   -1.125256e-01 -8.418365e-03 -3.200000e-03
      vertex   -1.125000e-01 -8.378149e-03 -3.400000e-03
    endloop
  endfacet
  facet normal -8.432542e-01 5.375149e-01 0.000000e+00
    outer loop
      vertex   -1.125000e-01 -8.378149e-03 -3.400000e-03
      vertex   -1.125256e-01 -8.418365e-03 -3.200000e-03
      vertex   -1.125000e-01 -8.378149e-03 -3.200000e-03
    endloop
  endfacet
  facet normal 0.000000e+00 1.000000e+00 0.000000e+00
    outer loop
      vertex   -1.150000e-01 -1.150000e-02 -3.200000e-03
      vertex   -1.150000e-01 -1.150000e-02 -3.400000e-03
      vertex   -1.175750e-01 -1.150000e-02 -3.200000e-03
    endloop
  endfacet
  facet normal 0.000000e+00 1.000000e+00 0.000000e+00
    outer loop
      vertex   -1.175750e-01 -1.150000e-02 -3.200000e-03
      vertex   -1.150000e-01 -1.150000e-02 -3.400000e-03
      vertex   -1.175750e-01 -1.150000e-02 -3.400000e-03
    endloop
  endfacet
  facet normal 0.000000e+00 0.000000e+00 1.000000e+00
    outer loop
      vertex   -1.150000e-01 -1.150000e-02 -3.400000e-03
      vertex   -1.153882e-01 -1.144889e-02 -3.400000e-03
      vertex   -1.175750e-01 -1.150000e-02 -3.400000e-03
    endloop
  endfacet
  facet normal 0.000000e+00 0.000000e+00 1.000000e+00
    outer loop
      vertex   -1.175750e-01 -1.150000e-02 -3.400000e-03
      vertex   -1.153882e-01 -1.144889e-02 -3.400000e-03
      vertex   -1.157500e-01 -1.129904e-02 -3.400000e-03
    endloop
  endfacet
  facet normal 0.000000e+00 0.000000e+00 1.000000e+00
    outer loop
      vertex   -1.175750e-01 -1.150000e-02 -3.400000e-03
      vertex   -1.157500e-01 -1.129904e-02 -3.400000e-03
      vertex   -1.160607e-01 -1.106066e-02 -3.400000e-03
    endloop
  endfacet
  facet normal 0.000000e+00 0.000000e+00 1.000000e+00
    outer loop
      vertex   -1.160607e-01 -1.106066e-02 -3.400000e-03
      vertex   -1.162990e-01 -1.075000e-02 -3.400000e-03
      vertex   -1.175750e-01 -1.150000e-02 -3.400000e-03
    endloop
  endfacet
  facet normal 0.000000e+00 -0.000000e+00 1.000000e+00
    outer loop
      vertex   -1.175750e-01 -1.150000e-02 -3.400000e-03
      vertex   -1.162990e-01 -1.075000e-02 -3.400000e-03
      vertex   -1.178723e-01 -1.079394e-02 -3.400000e-03
    endloop
  endfacet
  facet normal 0.000000e+00 0.000000e+00 1.000000e+00
    outer loop
      vertex   -1.178723e-01 -1.079394e-02 -3.400000e-03
      vertex   -1.162990e-01 -1.075000e-02 -3.400000e-03
      vertex   -1.164489e-01 -1.038823e-02 -3.400000e-03
    endloop
  endfacet
  facet normal 0.000000e+00 -0.000000e+00 1.000000e+00
    outer loop
      vertex   -1.178723e-01 -1.079394e-02 -3.400000e-03
      vertex   -1.164489e-01 -1.038823e-02 -3.400000e-03
      vertex   -1.179798e-01 -1.003540e-02 -3.400000e-03
    endloop
  endfacet
  facet normal -0.000000e+00 0.000000e+00 1.000000e+00
    outer loop
      vertex   -1.179798e-01 -1.003540e-02 -3.400000e-03
      vertex   -1.164489e-01 -1.038823e-02 -3.400000e-03
      vertex   -1.165000e-01 -1.000000e-02 -3.400000e-03
    endloop
  endfacet
  facet normal 0.000000e+00 0.000000e+00 1.000000e+00
    outer loop
      vertex   -1.179798e-01 -1.003540e-02 -3.400000e-03
      vertex   -1.165000e-01 -1.000000e-02 -3.400000e-03
      vertex   -1.164489e-01 -9.611771e-03 -3.400000e-03
    endloop
  endfacet
  facet normal 0.000000e+00 0.000000e+00 1.000000e+00
    outer loop
      vertex   -1.179798e-01 -1.003540e-02 -3.400000e-03
      vertex   -1.164489e-01 -9.611771e-03 -3.400000e-03
      vertex   -1.178903e-01 -9.274530e-03 -3.400000e-03
    endloop
  endfacet
  facet normal -0.000000e+00 0.000000e+00 1.000000e+00
    outer loop
      vertex   -1.178903e-01 -9.274530e-03 -3.400000e-03
      vertex   -1.164489e-01 -9.611771e-03 -3.400000e-03
      vertex   -1.162990e-01 -9.250000e-03 -3.400000e-03
    endloop
  endfacet
  facet normal 0.000000e+00 0.000000e+00 1.000000e+00
    outer loop
      vertex   -1.178903e-01 -9.274530e-03 -3.400000e-03
      vertex   -1.162990e-01 -9.250000e-03 -3.400000e-03
      vertex   -1.176099e-01 -8.561604e-03 -3.400000e-03
    endloop
  endfacet
  facet normal 0.000000e+00 0.000000e+00 1.000000e+00
    outer loop
      vertex   -1.176099e-01 -8.561604e-03 -3.400000e-03
      vertex   -1.162990e-01 -9.250000e-03 -3.400000e-03
      vertex   -1.160607e-01 -8.939340e-03 -3.400000e-03
    endloop
  endfacet
  facet normal -0.000000e+00 0.000000e+00 1.000000e+00
    outer loop
      vertex   -1.176099e-01 -8.561604e-03 -3.400000e-03
      vertex   -1.160607e-01 -8.939340e-03 -3.400000e-03
      vertex   -1.171569e-01 -7.943746e-03 -3.400000e-03
    endloop
  endfacet
  facet normal 0.000000e+00 0.000000e+00 1.000000e+00
    outer loop
      vertex   -1.171569e-01 -7.943746e-03 -3.400000e-03
      vertex   -1.160607e-01 -8.939340e-03 -3.400000e-03
      vertex   -1.157500e-01 -8.700962e-03 -3.400000e-03
    endloop
  endfacet
  facet normal -0.000000e+00 0.000000e+00 1.000000e+00
    outer loop
      vertex   -1.171569e-01 -7.943746e-03 -3.400000e-03
      vertex   -1.157500e-01 -8.700962e-03 -3.400000e-03
      vertex   -1.165614e-01 -7.461791e-03 -3.400000e-03
    endloop
  endfacet
  facet normal 0.000000e+00 0.000000e+00 1.000000e+00
    outer loop
      vertex   -1.165614e-01 -7.461791e-03 -3.400000e-03
      vertex   -1.157500e-01 -8.700962e-03 -3.400000e-03
      vertex   -1.153882e-01 -8.551111e-03 -3.400000e-03
    endloop
  endfacet
  facet normal -0.000000e+00 0.000000e+00 1.000000e+00
    outer loop
      vertex   -1.165614e-01 -7.461791e-03 -3.400000e-03
      vertex   -1.153882e-01 -8.551111e-03 -3.400000e-03
      vertex   -1.158627e-01 -7.147593e-03 -3.400000e-03
    endloop
  endfacet
  facet normal 0.000000e+00 0.000000e+00 1.000000e+00
    outer loop
      vertex   -1.158627e-01 -7.147593e-03 -3.400000e-03
      vertex   -1.153882e-01 -8.551111e-03 -3.400000e-03
      vertex   -1.150000e-01 -8.500000e-03 -3.400000e-03
    endloop
  endfacet
  facet normal -0.000000e+00 0.000000e+00 1.000000e+00
    outer loop
      vertex   -1.158627e-01 -7.147593e-03 -3.400000e-03
      vertex   -1.150000e-01 -8.500000e-03 -3.400000e-03
      vertex   -1.151069e-01 -7.021919e-03 -3.400000e-03
    endloop
  endfacet
  facet normal 0.000000e+00 0.000000e+00 1.000000e+00
    outer loop
      vertex   -1.151069e-01 -7.021919e-03 -3.400000e-03
      vertex   -1.150000e-01 -8.500000e-03 -3.400000e-03
      vertex   -1.143441e-01 -7.093074e-03 -3.400000e-03
    endloop
  endfacet
  facet normal 0.000000e+00 0.000000e+00 1.000000e+00
    outer loop
      vertex   -1.143441e-01 -7.093074e-03 -3.400000e-03
      vertex   -1.150000e-01 -8.500000e-03 -3.400000e-03
      vertex   -1.136247e-01 -7.356357e-03 -3.400000e-03
    endloop
  endfacet
  facet normal 0.000000e+00 0.000000e+00 1.000000e+00
    outer loop
      vertex   -1.136247e-01 -7.356357e-03 -3.400000e-03
      vertex   -1.150000e-01 -8.500000e-03 -3.400000e-03
      vertex   -1.129961e-01 -7.794365e-03 -3.400000e-03
    endloop
  endfacet
  facet normal 0.000000e+00 0.000000e+00 1.000000e+00
    outer loop
      vertex   -1.129961e-01 -7.794365e-03 -3.400000e-03
      vertex   -1.150000e-01 -8.500000e-03 -3.400000e-03
      vertex   -1.125750e-01 -8.500000e-03 -3.400000e-03
    endloop
  endfacet
  facet normal 0.000000e+00 0.000000e+00 1.000000e+00
    outer loop
      vertex   -1.129961e-01 -7.794365e-03 -3.400000e-03
      vertex   -1.125750e-01 -8.500000e-03 -3.400000e-03
      vertex   -1.125506e-01 -8.458985e-03 -3.400000e-03
    endloop
  endfacet
  facet normal 0.000000e+00 -0.000000e+00 1.000000e+00
    outer loop
      vertex   -1.125506e-01 -8.458985e-03 -3.400000e-03
      vertex   -1.125256e-01 -8.418365e-03 -3.400000e-03
      vertex   -1.129961e-01 -7.794365e-03 -3.400000e-03
    endloop
  endfacet
  facet normal 0.000000e+00 0.000000e+00 1.000000e+00
    outer loop
      vertex   -1.129961e-01 -7.794365e-03 -3.400000e-03
      vertex   -1.125256e-01 -8.418365e-03 -3.400000e-03
      vertex   -1.125000e-01 -8.378149e-03 -3.400000e-03
    endloop
  endfacet
  facet normal 0.000000e+00 -1.000000e+00 0.000000e+00
    outer loop
      vertex   -1.742504e-02 -8.500000e-03 -3.400000e-03
      vertex   -1.742504e-02 -8.500000e-03 -3.200000e-03
      vertex   -2.000000e-02 -8.500000e-03 -3.400000e-03
    endloop
  endfacet
  facet normal 0.000000e+00 -1.000000e+00 0.000000e+00
    outer loop
      vertex   -2.000000e-02 -8.500000e-03 -3.400000e-03
      vertex   -1.742504e-02 -8.500000e-03 -3.200000e-03
      vertex   -2.257496e-02 -8.500000e-03 -3.200000e-03
    endloop
  endfacet
  facet normal 0.000000e+00 -1.000000e+00 0.000000e+00
    outer loop
      vertex   -2.000000e-02 -8.500000e-03 -3.400000e-03
      vertex   -2.257496e-02 -8.500000e-03 -3.200000e-03
      vertex   -2.257496e-02 -8.500000e-03 -3.400000e-03
    endloop
  endfacet
  facet normal 0.000000e+00 1.000000e+00 0.000000e+00
    outer loop
      vertex   -2.257496e-02 -1.150000e-02 -3.400000e-03
      vertex   -2.257496e-02 -1.150000e-02 -3.200000e-03
      vertex   -2.000000e-02 -1.150000e-02 -3.400000e-03
    endloop
  endfacet
  facet normal 0.000000e+00 1.000000e+00 -0.000000e+00
    outer loop
      vertex   -2.000000e-02 -1.150000e-02 -3.400000e-03
      vertex   -2.257496e-02 -1.150000e-02 -3.200000e-03
      vertex   -1.742504e-02 -1.150000e-02 -3.200000e-03
    endloop
  endfacet
  facet normal 0.000000e+00 1.000000e+00 0.000000e+00
    outer loop
      vertex   -2.000000e-02 -1.150000e-02 -3.400000e-03
      vertex   -1.742504e-02 -1.150000e-02 -3.200000e-03
      vertex   -1.742504e-02 -1.150000e-02 -3.400000e-03
    endloop
  endfacet
  facet normal 0.000000e+00 0.000000e+00 1.000000e+00
    outer loop
      vertex   -2.000000e-02 -1.150000e-02 -3.400000e-03
      vertex   -2.038823e-02 -1.144889e-02 -3.400000e-03
      vertex   -2.257496e-02 -1.150000e-02 -3.400000e-03
    endloop
  endfacet
  facet normal 0.000000e+00 0.000000e+00 1.000000e+00
    outer loop
      vertex   -2.257496e-02 -1.150000e-02 -3.400000e-03
      vertex   -2.038823e-02 -1.144889e-02 -3.400000e-03
      vertex   -2.075000e-02 -1.129904e-02 -3.400000e-03
    endloop
  endfacet
  facet normal 0.000000e+00 0.000000e+00 1.000000e+00
    outer loop
      vertex   -2.257496e-02 -1.150000e-02 -3.400000e-03
      vertex   -2.075000e-02 -1.129904e-02 -3.400000e-03
      vertex   -2.106066e-02 -1.106066e-02 -3.400000e-03
    endloop
  endfacet
  facet normal 0.000000e+00 0.000000e+00 1.000000e+00
    outer loop
      vertex   -2.106066e-02 -1.106066e-02 -3.400000e-03
      vertex   -2.129904e-02 -1.075000e-02 -3.400000e-03
      vertex   -2.257496e-02 -1.150000e-02 -3.400000e-03
    endloop
  endfacet
  facet normal 0.000000e+00 -0.000000e+00 1.000000e+00
    outer loop
      vertex   -2.257496e-02 -1.150000e-02 -3.400000e-03
      vertex   -2.129904e-02 -1.075000e-02 -3.400000e-03
      vertex   -2.283200e-02 -1.092746e-02 -3.400000e-03
    endloop
  endfacet
  facet normal 0.000000e+00 0.000000e+00 1.000000e+00
    outer loop
      vertex   -2.283200e-02 -1.092746e-02 -3.400000e-03
      vertex   -2.129904e-02 -1.075000e-02 -3.400000e-03
      vertex   -2.144889e-02 -1.038823e-02 -3.400000e-03
    endloop
  endfacet
  facet normal 0.000000e+00 -0.000000e+00 1.000000e+00
    outer loop
      vertex   -2.283200e-02 -1.092746e-02 -3.400000e-03
      vertex   -2.144889e-02 -1.038823e-02 -3.400000e-03
      vertex   -2.296343e-02 -1.031379e-02 -3.400000e-03
    endloop
  endfacet
  facet normal -0.000000e+00 0.000000e+00 1.000000e+00
    outer loop
      vertex   -2.296343e-02 -1.031379e-02 -3.400000e-03
      vertex   -2.144889e-02 -1.038823e-02 -3.400000e-03
      vertex   -2.150000e-02 -1.000000e-02 -3.400000e-03
    endloop
  endfacet
  facet normal 0.000000e+00 0.000000e+00 1.000000e+00
    outer loop
      vertex   -2.296343e-02 -1.031379e-02 -3.400000e-03
      vertex   -2.150000e-02 -1.000000e-02 -3.400000e-03
      vertex   -2.296343e-02 -9.686206e-03 -3.400000e-03
    endloop
  endfacet
  facet normal -0.000000e+00 0.000000e+00 1.000000e+00
    outer loop
      vertex   -2.296343e-02 -9.686206e-03 -3.400000e-03
      vertex   -2.150000e-02 -1.000000e-02 -3.400000e-03
      vertex   -2.144889e-02 -9.611771e-03 -3.400000e-03
    endloop
  endfacet
  facet normal 0.000000e+00 0.000000e+00 1.000000e+00
    outer loop
      vertex   -2.296343e-02 -9.686206e-03 -3.400000e-03
      vertex   -2.144889e-02 -9.611771e-03 -3.400000e-03
      vertex   -2.283200e-02 -9.072535e-03 -3.400000e-03
    endloop
  endfacet
  facet normal 0.000000e+00 0.000000e+00 1.000000e+00
    outer loop
      vertex   -2.283200e-02 -9.072535e-03 -3.400000e-03
      vertex   -2.144889e-02 -9.611771e-03 -3.400000e-03
      vertex   -2.129904e-02 -9.250000e-03 -3.400000e-03
    endloop
  endfacet
  facet normal -0.000000e+00 0.000000e+00 1.000000e+00
    outer loop
      vertex   -2.283200e-02 -9.072535e-03 -3.400000e-03
      vertex   -2.129904e-02 -9.250000e-03 -3.400000e-03
      vertex   -2.257496e-02 -8.500000e-03 -3.400000e-03
    endloop
  endfacet
  facet normal 0.000000e+00 0.000000e+00 1.000000e+00
    outer loop
      vertex   -2.257496e-02 -8.500000e-03 -3.400000e-03
      vertex   -2.129904e-02 -9.250000e-03 -3.400000e-03
      vertex   -2.106066e-02 -8.939340e-03 -3.400000e-03
    endloop
  endfacet
  facet normal 0.000000e+00 0.000000e+00 1.000000e+00
    outer loop
      vertex   -2.257496e-02 -8.500000e-03 -3.400000e-03
      vertex   -2.106066e-02 -8.939340e-03 -3.400000e-03
      vertex   -2.075000e-02 -8.700962e-03 -3.400000e-03
    endloop
  endfacet
  facet normal 0.000000e+00 -0.000000e+00 1.000000e+00
    outer loop
      vertex   -2.075000e-02 -8.700962e-03 -3.400000e-03
      vertex   -2.038823e-02 -8.551111e-03 -3.400000e-03
      vertex   -2.257496e-02 -8.500000e-03 -3.400000e-03
    endloop
  endfacet
  facet normal -0.000000e+00 0.000000e+00 1.000000e+00
    outer loop
      vertex   -2.257496e-02 -8.500000e-03 -3.400000e-03
      vertex   -2.038823e-02 -8.551111e-03 -3.400000e-03
      vertex   -2.000000e-02 -8.500000e-03 -3.400000e-03
    endloop
  endfacet
  facet normal 7.071068e-01 7.071068e-01 -0.000000e+00
    outer loop
      vertex   7.118571e-03 -9.239891e-03 -3.400000e-03
      vertex   7.118571e-03 -9.239891e-03 -3.200000e-03
      vertex   8.939340e-03 -1.106066e-02 -3.400000e-03
    endloop
  endfacet
  facet normal 7.071068e-01 7.071068e-01 -1.085536e-13
    outer loop
      vertex   8.939340e-03 -1.106066e-02 -3.400000e-03
      vertex   7.118571e-03 -9.239891e-03 -3.200000e-03
      vertex   1.076011e-02 -1.288143e-02 -3.200000e-03
    endloop
  endfacet
  facet normal 7.071068e-01 7.071068e-01 0.000000e+00
    outer loop
      vertex   8.939340e-03 -1.106066e-02 -3.400000e-03
      vertex   1.076011e-02 -1.288143e-02 -3.200000e-03
      vertex   1.076011e-02 -1.288143e-02 -3.400000e-03
    endloop
  endfacet
  facet normal -7.071068e-01 -7.071068e-01 0.000000e+00
    outer loop
      vertex   1.288143e-02 -1.076011e-02 -3.400000e-03
      vertex   1.288143e-02 -1.076011e-02 -3.200000e-03
      vertex   1.106066e-02 -8.939340e-03 -3.400000e-03
    endloop
  endfacet
  facet normal -7.071068e-01 -7.071068e-01 2.919435e-14
    outer loop
      vertex   1.106066e-02 -8.939340e-03 -3.400000e-03
      vertex   1.288143e-02 -1.076011e-02 -3.200000e-03
      vertex   9.239891e-03 -7.118571e-03 -3.200000e-03
    endloop
  endfacet
  facet normal -7.071068e-01 -7.071068e-01 0.000000e+00
    outer loop
      vertex   1.106066e-02 -8.939340e-03 -3.400000e-03
      vertex   9.239891e-03 -7.118571e-03 -3.200000e-03
      vertex   9.239891e-03 -7.118571e-03 -3.400000e-03
    endloop
  endfacet
  facet normal 0.000000e+00 0.000000e+00 1.000000e+00
    outer loop
      vertex   8.939340e-03 -1.106066e-02 -3.400000e-03
      vertex   1.076011e-02 -1.288143e-02 -3.400000e-03
      vertex   9.250000e-03 -1.129904e-02 -3.400000e-03
    endloop
  endfacet
  facet normal 0.000000e+00 0.000000e+00 1.000000e+00
    outer loop
      vertex   9.250000e-03 -1.129904e-02 -3.400000e-03
      vertex   1.076011e-02 -1.288143e-02 -3.400000e-03
      vertex   9.611771e-03 -1.144889e-02 -3.400000e-03
    endloop
  endfacet
  facet normal 0.000000e+00 0.000000e+00 1.000000e+00
    outer loop
      vertex   9.611771e-03 -1.144889e-02 -3.400000e-03
      vertex   1.076011e-02 -1.288143e-02 -3.400000e-03
      vertex   1.000000e-02 -1.150000e-02 -3.400000e-03
    endloop
  endfacet
  facet normal -0.000000e+00 0.000000e+00 1.000000e+00
    outer loop
      vertex   1.000000e-02 -1.150000e-02 -3.400000e-03
      vertex   1.076011e-02 -1.288143e-02 -3.400000e-03
      vertex   1.038823e-02 -1.144889e-02 -3.400000e-03
    endloop
  endfacet
  facet normal 0.000000e+00 0.000000e+00 1.000000e+00
    outer loop
      vertex   1.038823e-02 -1.144889e-02 -3.400000e-03
      vertex   1.076011e-02 -1.288143e-02 -3.400000e-03
      vertex   1.134671e-02 -1.265834e-02 -3.400000e-03
    endloop
  endfacet
  facet normal -0.000000e+00 0.000000e+00 1.000000e+00
    outer loop
      vertex   1.038823e-02 -1.144889e-02 -3.400000e-03
      vertex   1.134671e-02 -1.265834e-02 -3.400000e-03
      vertex   1.075000e-02 -1.129904e-02 -3.400000e-03
    endloop
  endfacet
  facet normal 0.000000e+00 0.000000e+00 1.000000e+00
    outer loop
      vertex   1.075000e-02 -1.129904e-02 -3.400000e-03
      vertex   1.134671e-02 -1.265834e-02 -3.400000e-03
      vertex   1.187358e-02 -1.231735e-02 -3.400000e-03
    endloop
  endfacet
  facet normal -0.000000e+00 0.000000e+00 1.000000e+00
    outer loop
      vertex   1.075000e-02 -1.129904e-02 -3.400000e-03
      vertex   1.187358e-02 -1.231735e-02 -3.400000e-03
      vertex   1.106066e-02 -1.106066e-02 -3.400000e-03
    endloop
  endfacet
  facet normal 0.000000e+00 0.000000e+00 1.000000e+00
    outer loop
      vertex   1.106066e-02 -1.106066e-02 -3.400000e-03
      vertex   1.187358e-02 -1.231735e-02 -3.400000e-03
      vertex   1.231735e-02 -1.187358e-02 -3.400000e-03
    endloop
  endfacet
  facet normal -0.000000e+00 0.000000e+00 1.000000e+00
    outer loop
      vertex   1.106066e-02 -1.106066e-02 -3.400000e-03
      vertex   1.231735e-02 -1.187358e-02 -3.400000e-03
      vertex   1.129904e-02 -1.075000e-02 -3.400000e-03
    endloop
  endfacet
  facet normal 0.000000e+00 0.000000e+00 1.000000e+00
    outer loop
      vertex   1.129904e-02 -1.075000e-02 -3.400000e-03
      vertex   1.231735e-02 -1.187358e-02 -3.400000e-03
      vertex   1.265834e-02 -1.134671e-02 -3.400000e-03
    endloop
  endfacet
  facet normal -0.000000e+00 0.000000e+00 1.000000e+00
    outer loop
      vertex   1.129904e-02 -1.075000e-02 -3.400000e-03
      vertex   1.265834e-02 -1.134671e-02 -3.400000e-03
      vertex   1.144889e-02 -1.038823e-02 -3.400000e-03
    endloop
  endfacet
  facet normal 0.000000e+00 0.000000e+00 1.000000e+00
    outer loop
      vertex   1.144889e-02 -1.038823e-02 -3.400000e-03
      vertex   1.265834e-02 -1.134671e-02 -3.400000e-03
      vertex   1.288143e-02 -1.076011e-02 -3.400000e-03
    endloop
  endfacet
  facet normal -0.000000e+00 0.000000e+00 1.000000e+00
    outer loop
      vertex   1.144889e-02 -1.038823e-02 -3.400000e-03
      vertex   1.288143e-02 -1.076011e-02 -3.400000e-03
      vertex   1.150000e-02 -1.000000e-02 -3.400000e-03
    endloop
  endfacet
  facet normal -0.000000e+00 -0.000000e+00 1.000000e+00
    outer loop
      vertex   1.150000e-02 -1.000000e-02 -3.400000e-03
      vertex   1.288143e-02 -1.076011e-02 -3.400000e-03
      vertex   1.144889e-02 -9.611771e-03 -3.400000e-03
    endloop
  endfacet
  facet normal -0.000000e+00 -0.000000e+00 1.000000e+00
    outer loop
      vertex   1.144889e-02 -9.611771e-03 -3.400000e-03
      vertex   1.288143e-02 -1.076011e-02 -3.400000e-03
      vertex   1.129904e-02 -9.250000e-03 -3.400000e-03
    endloop
  endfacet
  facet normal -0.000000e+00 -0.000000e+00 1.000000e+00
    outer loop
      vertex   1.129904e-02 -9.250000e-03 -3.400000e-03
      vertex   1.288143e-02 -1.076011e-02 -3.400000e-03
      vertex   1.106066e-02 -8.939340e-03 -3.400000e-03
    endloop
  endfacet
  facet normal 0.000000e+00 0.000000e+00 1.000000e+00
    outer loop
      vertex   -2.000000e-02 -1.150000e-02 -3.400000e-03
      vertex   -1.742504e-02 -1.150000e-02 -3.400000e-03
      vertex   -1.961177e-02 -1.144889e-02 -3.400000e-03
    endloop
  endfacet
  facet normal -0.000000e+00 0.000000e+00 1.000000e+00
    outer loop
      vertex   -1.961177e-02 -1.144889e-02 -3.400000e-03
      vertex   -1.742504e-02 -1.150000e-02 -3.400000e-03
      vertex   -1.925000e-02 -1.129904e-02 -3.400000e-03
    endloop
  endfacet
  facet normal -0.000000e+00 0.000000e+00 1.000000e+00
    outer loop
      vertex   -1.925000e-02 -1.129904e-02 -3.400000e-03
      vertex   -1.742504e-02 -1.150000e-02 -3.400000e-03
      vertex   -1.893934e-02 -1.106066e-02 -3.400000e-03
    endloop
  endfacet
  facet normal -0.000000e+00 0.000000e+00 1.000000e+00
    outer loop
      vertex   -1.893934e-02 -1.106066e-02 -3.400000e-03
      vertex   -1.742504e-02 -1.150000e-02 -3.400000e-03
      vertex   -1.870096e-02 -1.075000e-02 -3.400000e-03
    endloop
  endfacet
  facet normal 0.000000e+00 0.000000e+00 1.000000e+00
    outer loop
      vertex   -1.870096e-02 -1.075000e-02 -3.400000e-03
      vertex   -1.742504e-02 -1.150000e-02 -3.400000e-03
      vertex   -1.716800e-02 -1.092746e-02 -3.400000e-03
    endloop
  endfacet
  facet normal -0.000000e+00 0.000000e+00 1.000000e+00
    outer loop
      vertex   -1.870096e-02 -1.075000e-02 -3.400000e-03
      vertex   -1.716800e-02 -1.092746e-02 -3.400000e-03
      vertex   -1.855111e-02 -1.038823e-02 -3.400000e-03
    endloop
  endfacet
  facet normal -0.000000e+00 0.000000e+00 1.000000e+00
    outer loop
      vertex   -1.855111e-02 -1.038823e-02 -3.400000e-03
      vertex   -1.716800e-02 -1.092746e-02 -3.400000e-03
      vertex   -1.703657e-02 -1.031379e-02 -3.400000e-03
    endloop
  endfacet
  facet normal 0.000000e+00 0.000000e+00 1.000000e+00
    outer loop
      vertex   -1.855111e-02 -1.038823e-02 -3.400000e-03
      vertex   -1.703657e-02 -1.031379e-02 -3.400000e-03
      vertex   -1.850000e-02 -1.000000e-02 -3.400000e-03
    endloop
  endfacet
  facet normal -0.000000e+00 0.000000e+00 1.000000e+00
    outer loop
      vertex   -1.850000e-02 -1.000000e-02 -3.400000e-03
      vertex   -1.703657e-02 -1.031379e-02 -3.400000e-03
      vertex   -1.703657e-02 -9.686206e-03 -3.400000e-03
    endloop
  endfacet
  facet normal 0.000000e+00 -0.000000e+00 1.000000e+00
    outer loop
      vertex   -1.850000e-02 -1.000000e-02 -3.400000e-03
      vertex   -1.703657e-02 -9.686206e-03 -3.400000e-03
      vertex   -1.855111e-02 -9.611771e-03 -3.400000e-03
    endloop
  endfacet
  facet normal -0.000000e+00 0.000000e+00 1.000000e+00
    outer loop
      vertex   -1.855111e-02 -9.611771e-03 -3.400000e-03
      vertex   -1.703657e-02 -9.686206e-03 -3.400000e-03
      vertex   -1.716800e-02 -9.072535e-03 -3.400000e-03
    endloop
  endfacet
  facet normal 0.000000e+00 -0.000000e+00 1.000000e+00
    outer loop
      vertex   -1.855111e-02 -9.611771e-03 -3.400000e-03
      vertex   -1.716800e-02 -9.072535e-03 -3.400000e-03
      vertex   -1.870096e-02 -9.250000e-03 -3.400000e-03
    endloop
  endfacet
  facet normal 0.000000e+00 0.000000e+00 1.000000e+00
    outer loop
      vertex   -1.870096e-02 -9.250000e-03 -3.400000e-03
      vertex   -1.716800e-02 -9.072535e-03 -3.400000e-03
      vertex   -1.742504e-02 -8.500000e-03 -3.400000e-03
    endloop
  endfacet
  facet normal 0.000000e+00 -0.000000e+00 1.000000e+00
    outer loop
      vertex   -1.870096e-02 -9.250000e-03 -3.400000e-03
      vertex   -1.742504e-02 -8.500000e-03 -3.400000e-03
      vertex   -1.893934e-02 -8.939340e-03 -3.400000e-03
    endloop
  endfacet
  facet normal 0.000000e+00 -0.000000e+00 1.000000e+00
    outer loop
      vertex   -1.893934e-02 -8.939340e-03 -3.400000e-03
      vertex   -1.742504e-02 -8.500000e-03 -3.400000e-03
      vertex   -1.925000e-02 -8.700962e-03 -3.400000e-03
    endloop
  endfacet
  facet normal 0.000000e+00 -0.000000e+00 1.000000e+00
    outer loop
      vertex   -1.925000e-02 -8.700962e-03 -3.400000e-03
      vertex   -1.742504e-02 -8.500000e-03 -3.400000e-03
      vertex   -1.961177e-02 -8.551111e-03 -3.400000e-03
    endloop
  endfacet
  facet normal 0.000000e+00 -0.000000e+00 1.000000e+00
    outer loop
      vertex   -1.961177e-02 -8.551111e-03 -3.400000e-03
      vertex   -1.742504e-02 -8.500000e-03 -3.400000e-03
      vertex   -2.000000e-02 -8.500000e-03 -3.400000e-03
    endloop
  endfacet
  facet normal 0.000000e+00 0.000000e+00 1.000000e+00
    outer loop
      vertex   8.939340e-03 -1.106066e-02 -3.400000e-03
      vertex   8.700962e-03 -1.075000e-02 -3.400000e-03
      vertex   7.118571e-03 -9.239891e-03 -3.400000e-03
    endloop
  endfacet
  facet normal 0.000000e+00 0.000000e+00 1.000000e+00
    outer loop
      vertex   7.118571e-03 -9.239891e-03 -3.400000e-03
      vertex   8.700962e-03 -1.075000e-02 -3.400000e-03
      vertex   8.551111e-03 -1.038823e-02 -3.400000e-03
    endloop
  endfacet
  facet normal 0.000000e+00 0.000000e+00 1.000000e+00
    outer loop
      vertex   7.118571e-03 -9.239891e-03 -3.400000e-03
      vertex   8.551111e-03 -1.038823e-02 -3.400000e-03
      vertex   8.500000e-03 -1.000000e-02 -3.400000e-03
    endloop
  endfacet
  facet normal 0.000000e+00 -0.000000e+00 1.000000e+00
    outer loop
      vertex   8.500000e-03 -1.000000e-02 -3.400000e-03
      vertex   8.551111e-03 -9.611771e-03 -3.400000e-03
      vertex   7.118571e-03 -9.239891e-03 -3.400000e-03
    endloop
  endfacet
  facet normal -0.000000e+00 0.000000e+00 1.000000e+00
    outer loop
      vertex   7.118571e-03 -9.239891e-03 -3.400000e-03
      vertex   8.551111e-03 -9.611771e-03 -3.400000e-03
      vertex   7.341659e-03 -8.653292e-03 -3.400000e-03
    endloop
  endfacet
  facet normal 0.000000e+00 0.000000e+00 1.000000e+00
    outer loop
      vertex   7.341659e-03 -8.653292e-03 -3.400000e-03
      vertex   8.551111e-03 -9.611771e-03 -3.400000e-03
      vertex   8.700962e-03 -9.250000e-03 -3.400000e-03
    endloop
  endfacet
  facet normal -0.000000e+00 0.000000e+00 1.000000e+00
    outer loop
      vertex   7.341659e-03 -8.653292e-03 -3.400000e-03
      vertex   8.700962e-03 -9.250000e-03 -3.400000e-03
      vertex   7.682651e-03 -8.126423e-03 -3.400000e-03
    endloop
  endfacet
  facet normal 0.000000e+00 0.000000e+00 1.000000e+00
    outer loop
      vertex   7.682651e-03 -8.126423e-03 -3.400000e-03
      vertex   8.700962e-03 -9.250000e-03 -3.400000e-03
      vertex   8.939340e-03 -8.939340e-03 -3.400000e-03
    endloop
  endfacet
  facet normal -0.000000e+00 0.000000e+00 1.000000e+00
    outer loop
      vertex   7.682651e-03 -8.126423e-03 -3.400000e-03
      vertex   8.939340e-03 -8.939340e-03 -3.400000e-03
      vertex   8.126423e-03 -7.682651e-03 -3.400000e-03
    endloop
  endfacet
  facet normal 0.000000e+00 0.000000e+00 1.000000e+00
    outer loop
      vertex   8.126423e-03 -7.682651e-03 -3.400000e-03
      vertex   8.939340e-03 -8.939340e-03 -3.400000e-03
      vertex   9.250000e-03 -8.700962e-03 -3.400000e-03
    endloop
  endfacet
  facet normal -0.000000e+00 0.000000e+00 1.000000e+00
    outer loop
      vertex   8.126423e-03 -7.682651e-03 -3.400000e-03
      vertex   9.250000e-03 -8.700962e-03 -3.400000e-03
      vertex   8.653292e-03 -7.341659e-03 -3.400000e-03
    endloop
  endfacet
  facet normal 0.000000e+00 0.000000e+00 1.000000e+00
    outer loop
      vertex   8.653292e-03 -7.341659e-03 -3.400000e-03
      vertex   9.250000e-03 -8.700962e-03 -3.400000e-03
      vertex   9.611771e-03 -8.551111e-03 -3.400000e-03
    endloop
  endfacet
  facet normal -0.000000e+00 0.000000e+00 1.000000e+00
    outer loop
      vertex   8.653292e-03 -7.341659e-03 -3.400000e-03
      vertex   9.611771e-03 -8.551111e-03 -3.400000e-03
      vertex   9.239891e-03 -7.118571e-03 -3.400000e-03
    endloop
  endfacet
  facet normal 0.000000e+00 0.000000e+00 1.000000e+00
    outer loop
      vertex   9.239891e-03 -7.118571e-03 -3.400000e-03
      vertex   9.611771e-03 -8.551111e-03 -3.400000e-03
      vertex   1.000000e-02 -8.500000e-03 -3.400000e-03
    endloop
  endfacet
  facet normal 0.000000e+00 0.000000e+00 1.000000e+00
    outer loop
      vertex   9.239891e-03 -7.118571e-03 -3.400000e-03
      vertex   1.000000e-02 -8.500000e-03 -3.400000e-03
      vertex   1.038823e-02 -8.551111e-03 -3.400000e-03
    endloop
  endfacet
  facet normal -0.000000e+00 -0.000000e+00 1.000000e+00
    outer loop
      vertex   1.038823e-02 -8.551111e-03 -3.400000e-03
      vertex   1.075000e-02 -8.700962e-03 -3.400000e-03
      vertex   9.239891e-03 -7.118571e-03 -3.400000e-03
    endloop
  endfacet
  facet normal 0.000000e+00 0.000000e+00 1.000000e+00
    outer loop
      vertex   9.239891e-03 -7.118571e-03 -3.400000e-03
      vertex   1.075000e-02 -8.700962e-03 -3.400000e-03
      vertex   1.106066e-02 -8.939340e-03 -3.400000e-03
    endloop
  endfacet
  facet normal 0.000000e+00 -1.000000e+00 0.000000e+00
    outer loop
      vertex   -1.414019e-01 -8.500000e-03 -3.200000e-03
      vertex   -1.414019e-01 -8.500000e-03 -3.000000e-03
      vertex   -1.440000e-01 -8.500000e-03 -3.200000e-03
    endloop
  endfacet
  facet normal 0.000000e+00 -1.000000e+00 0.000000e+00
    outer loop
      vertex   -1.440000e-01 -8.500000e-03 -3.200000e-03
      vertex   -1.414019e-01 -8.500000e-03 -3.000000e-03
      vertex   -1.465981e-01 -8.500000e-03 -3.000000e-03
    endloop
  endfacet
  facet normal 0.000000e+00 -1.000000e+00 0.000000e+00
    outer loop
      vertex   -1.440000e-01 -8.500000e-03 -3.200000e-03
      vertex   -1.465981e-01 -8.500000e-03 -3.000000e-03
      vertex   -1.465981e-01 -8.500000e-03 -3.200000e-03
    endloop
  endfacet
  facet normal 0.000000e+00 1.000000e+00 0.000000e+00
    outer loop
      vertex   -1.465981e-01 -1.150000e-02 -3.200000e-03
      vertex   -1.465981e-01 -1.150000e-02 -3.000000e-03
      vertex   -1.440000e-01 -1.150000e-02 -3.200000e-03
    endloop
  endfacet
  facet normal 0.000000e+00 1.000000e+00 -0.000000e+00
    outer loop
      vertex   -1.440000e-01 -1.150000e-02 -3.200000e-03
      vertex   -1.465981e-01 -1.150000e-02 -3.000000e-03
      vertex   -1.414019e-01 -1.150000e-02 -3.000000e-03
    endloop
  endfacet
  facet normal 0.000000e+00 1.000000e+00 0.000000e+00
    outer loop
      vertex   -1.440000e-01 -1.150000e-02 -3.200000e-03
      vertex   -1.414019e-01 -1.150000e-02 -3.000000e-03
      vertex   -1.414019e-01 -1.150000e-02 -3.200000e-03
    endloop
  endfacet
  facet normal -0.000000e+00 0.000000e+00 1.000000e+00
    outer loop
      vertex   -1.440000e-01 -8.500000e-03 -3.200000e-03
      vertex   -1.436118e-01 -8.551111e-03 -3.200000e-03
      vertex   -1.414019e-01 -8.500000e-03 -3.200000e-03
    endloop
  endfacet
  facet normal 0.000000e+00 0.000000e+00 1.000000e+00
    outer loop
      vertex   -1.414019e-01 -8.500000e-03 -3.200000e-03
      vertex   -1.436118e-01 -8.551111e-03 -3.200000e-03
      vertex   -1.432500e-01 -8.700962e-03 -3.200000e-03
    endloop
  endfacet
  facet normal 0.000000e+00 0.000000e+00 1.000000e+00
    outer loop
      vertex   -1.414019e-01 -8.500000e-03 -3.200000e-03
      vertex   -1.432500e-01 -8.700962e-03 -3.200000e-03
      vertex   -1.429393e-01 -8.939340e-03 -3.200000e-03
    endloop
  endfacet
  facet normal -0.000000e+00 0.000000e+00 1.000000e+00
    outer loop
      vertex   -1.429393e-01 -8.939340e-03 -3.200000e-03
      vertex   -1.427010e-01 -9.250000e-03 -3.200000e-03
      vertex   -1.414019e-01 -8.500000e-03 -3.200000e-03
    endloop
  endfacet
  facet normal 0.000000e+00 0.000000e+00 1.000000e+00
    outer loop
      vertex   -1.414019e-01 -8.500000e-03 -3.200000e-03
      vertex   -1.427010e-01 -9.250000e-03 -3.200000e-03
      vertex   -1.411022e-01 -9.223543e-03 -3.200000e-03
    endloop
  endfacet
  facet normal 0.000000e+00 0.000000e+00 1.000000e+00
    outer loop
      vertex   -1.411022e-01 -9.223543e-03 -3.200000e-03
      vertex   -1.427010e-01 -9.250000e-03 -3.200000e-03
      vertex   -1.425511e-01 -9.611771e-03 -3.200000e-03
    endloop
  endfacet
  facet normal 0.000000e+00 0.000000e+00 1.000000e+00
    outer loop
      vertex   -1.411022e-01 -9.223543e-03 -3.200000e-03
      vertex   -1.425511e-01 -9.611771e-03 -3.200000e-03
      vertex   -1.410000e-01 -1.000000e-02 -3.200000e-03
    endloop
  endfacet
  facet normal 0.000000e+00 0.000000e+00 1.000000e+00
    outer loop
      vertex   -1.410000e-01 -1.000000e-02 -3.200000e-03
      vertex   -1.425511e-01 -9.611771e-03 -3.200000e-03
      vertex   -1.425000e-01 -1.000000e-02 -3.200000e-03
    endloop
  endfacet
  facet normal 0.000000e+00 0.000000e+00 1.000000e+00
    outer loop
      vertex   -1.410000e-01 -1.000000e-02 -3.200000e-03
      vertex   -1.425000e-01 -1.000000e-02 -3.200000e-03
      vertex   -1.411022e-01 -1.077646e-02 -3.200000e-03
    endloop
  endfacet
  facet normal 0.000000e+00 0.000000e+00 1.000000e+00
    outer loop
      vertex   -1.411022e-01 -1.077646e-02 -3.200000e-03
      vertex   -1.425000e-01 -1.000000e-02 -3.200000e-03
      vertex   -1.425511e-01 -1.038823e-02 -3.200000e-03
    endloop
  endfacet
  facet normal 0.000000e+00 0.000000e+00 1.000000e+00
    outer loop
      vertex   -1.411022e-01 -1.077646e-02 -3.200000e-03
      vertex   -1.425511e-01 -1.038823e-02 -3.200000e-03
      vertex   -1.427010e-01 -1.075000e-02 -3.200000e-03
    endloop
  endfacet
  facet normal 0.000000e+00 0.000000e+00 1.000000e+00
    outer loop
      vertex   -1.411022e-01 -1.077646e-02 -3.200000e-03
      vertex   -1.427010e-01 -1.075000e-02 -3.200000e-03
      vertex   -1.414019e-01 -1.150000e-02 -3.200000e-03
    endloop
  endfacet
  facet normal 0.000000e+00 0.000000e+00 1.000000e+00
    outer loop
      vertex   -1.414019e-01 -1.150000e-02 -3.200000e-03
      vertex   -1.427010e-01 -1.075000e-02 -3.200000e-03
      vertex   -1.429393e-01 -1.106066e-02 -3.200000e-03
    endloop
  endfacet
  facet normal 0.000000e+00 0.000000e+00 1.000000e+00
    outer loop
      vertex   -1.414019e-01 -1.150000e-02 -3.200000e-03
      vertex   -1.429393e-01 -1.106066e-02 -3.200000e-03
      vertex   -1.432500e-01 -1.129904e-02 -3.200000e-03
    endloop
  endfacet
  facet normal 0.000000e+00 0.000000e+00 1.000000e+00
    outer loop
      vertex   -1.432500e-01 -1.129904e-02 -3.200000e-03
      vertex   -1.436118e-01 -1.144889e-02 -3.200000e-03
      vertex   -1.414019e-01 -1.150000e-02 -3.200000e-03
    endloop
  endfacet
  facet normal 0.000000e+00 0.000000e+00 1.000000e+00
    outer loop
      vertex   -1.414019e-01 -1.150000e-02 -3.200000e-03
      vertex   -1.436118e-01 -1.144889e-02 -3.200000e-03
      vertex   -1.440000e-01 -1.150000e-02 -3.200000e-03
    endloop
  endfacet
  facet normal 0.000000e+00 -1.000000e+00 0.000000e+00
    outer loop
      vertex   -6.401924e-03 -8.500000e-03 -3.200000e-03
      vertex   -6.401924e-03 -8.500000e-03 -3.000000e-03
      vertex   -9.000000e-03 -8.500000e-03 -3.200000e-03
    endloop
  endfacet
  facet normal 0.000000e+00 -1.000000e+00 0.000000e+00
    outer loop
      vertex   -9.000000e-03 -8.500000e-03 -3.200000e-03
      vertex   -6.401924e-03 -8.500000e-03 -3.000000e-03
      vertex   -1.159808e-02 -8.500000e-03 -3.000000e-03
    endloop
  endfacet
  facet normal 0.000000e+00 -1.000000e+00 0.000000e+00
    outer loop
      vertex   -9.000000e-03 -8.500000e-03 -3.200000e-03
      vertex   -1.159808e-02 -8.500000e-03 -3.000000e-03
      vertex   -1.159808e-02 -8.500000e-03 -3.200000e-03
    endloop
  endfacet
  facet normal 0.000000e+00 1.000000e+00 0.000000e+00
    outer loop
      vertex   -1.159808e-02 -1.150000e-02 -3.200000e-03
      vertex   -1.159808e-02 -1.150000e-02 -3.000000e-03
      vertex   -9.000000e-03 -1.150000e-02 -3.200000e-03
    endloop
  endfacet
  facet normal 0.000000e+00 1.000000e+00 -0.000000e+00
    outer loop
      vertex   -9.000000e-03 -1.150000e-02 -3.200000e-03
      vertex   -1.159808e-02 -1.150000e-02 -3.000000e-03
      vertex   -6.401924e-03 -1.150000e-02 -3.000000e-03
    endloop
  endfacet
  facet normal 0.000000e+00 1.000000e+00 0.000000e+00
    outer loop
      vertex   -9.000000e-03 -1.150000e-02 -3.200000e-03
      vertex   -6.401924e-03 -1.150000e-02 -3.000000e-03
      vertex   -6.401924e-03 -1.150000e-02 -3.200000e-03
    endloop
  endfacet
  facet normal -0.000000e+00 0.000000e+00 1.000000e+00
    outer loop
      vertex   -9.000000e-03 -8.500000e-03 -3.200000e-03
      vertex   -8.611771e-03 -8.551111e-03 -3.200000e-03
      vertex   -6.401924e-03 -8.500000e-03 -3.200000e-03
    endloop
  endfacet
  facet normal 0.000000e+00 0.000000e+00 1.000000e+00
    outer loop
      vertex   -6.401924e-03 -8.500000e-03 -3.200000e-03
      vertex   -8.611771e-03 -8.551111e-03 -3.200000e-03
      vertex   -8.250000e-03 -8.700962e-03 -3.200000e-03
    endloop
  endfacet
  facet normal 0.000000e+00 0.000000e+00 1.000000e+00
    outer loop
      vertex   -6.401924e-03 -8.500000e-03 -3.200000e-03
      vertex   -8.250000e-03 -8.700962e-03 -3.200000e-03
      vertex   -7.939340e-03 -8.939340e-03 -3.200000e-03
    endloop
  endfacet
  facet normal -0.000000e+00 0.000000e+00 1.000000e+00
    outer loop
      vertex   -7.939340e-03 -8.939340e-03 -3.200000e-03
      vertex   -7.700962e-03 -9.250000e-03 -3.200000e-03
      vertex   -6.401924e-03 -8.500000e-03 -3.200000e-03
    endloop
  endfacet
  facet normal 0.000000e+00 0.000000e+00 1.000000e+00
    outer loop
      vertex   -6.401924e-03 -8.500000e-03 -3.200000e-03
      vertex   -7.700962e-03 -9.250000e-03 -3.200000e-03
      vertex   -6.102223e-03 -9.223543e-03 -3.200000e-03
    endloop
  endfacet
  facet normal 0.000000e+00 0.000000e+00 1.000000e+00
    outer loop
      vertex   -6.102223e-03 -9.223543e-03 -3.200000e-03
      vertex   -7.700962e-03 -9.250000e-03 -3.200000e-03
      vertex   -7.551111e-03 -9.611771e-03 -3.200000e-03
    endloop
  endfacet
  facet normal 0.000000e+00 0.000000e+00 1.000000e+00
    outer loop
      vertex   -6.102223e-03 -9.223543e-03 -3.200000e-03
      vertex   -7.551111e-03 -9.611771e-03 -3.200000e-03
      vertex   -6.000000e-03 -1.000000e-02 -3.200000e-03
    endloop
  endfacet
  facet normal 0.000000e+00 0.000000e+00 1.000000e+00
    outer loop
      vertex   -6.000000e-03 -1.000000e-02 -3.200000e-03
      vertex   -7.551111e-03 -9.611771e-03 -3.200000e-03
      vertex   -7.500000e-03 -1.000000e-02 -3.200000e-03
    endloop
  endfacet
  facet normal 0.000000e+00 0.000000e+00 1.000000e+00
    outer loop
      vertex   -6.000000e-03 -1.000000e-02 -3.200000e-03
      vertex   -7.500000e-03 -1.000000e-02 -3.200000e-03
      vertex   -6.102223e-03 -1.077646e-02 -3.200000e-03
    endloop
  endfacet
  facet normal 0.000000e+00 0.000000e+00 1.000000e+00
    outer loop
      vertex   -6.102223e-03 -1.077646e-02 -3.200000e-03
      vertex   -7.500000e-03 -1.000000e-02 -3.200000e-03
      vertex   -7.551111e-03 -1.038823e-02 -3.200000e-03
    endloop
  endfacet
  facet normal 0.000000e+00 0.000000e+00 1.000000e+00
    outer loop
      vertex   -6.102223e-03 -1.077646e-02 -3.200000e-03
      vertex   -7.551111e-03 -1.038823e-02 -3.200000e-03
      vertex   -7.700962e-03 -1.075000e-02 -3.200000e-03
    endloop
  endfacet
  facet normal 0.000000e+00 0.000000e+00 1.000000e+00
    outer loop
      vertex   -6.102223e-03 -1.077646e-02 -3.200000e-03
      vertex   -7.700962e-03 -1.075000e-02 -3.200000e-03
      vertex   -6.401924e-03 -1.150000e-02 -3.200000e-03
    endloop
  endfacet
  facet normal 0.000000e+00 0.000000e+00 1.000000e+00
    outer loop
      vertex   -6.401924e-03 -1.150000e-02 -3.200000e-03
      vertex   -7.700962e-03 -1.075000e-02 -3.200000e-03
      vertex   -7.939340e-03 -1.106066e-02 -3.200000e-03
    endloop
  endfacet
  facet normal 0.000000e+00 0.000000e+00 1.000000e+00
    outer loop
      vertex   -6.401924e-03 -1.150000e-02 -3.200000e-03
      vertex   -7.939340e-03 -1.106066e-02 -3.200000e-03
      vertex   -8.250000e-03 -1.129904e-02 -3.200000e-03
    endloop
  endfacet
  facet normal 0.000000e+00 0.000000e+00 1.000000e+00
    outer loop
      vertex   -8.250000e-03 -1.129904e-02 -3.200000e-03
      vertex   -8.611771e-03 -1.144889e-02 -3.200000e-03
      vertex   -6.401924e-03 -1.150000e-02 -3.200000e-03
    endloop
  endfacet
  facet normal 0.000000e+00 0.000000e+00 1.000000e+00
    outer loop
      vertex   -6.401924e-03 -1.150000e-02 -3.200000e-03
      vertex   -8.611771e-03 -1.144889e-02 -3.200000e-03
      vertex   -9.000000e-03 -1.150000e-02 -3.200000e-03
    endloop
  endfacet
  facet normal 1.000000e+00 0.000000e+00 -0.000000e+00
    outer loop
      vertex   8.500000e-03 1.159808e-02 -3.200000e-03
      vertex   8.500000e-03 1.159808e-02 -3.000000e-03
      vertex   8.500000e-03 9.000000e-03 -3.200000e-03
    endloop
  endfacet
  facet normal 1.000000e+00 0.000000e+00 -0.000000e+00
    outer loop
      vertex   8.500000e-03 9.000000e-03 -3.200000e-03
      vertex   8.500000e-03 1.159808e-02 -3.000000e-03
      vertex   8.500000e-03 6.401924e-03 -3.000000e-03
    endloop
  endfacet
  facet normal 1.000000e+00 0.000000e+00 0.000000e+00
    outer loop
      vertex   8.500000e-03 9.000000e-03 -3.200000e-03
      vertex   8.500000e-03 6.401924e-03 -3.000000e-03
      vertex   8.500000e-03 6.401924e-03 -3.200000e-03
    endloop
  endfacet
  facet normal -1.000000e+00 0.000000e+00 0.000000e+00
    outer loop
      vertex   1.150000e-02 6.401924e-03 -3.200000e-03
      vertex   1.150000e-02 6.401924e-03 -3.000000e-03
      vertex   1.150000e-02 9.000000e-03 -3.200000e-03
    endloop
  endfacet
  facet normal -1.000000e+00 0.000000e+00 0.000000e+00
    outer loop
      vertex   1.150000e-02 9.000000e-03 -3.200000e-03
      vertex   1.150000e-02 6.401924e-03 -3.000000e-03
      vertex   1.150000e-02 1.159808e-02 -3.000000e-03
    endloop
  endfacet
  facet normal -1.000000e+00 0.000000e+00 0.000000e+00
    outer loop
      vertex   1.150000e-02 9.000000e-03 -3.200000e-03
      vertex   1.150000e-02 1.159808e-02 -3.000000e-03
      vertex   1.150000e-02 1.159808e-02 -3.200000e-03
    endloop
  endfacet
  facet normal 0.000000e+00 -0.000000e+00 1.000000e+00
    outer loop
      vertex   1.150000e-02 9.000000e-03 -3.200000e-03
      vertex   1.150000e-02 1.159808e-02 -3.200000e-03
      vertex   1.144889e-02 9.388229e-03 -3.200000e-03
    endloop
  endfacet
  facet normal 0.000000e+00 -0.000000e+00 1.000000e+00
    outer loop
      vertex   1.144889e-02 9.388229e-03 -3.200000e-03
      vertex   1.150000e-02 1.159808e-02 -3.200000e-03
      vertex   1.129904e-02 9.750000e-03 -3.200000e-03
    endloop
  endfacet
  facet normal 0.000000e+00 -0.000000e+00 1.000000e+00
    outer loop
      vertex   1.129904e-02 9.750000e-03 -3.200000e-03
      vertex   1.150000e-02 1.159808e-02 -3.200000e-03
      vertex   1.106066e-02 1.006066e-02 -3.200000e-03
    endloop
  endfacet
  facet normal 0.000000e+00 -0.000000e+00 1.000000e+00
    outer loop
      vertex   1.106066e-02 1.006066e-02 -3.200000e-03
      vertex   1.150000e-02 1.159808e-02 -3.200000e-03
      vertex   1.075000e-02 1.029904e-02 -3.200000e-03
    endloop
  endfacet
  facet normal 0.000000e+00 0.000000e+00 1.000000e+00
    outer loop
      vertex   1.075000e-02 1.029904e-02 -3.200000e-03
      vertex   1.150000e-02 1.159808e-02 -3.200000e-03
      vertex   1.077646e-02 1.189778e-02 -3.200000e-03
    endloop
  endfacet
  facet normal 0.000000e+00 -0.000000e+00 1.000000e+00
    outer loop
      vertex   1.075000e-02 1.029904e-02 -3.200000e-03
      vertex   1.077646e-02 1.189778e-02 -3.200000e-03
      vertex   1.038823e-02 1.044889e-02 -3.200000e-03
    endloop
  endfacet
  facet normal 0.000000e+00 -0.000000e+00 1.000000e+00
    outer loop
      vertex   1.038823e-02 1.044889e-02 -3.200000e-03
      vertex   1.077646e-02 1.189778e-02 -3.200000e-03
      vertex   1.000000e-02 1.200000e-02 -3.200000e-03
    endloop
  endfacet
  facet normal 0.000000e+00 0.000000e+00 1.000000e+00
    outer loop
      vertex   1.038823e-02 1.044889e-02 -3.200000e-03
      vertex   1.000000e-02 1.200000e-02 -3.200000e-03
      vertex   1.000000e-02 1.050000e-02 -3.200000e-03
    endloop
  endfacet
  facet normal 0.000000e+00 -0.000000e+00 1.000000e+00
    outer loop
      vertex   1.000000e-02 1.050000e-02 -3.200000e-03
      vertex   1.000000e-02 1.200000e-02 -3.200000e-03
      vertex   9.223543e-03 1.189778e-02 -3.200000e-03
    endloop
  endfacet
  facet normal 0.000000e+00 0.000000e+00 1.000000e+00
    outer loop
      vertex   1.000000e-02 1.050000e-02 -3.200000e-03
      vertex   9.223543e-03 1.189778e-02 -3.200000e-03
      vertex   9.611771e-03 1.044889e-02 -3.200000e-03
    endloop
  endfacet
  facet normal 0.000000e+00 0.000000e+00 1.000000e+00
    outer loop
      vertex   9.611771e-03 1.044889e-02 -3.200000e-03
      vertex   9.223543e-03 1.189778e-02 -3.200000e-03
      vertex   8.500000e-03 1.159808e-02 -3.200000e-03
    endloop
  endfacet
  facet normal 0.000000e+00 0.000000e+00 1.000000e+00
    outer loop
      vertex   9.611771e-03 1.044889e-02 -3.200000e-03
      vertex   8.500000e-03 1.159808e-02 -3.200000e-03
      vertex   9.250000e-03 1.029904e-02 -3.200000e-03
    endloop
  endfacet
  facet normal 0.000000e+00 0.000000e+00 1.000000e+00
    outer loop
      vertex   9.250000e-03 1.029904e-02 -3.200000e-03
      vertex   8.500000e-03 1.159808e-02 -3.200000e-03
      vertex   8.939340e-03 1.006066e-02 -3.200000e-03
    endloop
  endfacet
  facet normal 0.000000e+00 0.000000e+00 1.000000e+00
    outer loop
      vertex   8.939340e-03 1.006066e-02 -3.200000e-03
      vertex   8.500000e-03 1.159808e-02 -3.200000e-03
      vertex   8.700962e-03 9.750000e-03 -3.200000e-03
    endloop
  endfacet
  facet normal 0.000000e+00 0.000000e+00 1.000000e+00
    outer loop
      vertex   8.700962e-03 9.750000e-03 -3.200000e-03
      vertex   8.500000e-03 1.159808e-02 -3.200000e-03
      vertex   8.551111e-03 9.388229e-03 -3.200000e-03
    endloop
  endfacet
  facet normal 0.000000e+00 0.000000e+00 1.000000e+00
    outer loop
      vertex   8.551111e-03 9.388229e-03 -3.200000e-03
      vertex   8.500000e-03 1.159808e-02 -3.200000e-03
      vertex   8.500000e-03 9.000000e-03 -3.200000e-03
    endloop
  endfacet
  facet normal 0.000000e+00 0.000000e+00 1.000000e+00
    outer loop
      vertex   8.500000e-03 9.000000e-03 -3.200000e-03
      vertex   8.500000e-03 6.401924e-03 -3.200000e-03
      vertex   8.551111e-03 8.611771e-03 -3.200000e-03
    endloop
  endfacet
  facet normal 0.000000e+00 0.000000e+00 1.000000e+00
    outer loop
      vertex   8.551111e-03 8.611771e-03 -3.200000e-03
      vertex   8.500000e-03 6.401924e-03 -3.200000e-03
      vertex   8.700962e-03 8.250000e-03 -3.200000e-03
    endloop
  endfacet
  facet normal 0.000000e+00 0.000000e+00 1.000000e+00
    outer loop
      vertex   8.700962e-03 8.250000e-03 -3.200000e-03
      vertex   8.500000e-03 6.401924e-03 -3.200000e-03
      vertex   8.939340e-03 7.939340e-03 -3.200000e-03
    endloop
  endfacet
  facet normal 0.000000e+00 0.000000e+00 1.000000e+00
    outer loop
      vertex   8.939340e-03 7.939340e-03 -3.200000e-03
      vertex   8.500000e-03 6.401924e-03 -3.200000e-03
      vertex   9.250000e-03 7.700962e-03 -3.200000e-03
    endloop
  endfacet
  facet normal 0.000000e+00 0.000000e+00 1.000000e+00
    outer loop
      vertex   9.250000e-03 7.700962e-03 -3.200000e-03
      vertex   8.500000e-03 6.401924e-03 -3.200000e-03
      vertex   9.611771e-03 7.551111e-03 -3.200000e-03
    endloop
  endfacet
  facet normal 0.000000e+00 0.000000e+00 1.000000e+00
    outer loop
      vertex   9.611771e-03 7.551111e-03 -3.200000e-03
      vertex   8.500000e-03 6.401924e-03 -3.200000e-03
      vertex   9.223543e-03 6.102223e-03 -3.200000e-03
    endloop
  endfacet
  facet normal 0.000000e+00 0.000000e+00 1.000000e+00
    outer loop
      vertex   9.611771e-03 7.551111e-03 -3.200000e-03
      vertex   9.223543e-03 6.102223e-03 -3.200000e-03
      vertex   1.000000e-02 7.500000e-03 -3.200000e-03
    endloop
  endfacet
  facet normal 0.000000e+00 0.000000e+00 1.000000e+00
    outer loop
      vertex   1.000000e-02 7.500000e-03 -3.200000e-03
      vertex   9.223543e-03 6.102223e-03 -3.200000e-03
      vertex   1.000000e-02 6.000000e-03 -3.200000e-03
    endloop
  endfacet
  facet normal 0.000000e+00 0.000000e+00 1.000000e+00
    outer loop
      vertex   1.000000e-02 7.500000e-03 -3.200000e-03
      vertex   1.000000e-02 6.000000e-03 -3.200000e-03
      vertex   1.077646e-02 6.102223e-03 -3.200000e-03
    endloop
  endfacet
  facet normal -0.000000e+00 0.000000e+00 1.000000e+00
    outer loop
      vertex   1.000000e-02 7.500000e-03 -3.200000e-03
      vertex   1.077646e-02 6.102223e-03 -3.200000e-03
      vertex   1.038823e-02 7.551111e-03 -3.200000e-03
    endloop
  endfacet
  facet normal 0.000000e+00 0.000000e+00 1.000000e+00
    outer loop
      vertex   1.038823e-02 7.551111e-03 -3.200000e-03
      vertex   1.077646e-02 6.102223e-03 -3.200000e-03
      vertex   1.150000e-02 6.401924e-03 -3.200000e-03
    endloop
  endfacet
  facet normal -0.000000e+00 0.000000e+00 1.000000e+00
    outer loop
      vertex   1.038823e-02 7.551111e-03 -3.200000e-03
      vertex   1.150000e-02 6.401924e-03 -3.200000e-03
      vertex   1.075000e-02 7.700962e-03 -3.200000e-03
    endloop
  endfacet
  facet normal -0.000000e+00 0.000000e+00 1.000000e+00
    outer loop
      vertex   1.075000e-02 7.700962e-03 -3.200000e-03
      vertex   1.150000e-02 6.401924e-03 -3.200000e-03
      vertex   1.106066e-02 7.939340e-03 -3.200000e-03
    endloop
  endfacet
  facet normal -0.000000e+00 0.000000e+00 1.000000e+00
    outer loop
      vertex   1.106066e-02 7.939340e-03 -3.200000e-03
      vertex   1.150000e-02 6.401924e-03 -3.200000e-03
      vertex   1.129904e-02 8.250000e-03 -3.200000e-03
    endloop
  endfacet
  facet normal -0.000000e+00 0.000000e+00 1.000000e+00
    outer loop
      vertex   1.129904e-02 8.250000e-03 -3.200000e-03
      vertex   1.150000e-02 6.401924e-03 -3.200000e-03
      vertex   1.144889e-02 8.611771e-03 -3.200000e-03
    endloop
  endfacet
  facet normal -0.000000e+00 0.000000e+00 1.000000e+00
    outer loop
      vertex   1.144889e-02 8.611771e-03 -3.200000e-03
      vertex   1.150000e-02 6.401924e-03 -3.200000e-03
      vertex   1.150000e-02 9.000000e-03 -3.200000e-03
    endloop
  endfacet
  facet normal 0.000000e+00 0.000000e+00 1.000000e+00
    outer loop
      vertex   -9.000000e-03 -8.500000e-03 -3.200000e-03
      vertex   -1.159808e-02 -8.500000e-03 -3.200000e-03
      vertex   -9.388229e-03 -8.551111e-03 -3.200000e-03
    endloop
  endfacet
  facet normal 0.000000e+00 0.000000e+00 1.000000e+00
    outer loop
      vertex   -9.388229e-03 -8.551111e-03 -3.200000e-03
      vertex   -1.159808e-02 -8.500000e-03 -3.200000e-03
      vertex   -9.750000e-03 -8.700962e-03 -3.200000e-03
    endloop
  endfacet
  facet normal 0.000000e+00 0.000000e+00 1.000000e+00
    outer loop
      vertex   -9.750000e-03 -8.700962e-03 -3.200000e-03
      vertex   -1.159808e-02 -8.500000e-03 -3.200000e-03
      vertex   -1.006066e-02 -8.939340e-03 -3.200000e-03
    endloop
  endfacet
  facet normal 0.000000e+00 0.000000e+00 1.000000e+00
    outer loop
      vertex   -1.006066e-02 -8.939340e-03 -3.200000e-03
      vertex   -1.159808e-02 -8.500000e-03 -3.200000e-03
      vertex   -1.029904e-02 -9.250000e-03 -3.200000e-03
    endloop
  endfacet
  facet normal 0.000000e+00 0.000000e+00 1.000000e+00
    outer loop
      vertex   -1.029904e-02 -9.250000e-03 -3.200000e-03
      vertex   -1.159808e-02 -8.500000e-03 -3.200000e-03
      vertex   -1.189778e-02 -9.223543e-03 -3.200000e-03
    endloop
  endfacet
  facet normal 0.000000e+00 0.000000e+00 1.000000e+00
    outer loop
      vertex   -1.029904e-02 -9.250000e-03 -3.200000e-03
      vertex   -1.189778e-02 -9.223543e-03 -3.200000e-03
      vertex   -1.044889e-02 -9.611771e-03 -3.200000e-03
    endloop
  endfacet
  facet normal 0.000000e+00 0.000000e+00 1.000000e+00
    outer loop
      vertex   -1.044889e-02 -9.611771e-03 -3.200000e-03
      vertex   -1.189778e-02 -9.223543e-03 -3.200000e-03
      vertex   -1.200000e-02 -1.000000e-02 -3.200000e-03
    endloop
  endfacet
  facet normal 0.000000e+00 0.000000e+00 1.000000e+00
    outer loop
      vertex   -1.044889e-02 -9.611771e-03 -3.200000e-03
      vertex   -1.200000e-02 -1.000000e-02 -3.200000e-03
      vertex   -1.050000e-02 -1.000000e-02 -3.200000e-03
    endloop
  endfacet
  facet normal 0.000000e+00 0.000000e+00 1.000000e+00
    outer loop
      vertex   -1.050000e-02 -1.000000e-02 -3.200000e-03
      vertex   -1.200000e-02 -1.000000e-02 -3.200000e-03
      vertex   -1.044889e-02 -1.038823e-02 -3.200000e-03
    endloop
  endfacet
  facet normal 0.000000e+00 0.000000e+00 1.000000e+00
    outer loop
      vertex   -1.044889e-02 -1.038823e-02 -3.200000e-03
      vertex   -1.200000e-02 -1.000000e-02 -3.200000e-03
      vertex   -1.189778e-02 -1.077646e-02 -3.200000e-03
    endloop
  endfacet
  facet normal 0.000000e+00 0.000000e+00 1.000000e+00
    outer loop
      vertex   -1.044889e-02 -1.038823e-02 -3.200000e-03
      vertex   -1.189778e-02 -1.077646e-02 -3.200000e-03
      vertex   -1.029904e-02 -1.075000e-02 -3.200000e-03
    endloop
  endfacet
  facet normal 0.000000e+00 0.000000e+00 1.000000e+00
    outer loop
      vertex   -1.029904e-02 -1.075000e-02 -3.200000e-03
      vertex   -1.189778e-02 -1.077646e-02 -3.200000e-03
      vertex   -1.159808e-02 -1.150000e-02 -3.200000e-03
    endloop
  endfacet
  facet normal 0.000000e+00 0.000000e+00 1.000000e+00
    outer loop
      vertex   -1.029904e-02 -1.075000e-02 -3.200000e-03
      vertex   -1.159808e-02 -1.150000e-02 -3.200000e-03
      vertex   -1.006066e-02 -1.106066e-02 -3.200000e-03
    endloop
  endfacet
  facet normal 0.000000e+00 0.000000e+00 1.000000e+00
    outer loop
      vertex   -1.006066e-02 -1.106066e-02 -3.200000e-03
      vertex   -1.159808e-02 -1.150000e-02 -3.200000e-03
      vertex   -9.750000e-03 -1.129904e-02 -3.200000e-03
    endloop
  endfacet
  facet normal 0.000000e+00 0.000000e+00 1.000000e+00
    outer loop
      vertex   -9.750000e-03 -1.129904e-02 -3.200000e-03
      vertex   -1.159808e-02 -1.150000e-02 -3.200000e-03
      vertex   -9.388229e-03 -1.144889e-02 -3.200000e-03
    endloop
  endfacet
  facet normal 0.000000e+00 0.000000e+00 1.000000e+00
    outer loop
      vertex   -9.388229e-03 -1.144889e-02 -3.200000e-03
      vertex   -1.159808e-02 -1.150000e-02 -3.200000e-03
      vertex   -9.000000e-03 -1.150000e-02 -3.200000e-03
    endloop
  endfacet
  facet normal 0.000000e+00 0.000000e+00 1.000000e+00
    outer loop
      vertex   -1.440000e-01 -8.500000e-03 -3.200000e-03
      vertex   -1.465981e-01 -8.500000e-03 -3.200000e-03
      vertex   -1.443882e-01 -8.551111e-03 -3.200000e-03
    endloop
  endfacet
  facet normal 0.000000e+00 0.000000e+00 1.000000e+00
    outer loop
      vertex   -1.443882e-01 -8.551111e-03 -3.200000e-03
      vertex   -1.465981e-01 -8.500000e-03 -3.200000e-03
      vertex   -1.447500e-01 -8.700962e-03 -3.200000e-03
    endloop
  endfacet
  facet normal 0.000000e+00 0.000000e+00 1.000000e+00
    outer loop
      vertex   -1.447500e-01 -8.700962e-03 -3.200000e-03
      vertex   -1.465981e-01 -8.500000e-03 -3.200000e-03
      vertex   -1.450607e-01 -8.939340e-03 -3.200000e-03
    endloop
  endfacet
  facet normal 0.000000e+00 0.000000e+00 1.000000e+00
    outer loop
      vertex   -1.450607e-01 -8.939340e-03 -3.200000e-03
      vertex   -1.465981e-01 -8.500000e-03 -3.200000e-03
      vertex   -1.452990e-01 -9.250000e-03 -3.200000e-03
    endloop
  endfacet
  facet normal 0.000000e+00 0.000000e+00 1.000000e+00
    outer loop
      vertex   -1.452990e-01 -9.250000e-03 -3.200000e-03
      vertex   -1.465981e-01 -8.500000e-03 -3.200000e-03
      vertex   -1.468978e-01 -9.223543e-03 -3.200000e-03
    endloop
  endfacet
  facet normal 0.000000e+00 0.000000e+00 1.000000e+00
    outer loop
      vertex   -1.452990e-01 -9.250000e-03 -3.200000e-03
      vertex   -1.468978e-01 -9.223543e-03 -3.200000e-03
      vertex   -1.454489e-01 -9.611771e-03 -3.200000e-03
    endloop
  endfacet
  facet normal 0.000000e+00 0.000000e+00 1.000000e+00
    outer loop
      vertex   -1.454489e-01 -9.611771e-03 -3.200000e-03
      vertex   -1.468978e-01 -9.223543e-03 -3.200000e-03
      vertex   -1.470000e-01 -1.000000e-02 -3.200000e-03
    endloop
  endfacet
  facet normal 0.000000e+00 0.000000e+00 1.000000e+00
    outer loop
      vertex   -1.454489e-01 -9.611771e-03 -3.200000e-03
      vertex   -1.470000e-01 -1.000000e-02 -3.200000e-03
      vertex   -1.455000e-01 -1.000000e-02 -3.200000e-03
    endloop
  endfacet
  facet normal 0.000000e+00 0.000000e+00 1.000000e+00
    outer loop
      vertex   -1.455000e-01 -1.000000e-02 -3.200000e-03
      vertex   -1.470000e-01 -1.000000e-02 -3.200000e-03
      vertex   -1.454489e-01 -1.038823e-02 -3.200000e-03
    endloop
  endfacet
  facet normal 0.000000e+00 0.000000e+00 1.000000e+00
    outer loop
      vertex   -1.454489e-01 -1.038823e-02 -3.200000e-03
      vertex   -1.470000e-01 -1.000000e-02 -3.200000e-03
      vertex   -1.468978e-01 -1.077646e-02 -3.200000e-03
    endloop
  endfacet
  facet normal 0.000000e+00 0.000000e+00 1.000000e+00
    outer loop
      vertex   -1.454489e-01 -1.038823e-02 -3.200000e-03
      vertex   -1.468978e-01 -1.077646e-02 -3.200000e-03
      vertex   -1.452990e-01 -1.075000e-02 -3.200000e-03
    endloop
  endfacet
  facet normal 0.000000e+00 0.000000e+00 1.000000e+00
    outer loop
      vertex   -1.452990e-01 -1.075000e-02 -3.200000e-03
      vertex   -1.468978e-01 -1.077646e-02 -3.200000e-03
      vertex   -1.465981e-01 -1.150000e-02 -3.200000e-03
    endloop
  endfacet
  facet normal 0.000000e+00 0.000000e+00 1.000000e+00
    outer loop
      vertex   -1.452990e-01 -1.075000e-02 -3.200000e-03
      vertex   -1.465981e-01 -1.150000e-02 -3.200000e-03
      vertex   -1.450607e-01 -1.106066e-02 -3.200000e-03
    endloop
  endfacet
  facet normal 0.000000e+00 0.000000e+00 1.000000e+00
    outer loop
      vertex   -1.450607e-01 -1.106066e-02 -3.200000e-03
      vertex   -1.465981e-01 -1.150000e-02 -3.200000e-03
      vertex   -1.447500e-01 -1.129904e-02 -3.200000e-03
    endloop
  endfacet
  facet normal 0.000000e+00 0.000000e+00 1.000000e+00
    outer loop
      vertex   -1.447500e-01 -1.129904e-02 -3.200000e-03
      vertex   -1.465981e-01 -1.150000e-02 -3.200000e-03
      vertex   -1.443882e-01 -1.144889e-02 -3.200000e-03
    endloop
  endfacet
  facet normal 0.000000e+00 0.000000e+00 1.000000e+00
    outer loop
      vertex   -1.443882e-01 -1.144889e-02 -3.200000e-03
      vertex   -1.465981e-01 -1.150000e-02 -3.200000e-03
      vertex   -1.440000e-01 -1.150000e-02 -3.200000e-03
    endloop
  endfacet
  facet normal 0.000000e+00 1.000000e+00 0.000000e+00
    outer loop
      vertex   -1.600000e-01 -5.500000e-03 -6.000000e-04
      vertex   -1.594000e-01 -5.500000e-03 -1.626303e-19
      vertex   -9.000000e-03 -5.500000e-03 -6.000000e-04
    endloop
  endfacet
  facet normal 0.000000e+00 1.000000e+00 -0.000000e+00
    outer loop
      vertex   -9.000000e-03 -5.500000e-03 -6.000000e-04
      vertex   -1.594000e-01 -5.500000e-03 -1.626303e-19
      vertex   -9.000000e-03 -5.500000e-03 0.000000e+00
    endloop
  endfacet
  facet normal -1.305262e-01 9.914449e-01 0.000000e+00
    outer loop
      vertex   -9.000000e-03 -5.500000e-03 -6.000000e-04
      vertex   -9.000000e-03 -5.500000e-03 0.000000e+00
      vertex   -5.247124e-03 -5.005924e-03 -6.000000e-04
    endloop
  endfacet
  facet normal -1.305262e-01 9.914449e-01 0.000000e+00
    outer loop
      vertex   -5.247124e-03 -5.005924e-03 -6.000000e-04
      vertex   -9.000000e-03 -5.500000e-03 0.000000e+00
      vertex   -5.247124e-03 -5.005924e-03 0.000000e+00
    endloop
  endfacet
  facet normal -3.826834e-01 9.238795e-01 0.000000e+00
    outer loop
      vertex   -5.247124e-03 -5.005924e-03 -6.000000e-04
      vertex   -5.247124e-03 -5.005924e-03 0.000000e+00
      vertex   -1.750000e-03 -3.557368e-03 -6.000000e-04
    endloop
  endfacet
  facet normal -3.826834e-01 9.238795e-01 0.000000e+00
    outer loop
      vertex   -1.750000e-03 -3.557368e-03 -6.000000e-04
      vertex   -5.247124e-03 -5.005924e-03 0.000000e+00
      vertex   -1.750000e-03 -3.557368e-03 0.000000e+00
    endloop
  endfacet
  facet normal -6.087614e-01 7.933533e-01 0.000000e+00
    outer loop
      vertex   -1.750000e-03 -3.557368e-03 -6.000000e-04
      vertex   -1.750000e-03 -3.557368e-03 0.000000e+00
      vertex   1.253048e-03 -1.253048e-03 -6.000000e-04
    endloop
  endfacet
  facet normal -6.087614e-01 7.933533e-01 0.000000e+00
    outer loop
      vertex   1.253048e-03 -1.253048e-03 -6.000000e-04
      vertex   -1.750000e-03 -3.557368e-03 0.000000e+00
      vertex   1.253048e-03 -1.253048e-03 0.000000e+00
    endloop
  endfacet
  facet normal -7.933533e-01 6.087614e-01 0.000000e+00
    outer loop
      vertex   1.253048e-03 -1.253048e-03 -6.000000e-04
      vertex   1.253048e-03 -1.253048e-03 0.000000e+00
      vertex   3.557368e-03 1.750000e-03 -6.000000e-04
    endloop
  endfacet
  facet normal -7.933533e-01 6.087614e-01 0.000000e+00
    outer loop
      vertex   3.557368e-03 1.750000e-03 -6.000000e-04
      vertex   1.253048e-03 -1.253048e-03 0.000000e+00
      vertex   3.557368e-03 1.750000e-03 0.000000e+00
    endloop
  endfacet
  facet normal -9.238795e-01 3.826834e-01 0.000000e+00
    outer loop
      vertex   3.557368e-03 1.750000e-03 -6.000000e-04
      vertex   3.557368e-03 1.750000e-03 0.000000e+00
      vertex   5.005924e-03 5.247124e-03 -6.000000e-04
    endloop
  endfacet
  facet normal -9.238795e-01 3.826834e-01 0.000000e+00
    outer loop
      vertex   5.005924e-03 5.247124e-03 -6.000000e-04
      vertex   3.557368e-03 1.750000e-03 0.000000e+00
      vertex   5.005924e-03 5.247124e-03 0.000000e+00
    endloop
  endfacet
  facet normal -9.914449e-01 1.305262e-01 0.000000e+00
    outer loop
      vertex   5.005924e-03 5.247124e-03 -6.000000e-04
      vertex   5.005924e-03 5.247124e-03 0.000000e+00
      vertex   5.500000e-03 9.000000e-03 -6.000000e-04
    endloop
  endfacet
  facet normal -9.914449e-01 1.305262e-01 0.000000e+00
    outer loop
      vertex   5.500000e-03 9.000000e-03 -6.000000e-04
      vertex   5.005924e-03 5.247124e-03 0.000000e+00
      vertex   5.500000e-03 9.000000e-03 0.000000e+00
    endloop
  endfacet
  facet normal -1.000000e+00 0.000000e+00 0.000000e+00
    outer loop
      vertex   5.500000e-03 1.600000e-01 -6.000000e-04
      vertex   5.500000e-03 9.000000e-03 -6.000000e-04
      vertex   5.500000e-03 1.594000e-01 0.000000e+00
    endloop
  endfacet
  facet normal -1.000000e+00 -0.000000e+00 0.000000e+00
    outer loop
      vertex   5.500000e-03 1.594000e-01 0.000000e+00
      vertex   5.500000e-03 9.000000e-03 -6.000000e-04
      vertex   5.500000e-03 9.000000e-03 0.000000e+00
    endloop
  endfacet
  facet normal -0.000000e+00 0.000000e+00 1.000000e+00
    outer loop
      vertex   -1.599727e-01 -5.929448e-04 -6.000000e-04
      vertex   -1.600000e-01 -8.000000e-04 -6.000000e-04
      vertex   -1.592000e-01 -2.791417e-17 -6.000000e-04
    endloop
  endfacet
  facet normal 0.000000e+00 0.000000e+00 1.000000e+00
    outer loop
      vertex   -1.592000e-01 -2.791417e-17 -6.000000e-04
      vertex   -1.600000e-01 -8.000000e-04 -6.000000e-04
      vertex   -1.600000e-01 -5.500000e-03 -6.000000e-04
    endloop
  endfacet
  facet normal 0.000000e+00 0.000000e+00 1.000000e+00
    outer loop
      vertex   -1.592000e-01 -2.791417e-17 -6.000000e-04
      vertex   -1.600000e-01 -5.500000e-03 -6.000000e-04
      vertex   -9.000000e-03 -5.500000e-03 -6.000000e-04
    endloop
  endfacet
  facet normal -0.000000e+00 0.000000e+00 1.000000e+00
    outer loop
      vertex   -1.592000e-01 -2.791417e-17 -6.000000e-04
      vertex   -9.000000e-03 -5.500000e-03 -6.000000e-04
      vertex   -9.000000e-03 -6.938894e-18 -6.000000e-04
    endloop
  endfacet
  facet normal 0.000000e+00 0.000000e+00 1.000000e+00
    outer loop
      vertex   -9.000000e-03 -6.938894e-18 -6.000000e-04
      vertex   -9.000000e-03 -5.500000e-03 -6.000000e-04
      vertex   -5.247124e-03 -5.005924e-03 -6.000000e-04
    endloop
  endfacet
  facet normal -0.000000e+00 0.000000e+00 1.000000e+00
    outer loop
      vertex   -9.000000e-03 -6.938894e-18 -6.000000e-04
      vertex   -5.247124e-03 -5.005924e-03 -6.000000e-04
      vertex   -6.670629e-03 3.066676e-04 -6.000000e-04
    endloop
  endfacet
  facet normal 0.000000e+00 0.000000e+00 1.000000e+00
    outer loop
      vertex   -6.670629e-03 3.066676e-04 -6.000000e-04
      vertex   -5.247124e-03 -5.005924e-03 -6.000000e-04
      vertex   -1.750000e-03 -3.557368e-03 -6.000000e-04
    endloop
  endfacet
  facet normal -0.000000e+00 0.000000e+00 1.000000e+00
    outer loop
      vertex   -6.670629e-03 3.066676e-04 -6.000000e-04
      vertex   -1.750000e-03 -3.557368e-03 -6.000000e-04
      vertex   -4.500000e-03 1.205771e-03 -6.000000e-04
    endloop
  endfacet
  facet normal 0.000000e+00 0.000000e+00 1.000000e+00
    outer loop
      vertex   -4.500000e-03 1.205771e-03 -6.000000e-04
      vertex   -1.750000e-03 -3.557368e-03 -6.000000e-04
      vertex   1.253048e-03 -1.253048e-03 -6.000000e-04
    endloop
  endfacet
  facet normal -0.000000e+00 0.000000e+00 1.000000e+00
    outer loop
      vertex   -4.500000e-03 1.205771e-03 -6.000000e-04
      vertex   1.253048e-03 -1.253048e-03 -6.000000e-04
      vertex   -2.636039e-03 2.636039e-03 -6.000000e-04
    endloop
  endfacet
  facet normal 0.000000e+00 0.000000e+00 1.000000e+00
    outer loop
      vertex   -2.636039e-03 2.636039e-03 -6.000000e-04
      vertex   1.253048e-03 -1.253048e-03 -6.000000e-04
      vertex   3.557368e-03 1.750000e-03 -6.000000e-04
    endloop
  endfacet
  facet normal -0.000000e+00 0.000000e+00 1.000000e+00
    outer loop
      vertex   -2.636039e-03 2.636039e-03 -6.000000e-04
      vertex   3.557368e-03 1.750000e-03 -6.000000e-04
      vertex   -1.205771e-03 4.500000e-03 -6.000000e-04
    endloop
  endfacet
  facet normal -0.000000e+00 0.000000e+00 1.000000e+00
    outer loop
      vertex   -1.205771e-03 4.500000e-03 -6.000000e-04
      vertex   3.557368e-03 1.750000e-03 -6.000000e-04
      vertex   5.005924e-03 5.247124e-03 -6.000000e-04
    endloop
  endfacet
  facet normal 0.000000e+00 0.000000e+00 1.000000e+00
    outer loop
      vertex   -1.205771e-03 4.500000e-03 -6.000000e-04
      vertex   5.005924e-03 5.247124e-03 -6.000000e-04
      vertex   -3.066676e-04 6.670629e-03 -6.000000e-04
    endloop
  endfacet
  facet normal -0.000000e+00 0.000000e+00 1.000000e+00
    outer loop
      vertex   -3.066676e-04 6.670629e-03 -6.000000e-04
      vertex   5.005924e-03 5.247124e-03 -6.000000e-04
      vertex   3.814821e-17 9.000000e-03 -6.000000e-04
    endloop
  endfacet
  facet normal -0.000000e+00 0.000000e+00 1.000000e+00
    outer loop
      vertex   3.814821e-17 9.000000e-03 -6.000000e-04
      vertex   5.005924e-03 5.247124e-03 -6.000000e-04
      vertex   5.500000e-03 9.000000e-03 -6.000000e-04
    endloop
  endfacet
  facet normal 0.000000e+00 -0.000000e+00 1.000000e+00
    outer loop
      vertex   3.814821e-17 9.000000e-03 -6.000000e-04
      vertex   5.500000e-03 9.000000e-03 -6.000000e-04
      vertex   1.453169e-18 1.592000e-01 -6.000000e-04
    endloop
  endfacet
  facet normal -0.000000e+00 0.000000e+00 1.000000e+00
    outer loop
      vertex   1.453169e-18 1.592000e-01 -6.000000e-04
      vertex   5.500000e-03 9.000000e-03 -6.000000e-04
      vertex   5.500000e-03 1.600000e-01 -6.000000e-04
    endloop
  endfacet
  facet normal 0.000000e+00 0.000000e+00 1.000000e+00
    outer loop
      vertex   1.453169e-18 1.592000e-01 -6.000000e-04
      vertex   5.500000e-03 1.600000e-01 -6.000000e-04
      vertex   8.000000e-04 1.600000e-01 -6.000000e-04
    endloop
  endfacet
  facet normal -0.000000e+00 0.000000e+00 1.000000e+00
    outer loop
      vertex   5.929448e-04 1.599727e-01 -6.000000e-04
      vertex   4.000000e-04 1.598928e-01 -6.000000e-04
      vertex   8.000000e-04 1.600000e-01 -6.000000e-04
    endloop
  endfacet
  facet normal 0.000000e+00 0.000000e+00 1.000000e+00
    outer loop
      vertex   8.000000e-04 1.600000e-01 -6.000000e-04
      vertex   4.000000e-04 1.598928e-01 -6.000000e-04
      vertex   2.343146e-04 1.597657e-01 -6.000000e-04
    endloop
  endfacet
  facet normal 0.000000e+00 0.000000e+00 1.000000e+00
    outer loop
      vertex   8.000000e-04 1.600000e-01 -6.000000e-04
      vertex   2.343146e-04 1.597657e-01 -6.000000e-04
      vertex   1.071797e-04 1.596000e-01 -6.000000e-04
    endloop
  endfacet
  facet normal -0.000000e+00 0.000000e+00 1.000000e+00
    outer loop
      vertex   1.071797e-04 1.596000e-01 -6.000000e-04
      vertex   2.725934e-05 1.594071e-01 -6.000000e-04
      vertex   8.000000e-04 1.600000e-01 -6.000000e-04
    endloop
  endfacet
  facet normal 0.000000e+00 0.000000e+00 1.000000e+00
    outer loop
      vertex   8.000000e-04 1.600000e-01 -6.000000e-04
      vertex   2.725934e-05 1.594071e-01 -6.000000e-04
      vertex   1.453169e-18 1.592000e-01 -6.000000e-04
    endloop
  endfacet
  facet normal -0.000000e+00 0.000000e+00 1.000000e+00
    outer loop
      vertex   -1.594071e-01 -2.725934e-05 -6.000000e-04
      vertex   -1.596000e-01 -1.071797e-04 -6.000000e-04
      vertex   -1.592000e-01 -2.791417e-17 -6.000000e-04
    endloop
  endfacet
  facet normal 0.000000e+00 0.000000e+00 1.000000e+00
    outer loop
      vertex   -1.592000e-01 -2.791417e-17 -6.000000e-04
      vertex   -1.596000e-01 -1.071797e-04 -6.000000e-04
      vertex   -1.597657e-01 -2.343146e-04 -6.000000e-04
    endloop
  endfacet
  facet normal 0.000000e+00 0.000000e+00 1.000000e+00
    outer loop
      vertex   -1.592000e-01 -2.791417e-17 -6.000000e-04
      vertex   -1.597657e-01 -2.343146e-04 -6.000000e-04
      vertex   -1.598928e-01 -4.000000e-04 -6.000000e-04
    endloop
  endfacet
  facet normal -0.000000e+00 0.000000e+00 1.000000e+00
    outer loop
      vertex   -1.598928e-01 -4.000000e-04 -6.000000e-04
      vertex   -1.599727e-01 -5.929448e-04 -6.000000e-04
      vertex   -1.592000e-01 -2.791417e-17 -6.000000e-04
    endloop
  endfacet
  facet normal 9.257762e-01 8.584010e-02 -3.681982e-01
    outer loop
      vertex   1.263603e-02 1.568843e-01 -6.000000e-03
      vertex   1.262202e-02 1.570354e-01 -6.000000e-03
      vertex   1.300000e-02 1.572482e-01 -5.000000e-03
    endloop
  endfacet
  facet normal 9.257762e-01 8.584010e-02 -3.681982e-01
    outer loop
      vertex   1.300000e-02 1.572482e-01 -5.000000e-03
      vertex   1.262202e-02 1.570354e-01 -6.000000e-03
      vertex   1.298599e-02 1.573994e-01 -5.000000e-03
    endloop
  endfacet
  facet normal 8.752151e-01 2.546943e-01 -4.112534e-01
    outer loop
      vertex   1.298599e-02 1.573994e-01 -5.000000e-03
      vertex   1.262202e-02 1.570354e-01 -6.000000e-03
      vertex   1.258044e-02 1.571783e-01 -6.000000e-03
    endloop
  endfacet
  facet normal 8.752151e-01 2.546943e-01 -4.112534e-01
    outer loop
      vertex   1.298599e-02 1.573994e-01 -5.000000e-03
      vertex   1.258044e-02 1.571783e-01 -6.000000e-03
      vertex   1.294441e-02 1.575423e-01 -5.000000e-03
    endloop
  endfacet
  facet normal 7.958403e-01 4.151634e-01 -4.407693e-01
    outer loop
      vertex   1.294441e-02 1.575423e-01 -5.000000e-03
      vertex   1.258044e-02 1.571783e-01 -6.000000e-03
      vertex   1.251266e-02 1.573082e-01 -6.000000e-03
    endloop
  endfacet
  facet normal 7.958403e-01 4.151634e-01 -4.407693e-01
    outer loop
      vertex   1.294441e-02 1.575423e-01 -5.000000e-03
      vertex   1.251266e-02 1.573082e-01 -6.000000e-03
      vertex   1.287663e-02 1.576722e-01 -5.000000e-03
    endloop
  endfacet
  facet normal 6.902649e-01 5.619646e-01 -4.557743e-01
    outer loop
      vertex   1.287663e-02 1.576722e-01 -5.000000e-03
      vertex   1.251266e-02 1.573082e-01 -6.000000e-03
      vertex   1.242091e-02 1.574209e-01 -6.000000e-03
    endloop
  endfacet
  facet normal 6.902649e-01 5.619646e-01 -4.557743e-01
    outer loop
      vertex   1.287663e-02 1.576722e-01 -5.000000e-03
      vertex   1.242091e-02 1.574209e-01 -6.000000e-03
      vertex   1.278488e-02 1.577849e-01 -5.000000e-03
    endloop
  endfacet
  facet normal 5.619646e-01 6.902649e-01 -4.557743e-01
    outer loop
      vertex   1.278488e-02 1.577849e-01 -5.000000e-03
      vertex   1.242091e-02 1.574209e-01 -6.000000e-03
      vertex   1.267219e-02 1.578766e-01 -5.000000e-03
    endloop
  endfacet
  facet normal 5.619646e-01 6.902649e-01 -4.557743e-01
    outer loop
      vertex   1.267219e-02 1.578766e-01 -5.000000e-03
      vertex   1.242091e-02 1.574209e-01 -6.000000e-03
      vertex   1.230822e-02 1.575127e-01 -6.000000e-03
    endloop
  endfacet
  facet normal 4.151634e-01 7.958403e-01 -4.407693e-01
    outer loop
      vertex   1.267219e-02 1.578766e-01 -5.000000e-03
      vertex   1.230822e-02 1.575127e-01 -6.000000e-03
      vertex   1.254227e-02 1.579444e-01 -5.000000e-03
    endloop
  endfacet
  facet normal 4.151634e-01 7.958403e-01 -4.407693e-01
    outer loop
      vertex   1.254227e-02 1.579444e-01 -5.000000e-03
      vertex   1.230822e-02 1.575127e-01 -6.000000e-03
      vertex   1.217830e-02 1.575804e-01 -6.000000e-03
    endloop
  endfacet
  facet normal 2.546943e-01 8.752151e-01 -4.112534e-01
    outer loop
      vertex   1.254227e-02 1.579444e-01 -5.000000e-03
      vertex   1.217830e-02 1.575804e-01 -6.000000e-03
      vertex   1.239938e-02 1.579860e-01 -5.000000e-03
    endloop
  endfacet
  facet normal 2.546943e-01 8.752151e-01 -4.112534e-01
    outer loop
      vertex   1.239938e-02 1.579860e-01 -5.000000e-03
      vertex   1.217830e-02 1.575804e-01 -6.000000e-03
      vertex   1.203541e-02 1.576220e-01 -6.000000e-03
    endloop
  endfacet
  facet normal 8.584010e-02 9.257762e-01 -3.681982e-01
    outer loop
      vertex   1.239938e-02 1.579860e-01 -5.000000e-03
      vertex   1.203541e-02 1.576220e-01 -6.000000e-03
      vertex   1.224825e-02 1.580000e-01 -5.000000e-03
    endloop
  endfacet
  facet normal 8.584010e-02 9.257762e-01 -3.681982e-01
    outer loop
      vertex   1.224825e-02 1.580000e-01 -5.000000e-03
      vertex   1.203541e-02 1.576220e-01 -6.000000e-03
      vertex   1.188428e-02 1.576360e-01 -6.000000e-03
    endloop
  endfacet
  facet normal -8.584010e-02 9.257762e-01 -3.681982e-01
    outer loop
      vertex   8.115724e-03 1.576360e-01 -6.000000e-03
      vertex   7.964586e-03 1.576220e-01 -6.000000e-03
      vertex   7.751754e-03 1.580000e-01 -5.000000e-03
    endloop
  endfacet
  facet normal -8.584010e-02 9.257762e-01 -3.681982e-01
    outer loop
      vertex   7.751754e-03 1.580000e-01 -5.000000e-03
      vertex   7.964586e-03 1.576220e-01 -6.000000e-03
      vertex   7.600616e-03 1.579860e-01 -5.000000e-03
    endloop
  endfacet
  facet normal -2.546943e-01 8.752151e-01 -4.112534e-01
    outer loop
      vertex   7.600616e-03 1.579860e-01 -5.000000e-03
      vertex   7.964586e-03 1.576220e-01 -6.000000e-03
      vertex   7.821702e-03 1.575804e-01 -6.000000e-03
    endloop
  endfacet
  facet normal -2.546943e-01 8.752151e-01 -4.112534e-01
    outer loop
      vertex   7.600616e-03 1.579860e-01 -5.000000e-03
      vertex   7.821702e-03 1.575804e-01 -6.000000e-03
      vertex   7.457732e-03 1.579444e-01 -5.000000e-03
    endloop
  endfacet
  facet normal -4.151634e-01 7.958403e-01 -4.407693e-01
    outer loop
      vertex   7.457732e-03 1.579444e-01 -5.000000e-03
      vertex   7.821702e-03 1.575804e-01 -6.000000e-03
      vertex   7.691776e-03 1.575127e-01 -6.000000e-03
    endloop
  endfacet
  facet normal -4.151634e-01 7.958403e-01 -4.407693e-01
    outer loop
      vertex   7.457732e-03 1.579444e-01 -5.000000e-03
      vertex   7.691776e-03 1.575127e-01 -6.000000e-03
      vertex   7.327806e-03 1.578766e-01 -5.000000e-03
    endloop
  endfacet
  facet normal -5.619646e-01 6.902649e-01 -4.557743e-01
    outer loop
      vertex   7.327806e-03 1.578766e-01 -5.000000e-03
      vertex   7.691776e-03 1.575127e-01 -6.000000e-03
      vertex   7.579086e-03 1.574209e-01 -6.000000e-03
    endloop
  endfacet
  facet normal -5.619646e-01 6.902649e-01 -4.557743e-01
    outer loop
      vertex   7.327806e-03 1.578766e-01 -5.000000e-03
      vertex   7.579086e-03 1.574209e-01 -6.000000e-03
      vertex   7.215116e-03 1.577849e-01 -5.000000e-03
    endloop
  endfacet
  facet normal -6.902649e-01 5.619646e-01 -4.557743e-01
    outer loop
      vertex   7.215116e-03 1.577849e-01 -5.000000e-03
      vertex   7.579086e-03 1.574209e-01 -6.000000e-03
      vertex   7.123372e-03 1.576722e-01 -5.000000e-03
    endloop
  endfacet
  facet normal -6.902649e-01 5.619646e-01 -4.557743e-01
    outer loop
      vertex   7.123372e-03 1.576722e-01 -5.000000e-03
      vertex   7.579086e-03 1.574209e-01 -6.000000e-03
      vertex   7.487342e-03 1.573082e-01 -6.000000e-03
    endloop
  endfacet
  facet normal -7.958403e-01 4.151634e-01 -4.407693e-01
    outer loop
      vertex   7.123372e-03 1.576722e-01 -5.000000e-03
      vertex   7.487342e-03 1.573082e-01 -6.000000e-03
      vertex   7.055594e-03 1.575423e-01 -5.000000e-03
    endloop
  endfacet
  facet normal -7.958403e-01 4.151634e-01 -4.407693e-01
    outer loop
      vertex   7.055594e-03 1.575423e-01 -5.000000e-03
      vertex   7.487342e-03 1.573082e-01 -6.000000e-03
      vertex   7.419564e-03 1.571783e-01 -6.000000e-03
    endloop
  endfacet
  facet normal -8.752151e-01 2.546943e-01 -4.112534e-01
    outer loop
      vertex   7.055594e-03 1.575423e-01 -5.000000e-03
      vertex   7.419564e-03 1.571783e-01 -6.000000e-03
      vertex   7.014014e-03 1.573994e-01 -5.000000e-03
    endloop
  endfacet
  facet normal -8.752151e-01 2.546943e-01 -4.112534e-01
    outer loop
      vertex   7.014014e-03 1.573994e-01 -5.000000e-03
      vertex   7.419564e-03 1.571783e-01 -6.000000e-03
      vertex   7.377984e-03 1.570354e-01 -6.000000e-03
    endloop
  endfacet
  facet normal -9.257762e-01 8.584010e-02 -3.681982e-01
    outer loop
      vertex   7.014014e-03 1.573994e-01 -5.000000e-03
      vertex   7.377984e-03 1.570354e-01 -6.000000e-03
      vertex   7.000000e-03 1.572482e-01 -5.000000e-03
    endloop
  endfacet
  facet normal -9.257762e-01 8.584010e-02 -3.681982e-01
    outer loop
      vertex   7.000000e-03 1.572482e-01 -5.000000e-03
      vertex   7.377984e-03 1.570354e-01 -6.000000e-03
      vertex   7.363970e-03 1.568843e-01 -6.000000e-03
    endloop
  endfacet
  facet normal -9.257762e-01 -8.584010e-02 -3.681982e-01
    outer loop
      vertex   7.363970e-03 3.115724e-03 -6.000000e-03
      vertex   7.377984e-03 2.964586e-03 -6.000000e-03
      vertex   7.000000e-03 2.751754e-03 -5.000000e-03
    endloop
  endfacet
  facet normal -9.257762e-01 -8.584010e-02 -3.681982e-01
    outer loop
      vertex   7.000000e-03 2.751754e-03 -5.000000e-03
      vertex   7.377984e-03 2.964586e-03 -6.000000e-03
      vertex   7.014014e-03 2.600616e-03 -5.000000e-03
    endloop
  endfacet
  facet normal -8.752151e-01 -2.546943e-01 -4.112534e-01
    outer loop
      vertex   7.014014e-03 2.600616e-03 -5.000000e-03
      vertex   7.377984e-03 2.964586e-03 -6.000000e-03
      vertex   7.419564e-03 2.821702e-03 -6.000000e-03
    endloop
  endfacet
  facet normal -8.752151e-01 -2.546943e-01 -4.112534e-01
    outer loop
      vertex   7.014014e-03 2.600616e-03 -5.000000e-03
      vertex   7.419564e-03 2.821702e-03 -6.000000e-03
      vertex   7.055594e-03 2.457732e-03 -5.000000e-03
    endloop
  endfacet
  facet normal -7.958403e-01 -4.151634e-01 -4.407693e-01
    outer loop
      vertex   7.055594e-03 2.457732e-03 -5.000000e-03
      vertex   7.419564e-03 2.821702e-03 -6.000000e-03
      vertex   7.487342e-03 2.691776e-03 -6.000000e-03
    endloop
  endfacet
  facet normal -7.958403e-01 -4.151634e-01 -4.407693e-01
    outer loop
      vertex   7.055594e-03 2.457732e-03 -5.000000e-03
      vertex   7.487342e-03 2.691776e-03 -6.000000e-03
      vertex   7.123372e-03 2.327806e-03 -5.000000e-03
    endloop
  endfacet
  facet normal -6.902649e-01 -5.619646e-01 -4.557743e-01
    outer loop
      vertex   7.123372e-03 2.327806e-03 -5.000000e-03
      vertex   7.487342e-03 2.691776e-03 -6.000000e-03
      vertex   7.579086e-03 2.579086e-03 -6.000000e-03
    endloop
  endfacet
  facet normal -6.902649e-01 -5.619646e-01 -4.557743e-01
    outer loop
      vertex   7.123372e-03 2.327806e-03 -5.000000e-03
      vertex   7.579086e-03 2.579086e-03 -6.000000e-03
      vertex   7.215116e-03 2.215116e-03 -5.000000e-03
    endloop
  endfacet
  facet normal -5.619646e-01 -6.902649e-01 -4.557743e-01
    outer loop
      vertex   7.215116e-03 2.215116e-03 -5.000000e-03
      vertex   7.579086e-03 2.579086e-03 -6.000000e-03
      vertex   7.327806e-03 2.123372e-03 -5.000000e-03
    endloop
  endfacet
  facet normal -5.619646e-01 -6.902649e-01 -4.557743e-01
    outer loop
      vertex   7.327806e-03 2.123372e-03 -5.000000e-03
      vertex   7.579086e-03 2.579086e-03 -6.000000e-03
      vertex   7.691776e-03 2.487342e-03 -6.000000e-03
    endloop
  endfacet
  facet normal -4.151634e-01 -7.958403e-01 -4.407693e-01
    outer loop
      vertex   7.327806e-03 2.123372e-03 -5.000000e-03
      vertex   7.691776e-03 2.487342e-03 -6.000000e-03
      vertex   7.457732e-03 2.055594e-03 -5.000000e-03
    endloop
  endfacet
  facet normal -4.151634e-01 -7.958403e-01 -4.407693e-01
    outer loop
      vertex   7.457732e-03 2.055594e-03 -5.000000e-03
      vertex   7.691776e-03 2.487342e-03 -6.000000e-03
      vertex   7.821702e-03 2.419564e-03 -6.000000e-03
    endloop
  endfacet
  facet normal -2.546943e-01 -8.752151e-01 -4.112534e-01
    outer loop
      vertex   7.457732e-03 2.055594e-03 -5.000000e-03
      vertex   7.821702e-03 2.419564e-03 -6.000000e-03
      vertex   7.600616e-03 2.014014e-03 -5.000000e-03
    endloop
  endfacet
  facet normal -2.546943e-01 -8.752151e-01 -4.112534e-01
    outer loop
      vertex   7.600616e-03 2.014014e-03 -5.000000e-03
      vertex   7.821702e-03 2.419564e-03 -6.000000e-03
      vertex   7.964586e-03 2.377984e-03 -6.000000e-03
    endloop
  endfacet
  facet normal -8.584010e-02 -9.257762e-01 -3.681982e-01
    outer loop
      vertex   7.600616e-03 2.014014e-03 -5.000000e-03
      vertex   7.964586e-03 2.377984e-03 -6.000000e-03
      vertex   7.751754e-03 2.000000e-03 -5.000000e-03
    endloop
  endfacet
  facet normal -8.584010e-02 -9.257762e-01 -3.681982e-01
    outer loop
      vertex   7.751754e-03 2.000000e-03 -5.000000e-03
      vertex   7.964586e-03 2.377984e-03 -6.000000e-03
      vertex   8.115724e-03 2.363970e-03 -6.000000e-03
    endloop
  endfacet
  facet normal 8.584010e-02 -9.257762e-01 -3.681982e-01
    outer loop
      vertex   1.188428e-02 2.363970e-03 -6.000000e-03
      vertex   1.203541e-02 2.377984e-03 -6.000000e-03
      vertex   1.224825e-02 2.000000e-03 -5.000000e-03
    endloop
  endfacet
  facet normal 8.584010e-02 -9.257762e-01 -3.681982e-01
    outer loop
      vertex   1.224825e-02 2.000000e-03 -5.000000e-03
      vertex   1.203541e-02 2.377984e-03 -6.000000e-03
      vertex   1.239938e-02 2.014014e-03 -5.000000e-03
    endloop
  endfacet
  facet normal 2.546943e-01 -8.752151e-01 -4.112534e-01
    outer loop
      vertex   1.239938e-02 2.014014e-03 -5.000000e-03
      vertex   1.203541e-02 2.377984e-03 -6.000000e-03
      vertex   1.217830e-02 2.419564e-03 -6.000000e-03
    endloop
  endfacet
  facet normal 2.546943e-01 -8.752151e-01 -4.112534e-01
    outer loop
      vertex   1.239938e-02 2.014014e-03 -5.000000e-03
      vertex   1.217830e-02 2.419564e-03 -6.000000e-03
      vertex   1.254227e-02 2.055594e-03 -5.000000e-03
    endloop
  endfacet
  facet normal 4.151634e-01 -7.958403e-01 -4.407693e-01
    outer loop
      vertex   1.254227e-02 2.055594e-03 -5.000000e-03
      vertex   1.217830e-02 2.419564e-03 -6.000000e-03
      vertex   1.230822e-02 2.487342e-03 -6.000000e-03
    endloop
  endfacet
  facet normal 4.151634e-01 -7.958403e-01 -4.407693e-01
    outer loop
      vertex   1.254227e-02 2.055594e-03 -5.000000e-03
      vertex   1.230822e-02 2.487342e-03 -6.000000e-03
      vertex   1.267219e-02 2.123372e-03 -5.000000e-03
    endloop
  endfacet
  facet normal 5.619646e-01 -6.902649e-01 -4.557743e-01
    outer loop
      vertex   1.267219e-02 2.123372e-03 -5.000000e-03
      vertex   1.230822e-02 2.487342e-03 -6.000000e-03
      vertex   1.242091e-02 2.579086e-03 -6.000000e-03
    endloop
  endfacet
  facet normal 5.619646e-01 -6.902649e-01 -4.557743e-01
    outer loop
      vertex   1.267219e-02 2.123372e-03 -5.000000e-03
      vertex   1.242091e-02 2.579086e-03 -6.000000e-03
      vertex   1.278488e-02 2.215116e-03 -5.000000e-03
    endloop
  endfacet
  facet normal 6.902649e-01 -5.619646e-01 -4.557743e-01
    outer loop
      vertex   1.278488e-02 2.215116e-03 -5.000000e-03
      vertex   1.242091e-02 2.579086e-03 -6.000000e-03
      vertex   1.287663e-02 2.327806e-03 -5.000000e-03
    endloop
  endfacet
  facet normal 6.902649e-01 -5.619646e-01 -4.557743e-01
    outer loop
      vertex   1.287663e-02 2.327806e-03 -5.000000e-03
      vertex   1.242091e-02 2.579086e-03 -6.000000e-03
      vertex   1.251266e-02 2.691776e-03 -6.000000e-03
    endloop
  endfacet
  facet normal 7.958403e-01 -4.151634e-01 -4.407693e-01
    outer loop
      vertex   1.287663e-02 2.327806e-03 -5.000000e-03
      vertex   1.251266e-02 2.691776e-03 -6.000000e-03
      vertex   1.294441e-02 2.457732e-03 -5.000000e-03
    endloop
  endfacet
  facet normal 7.958403e-01 -4.151634e-01 -4.407693e-01
    outer loop
      vertex   1.294441e-02 2.457732e-03 -5.000000e-03
      vertex   1.251266e-02 2.691776e-03 -6.000000e-03
      vertex   1.258044e-02 2.821702e-03 -6.000000e-03
    endloop
  endfacet
  facet normal 8.752151e-01 -2.546943e-01 -4.112534e-01
    outer loop
      vertex   1.294441e-02 2.457732e-03 -5.000000e-03
      vertex   1.258044e-02 2.821702e-03 -6.000000e-03
      vertex   1.298599e-02 2.600616e-03 -5.000000e-03
    endloop
  endfacet
  facet normal 8.752151e-01 -2.546943e-01 -4.112534e-01
    outer loop
      vertex   1.298599e-02 2.600616e-03 -5.000000e-03
      vertex   1.258044e-02 2.821702e-03 -6.000000e-03
      vertex   1.262202e-02 2.964586e-03 -6.000000e-03
    endloop
  endfacet
  facet normal 9.257762e-01 -8.584010e-02 -3.681982e-01
    outer loop
      vertex   1.298599e-02 2.600616e-03 -5.000000e-03
      vertex   1.262202e-02 2.964586e-03 -6.000000e-03
      vertex   1.300000e-02 2.751754e-03 -5.000000e-03
    endloop
  endfacet
  facet normal 9.257762e-01 -8.584010e-02 -3.681982e-01
    outer loop
      vertex   1.300000e-02 2.751754e-03 -5.000000e-03
      vertex   1.262202e-02 2.964586e-03 -6.000000e-03
      vertex   1.263603e-02 3.115724e-03 -6.000000e-03
    endloop
  endfacet
  facet normal -9.257762e-01 -8.584010e-02 -3.681982e-01
    outer loop
      vertex   -1.576360e-01 -1.188428e-02 -6.000000e-03
      vertex   -1.576220e-01 -1.203541e-02 -6.000000e-03
      vertex   -1.580000e-01 -1.224825e-02 -5.000000e-03
    endloop
  endfacet
  facet normal -9.257762e-01 -8.584010e-02 -3.681982e-01
    outer loop
      vertex   -1.580000e-01 -1.224825e-02 -5.000000e-03
      vertex   -1.576220e-01 -1.203541e-02 -6.000000e-03
      vertex   -1.579860e-01 -1.239938e-02 -5.000000e-03
    endloop
  endfacet
  facet normal -8.752151e-01 -2.546943e-01 -4.112534e-01
    outer loop
      vertex   -1.579860e-01 -1.239938e-02 -5.000000e-03
      vertex   -1.576220e-01 -1.203541e-02 -6.000000e-03
      vertex   -1.575804e-01 -1.217830e-02 -6.000000e-03
    endloop
  endfacet
  facet normal -8.752151e-01 -2.546943e-01 -4.112534e-01
    outer loop
      vertex   -1.579860e-01 -1.239938e-02 -5.000000e-03
      vertex   -1.575804e-01 -1.217830e-02 -6.000000e-03
      vertex   -1.579444e-01 -1.254227e-02 -5.000000e-03
    endloop
  endfacet
  facet normal -7.958403e-01 -4.151634e-01 -4.407693e-01
    outer loop
      vertex   -1.579444e-01 -1.254227e-02 -5.000000e-03
      vertex   -1.575804e-01 -1.217830e-02 -6.000000e-03
      vertex   -1.575127e-01 -1.230822e-02 -6.000000e-03
    endloop
  endfacet
  facet normal -7.958403e-01 -4.151634e-01 -4.407693e-01
    outer loop
      vertex   -1.579444e-01 -1.254227e-02 -5.000000e-03
      vertex   -1.575127e-01 -1.230822e-02 -6.000000e-03
      vertex   -1.578766e-01 -1.267219e-02 -5.000000e-03
    endloop
  endfacet
  facet normal -6.902649e-01 -5.619646e-01 -4.557743e-01
    outer loop
      vertex   -1.578766e-01 -1.267219e-02 -5.000000e-03
      vertex   -1.575127e-01 -1.230822e-02 -6.000000e-03
      vertex   -1.574209e-01 -1.242091e-02 -6.000000e-03
    endloop
  endfacet
  facet normal -6.902649e-01 -5.619646e-01 -4.557743e-01
    outer loop
      vertex   -1.578766e-01 -1.267219e-02 -5.000000e-03
      vertex   -1.574209e-01 -1.242091e-02 -6.000000e-03
      vertex   -1.577849e-01 -1.278488e-02 -5.000000e-03
    endloop
  endfacet
  facet normal -5.619646e-01 -6.902649e-01 -4.557743e-01
    outer loop
      vertex   -1.577849e-01 -1.278488e-02 -5.000000e-03
      vertex   -1.574209e-01 -1.242091e-02 -6.000000e-03
      vertex   -1.576722e-01 -1.287663e-02 -5.000000e-03
    endloop
  endfacet
  facet normal -5.619646e-01 -6.902649e-01 -4.557743e-01
    outer loop
      vertex   -1.576722e-01 -1.287663e-02 -5.000000e-03
      vertex   -1.574209e-01 -1.242091e-02 -6.000000e-03
      vertex   -1.573082e-01 -1.251266e-02 -6.000000e-03
    endloop
  endfacet
  facet normal -4.151634e-01 -7.958403e-01 -4.407693e-01
    outer loop
      vertex   -1.576722e-01 -1.287663e-02 -5.000000e-03
      vertex   -1.573082e-01 -1.251266e-02 -6.000000e-03
      vertex   -1.575423e-01 -1.294441e-02 -5.000000e-03
    endloop
  endfacet
  facet normal -4.151634e-01 -7.958403e-01 -4.407693e-01
    outer loop
      vertex   -1.575423e-01 -1.294441e-02 -5.000000e-03
      vertex   -1.573082e-01 -1.251266e-02 -6.000000e-03
      vertex   -1.571783e-01 -1.258044e-02 -6.000000e-03
    endloop
  endfacet
  facet normal -2.546943e-01 -8.752151e-01 -4.112534e-01
    outer loop
      vertex   -1.575423e-01 -1.294441e-02 -5.000000e-03
      vertex   -1.571783e-01 -1.258044e-02 -6.000000e-03
      vertex   -1.573994e-01 -1.298599e-02 -5.000000e-03
    endloop
  endfacet
  facet normal -2.546943e-01 -8.752151e-01 -4.112534e-01
    outer loop
      vertex   -1.573994e-01 -1.298599e-02 -5.000000e-03
      vertex   -1.571783e-01 -1.258044e-02 -6.000000e-03
      vertex   -1.570354e-01 -1.262202e-02 -6.000000e-03
    endloop
  endfacet
  facet normal -8.584010e-02 -9.257762e-01 -3.681982e-01
    outer loop
      vertex   -1.573994e-01 -1.298599e-02 -5.000000e-03
      vertex   -1.570354e-01 -1.262202e-02 -6.000000e-03
      vertex   -1.572482e-01 -1.300000e-02 -5.000000e-03
    endloop
  endfacet
  facet normal -8.584010e-02 -9.257762e-01 -3.681982e-01
    outer loop
      vertex   -1.572482e-01 -1.300000e-02 -5.000000e-03
      vertex   -1.570354e-01 -1.262202e-02 -6.000000e-03
      vertex   -1.568843e-01 -1.263603e-02 -6.000000e-03
    endloop
  endfacet
  facet normal -8.584010e-02 9.257762e-01 -3.681982e-01
    outer loop
      vertex   -1.568843e-01 -7.363970e-03 -6.000000e-03
      vertex   -1.570354e-01 -7.377984e-03 -6.000000e-03
      vertex   -1.572482e-01 -7.000000e-03 -5.000000e-03
    endloop
  endfacet
  facet normal -8.584010e-02 9.257762e-01 -3.681982e-01
    outer loop
      vertex   -1.572482e-01 -7.000000e-03 -5.000000e-03
      vertex   -1.570354e-01 -7.377984e-03 -6.000000e-03
      vertex   -1.573994e-01 -7.014014e-03 -5.000000e-03
    endloop
  endfacet
  facet normal -2.546943e-01 8.752151e-01 -4.112534e-01
    outer loop
      vertex   -1.573994e-01 -7.014014e-03 -5.000000e-03
      vertex   -1.570354e-01 -7.377984e-03 -6.000000e-03
      vertex   -1.571783e-01 -7.419564e-03 -6.000000e-03
    endloop
  endfacet
  facet normal -2.546943e-01 8.752151e-01 -4.112534e-01
    outer loop
      vertex   -1.573994e-01 -7.014014e-03 -5.000000e-03
      vertex   -1.571783e-01 -7.419564e-03 -6.000000e-03
      vertex   -1.575423e-01 -7.055594e-03 -5.000000e-03
    endloop
  endfacet
  facet normal -4.151634e-01 7.958403e-01 -4.407693e-01
    outer loop
      vertex   -1.575423e-01 -7.055594e-03 -5.000000e-03
      vertex   -1.571783e-01 -7.419564e-03 -6.000000e-03
      vertex   -1.573082e-01 -7.487342e-03 -6.000000e-03
    endloop
  endfacet
  facet normal -4.151634e-01 7.958403e-01 -4.407693e-01
    outer loop
      vertex   -1.575423e-01 -7.055594e-03 -5.000000e-03
      vertex   -1.573082e-01 -7.487342e-03 -6.000000e-03
      vertex   -1.576722e-01 -7.123372e-03 -5.000000e-03
    endloop
  endfacet
  facet normal -5.619646e-01 6.902649e-01 -4.557743e-01
    outer loop
      vertex   -1.576722e-01 -7.123372e-03 -5.000000e-03
      vertex   -1.573082e-01 -7.487342e-03 -6.000000e-03
      vertex   -1.574209e-01 -7.579086e-03 -6.000000e-03
    endloop
  endfacet
  facet normal -5.619646e-01 6.902649e-01 -4.557743e-01
    outer loop
      vertex   -1.576722e-01 -7.123372e-03 -5.000000e-03
      vertex   -1.574209e-01 -7.579086e-03 -6.000000e-03
      vertex   -1.577849e-01 -7.215116e-03 -5.000000e-03
    endloop
  endfacet
  facet normal -6.902649e-01 5.619646e-01 -4.557743e-01
    outer loop
      vertex   -1.577849e-01 -7.215116e-03 -5.000000e-03
      vertex   -1.574209e-01 -7.579086e-03 -6.000000e-03
      vertex   -1.578766e-01 -7.327806e-03 -5.000000e-03
    endloop
  endfacet
  facet normal -6.902649e-01 5.619646e-01 -4.557743e-01
    outer loop
      vertex   -1.578766e-01 -7.327806e-03 -5.000000e-03
      vertex   -1.574209e-01 -7.579086e-03 -6.000000e-03
      vertex   -1.575127e-01 -7.691776e-03 -6.000000e-03
    endloop
  endfacet
  facet normal -7.958403e-01 4.151634e-01 -4.407693e-01
    outer loop
      vertex   -1.578766e-01 -7.327806e-03 -5.000000e-03
      vertex   -1.575127e-01 -7.691776e-03 -6.000000e-03
      vertex   -1.579444e-01 -7.457732e-03 -5.000000e-03
    endloop
  endfacet
  facet normal -7.958403e-01 4.151634e-01 -4.407693e-01
    outer loop
      vertex   -1.579444e-01 -7.457732e-03 -5.000000e-03
      vertex   -1.575127e-01 -7.691776e-03 -6.000000e-03
      vertex   -1.575804e-01 -7.821702e-03 -6.000000e-03
    endloop
  endfacet
  facet normal -8.752151e-01 2.546943e-01 -4.112534e-01
    outer loop
      vertex   -1.579444e-01 -7.457732e-03 -5.000000e-03
      vertex   -1.575804e-01 -7.821702e-03 -6.000000e-03
      vertex   -1.579860e-01 -7.600616e-03 -5.000000e-03
    endloop
  endfacet
  facet normal -8.752151e-01 2.546943e-01 -4.112534e-01
    outer loop
      vertex   -1.579860e-01 -7.600616e-03 -5.000000e-03
      vertex   -1.575804e-01 -7.821702e-03 -6.000000e-03
      vertex   -1.576220e-01 -7.964586e-03 -6.000000e-03
    endloop
  endfacet
  facet normal -9.257762e-01 8.584010e-02 -3.681982e-01
    outer loop
      vertex   -1.579860e-01 -7.600616e-03 -5.000000e-03
      vertex   -1.576220e-01 -7.964586e-03 -6.000000e-03
      vertex   -1.580000e-01 -7.751754e-03 -5.000000e-03
    endloop
  endfacet
  facet normal -9.257762e-01 8.584010e-02 -3.681982e-01
    outer loop
      vertex   -1.580000e-01 -7.751754e-03 -5.000000e-03
      vertex   -1.576220e-01 -7.964586e-03 -6.000000e-03
      vertex   -1.576360e-01 -8.115724e-03 -6.000000e-03
    endloop
  endfacet
  facet normal 8.584010e-02 -9.257762e-01 -3.681982e-01
    outer loop
      vertex   -3.115724e-03 -1.263603e-02 -6.000000e-03
      vertex   -2.964586e-03 -1.262202e-02 -6.000000e-03
      vertex   -2.751754e-03 -1.300000e-02 -5.000000e-03
    endloop
  endfacet
  facet normal 8.584010e-02 -9.257762e-01 -3.681982e-01
    outer loop
      vertex   -2.751754e-03 -1.300000e-02 -5.000000e-03
      vertex   -2.964586e-03 -1.262202e-02 -6.000000e-03
      vertex   -2.600616e-03 -1.298599e-02 -5.000000e-03
    endloop
  endfacet
  facet normal 2.546943e-01 -8.752151e-01 -4.112534e-01
    outer loop
      vertex   -2.600616e-03 -1.298599e-02 -5.000000e-03
      vertex   -2.964586e-03 -1.262202e-02 -6.000000e-03
      vertex   -2.821702e-03 -1.258044e-02 -6.000000e-03
    endloop
  endfacet
  facet normal 2.546943e-01 -8.752151e-01 -4.112534e-01
    outer loop
      vertex   -2.600616e-03 -1.298599e-02 -5.000000e-03
      vertex   -2.821702e-03 -1.258044e-02 -6.000000e-03
      vertex   -2.457732e-03 -1.294441e-02 -5.000000e-03
    endloop
  endfacet
  facet normal 4.151634e-01 -7.958403e-01 -4.407693e-01
    outer loop
      vertex   -2.457732e-03 -1.294441e-02 -5.000000e-03
      vertex   -2.821702e-03 -1.258044e-02 -6.000000e-03
      vertex   -2.691776e-03 -1.251266e-02 -6.000000e-03
    endloop
  endfacet
  facet normal 4.151634e-01 -7.958403e-01 -4.407693e-01
    outer loop
      vertex   -2.457732e-03 -1.294441e-02 -5.000000e-03
      vertex   -2.691776e-03 -1.251266e-02 -6.000000e-03
      vertex   -2.327806e-03 -1.287663e-02 -5.000000e-03
    endloop
  endfacet
  facet normal 5.619646e-01 -6.902649e-01 -4.557743e-01
    outer loop
      vertex   -2.327806e-03 -1.287663e-02 -5.000000e-03
      vertex   -2.691776e-03 -1.251266e-02 -6.000000e-03
      vertex   -2.579086e-03 -1.242091e-02 -6.000000e-03
    endloop
  endfacet
  facet normal 5.619646e-01 -6.902649e-01 -4.557743e-01
    outer loop
      vertex   -2.327806e-03 -1.287663e-02 -5.000000e-03
      vertex   -2.579086e-03 -1.242091e-02 -6.000000e-03
      vertex   -2.215116e-03 -1.278488e-02 -5.000000e-03
    endloop
  endfacet
  facet normal 6.902649e-01 -5.619646e-01 -4.557743e-01
    outer loop
      vertex   -2.215116e-03 -1.278488e-02 -5.000000e-03
      vertex   -2.579086e-03 -1.242091e-02 -6.000000e-03
      vertex   -2.123372e-03 -1.267219e-02 -5.000000e-03
    endloop
  endfacet
  facet normal 6.902649e-01 -5.619646e-01 -4.557743e-01
    outer loop
      vertex   -2.123372e-03 -1.267219e-02 -5.000000e-03
      vertex   -2.579086e-03 -1.242091e-02 -6.000000e-03
      vertex   -2.487342e-03 -1.230822e-02 -6.000000e-03
    endloop
  endfacet
  facet normal 7.958403e-01 -4.151634e-01 -4.407693e-01
    outer loop
      vertex   -2.123372e-03 -1.267219e-02 -5.000000e-03
      vertex   -2.487342e-03 -1.230822e-02 -6.000000e-03
      vertex   -2.055594e-03 -1.254227e-02 -5.000000e-03
    endloop
  endfacet
  facet normal 7.958403e-01 -4.151634e-01 -4.407693e-01
    outer loop
      vertex   -2.055594e-03 -1.254227e-02 -5.000000e-03
      vertex   -2.487342e-03 -1.230822e-02 -6.000000e-03
      vertex   -2.419564e-03 -1.217830e-02 -6.000000e-03
    endloop
  endfacet
  facet normal 8.752151e-01 -2.546943e-01 -4.112534e-01
    outer loop
      vertex   -2.055594e-03 -1.254227e-02 -5.000000e-03
      vertex   -2.419564e-03 -1.217830e-02 -6.000000e-03
      vertex   -2.014014e-03 -1.239938e-02 -5.000000e-03
    endloop
  endfacet
  facet normal 8.752151e-01 -2.546943e-01 -4.112534e-01
    outer loop
      vertex   -2.014014e-03 -1.239938e-02 -5.000000e-03
      vertex   -2.419564e-03 -1.217830e-02 -6.000000e-03
      vertex   -2.377984e-03 -1.203541e-02 -6.000000e-03
    endloop
  endfacet
  facet normal 9.257762e-01 -8.584010e-02 -3.681982e-01
    outer loop
      vertex   -2.014014e-03 -1.239938e-02 -5.000000e-03
      vertex   -2.377984e-03 -1.203541e-02 -6.000000e-03
      vertex   -2.000000e-03 -1.224825e-02 -5.000000e-03
    endloop
  endfacet
  facet normal 9.257762e-01 -8.584010e-02 -3.681982e-01
    outer loop
      vertex   -2.000000e-03 -1.224825e-02 -5.000000e-03
      vertex   -2.377984e-03 -1.203541e-02 -6.000000e-03
      vertex   -2.363970e-03 -1.188428e-02 -6.000000e-03
    endloop
  endfacet
  facet normal 9.257762e-01 8.584010e-02 -3.681982e-01
    outer loop
      vertex   -2.363970e-03 -8.115724e-03 -6.000000e-03
      vertex   -2.377984e-03 -7.964586e-03 -6.000000e-03
      vertex   -2.000000e-03 -7.751754e-03 -5.000000e-03
    endloop
  endfacet
  facet normal 9.257762e-01 8.584010e-02 -3.681982e-01
    outer loop
      vertex   -2.000000e-03 -7.751754e-03 -5.000000e-03
      vertex   -2.377984e-03 -7.964586e-03 -6.000000e-03
      vertex   -2.014014e-03 -7.600616e-03 -5.000000e-03
    endloop
  endfacet
  facet normal 8.752151e-01 2.546943e-01 -4.112534e-01
    outer loop
      vertex   -2.014014e-03 -7.600616e-03 -5.000000e-03
      vertex   -2.377984e-03 -7.964586e-03 -6.000000e-03
      vertex   -2.419564e-03 -7.821702e-03 -6.000000e-03
    endloop
  endfacet
  facet normal 8.752151e-01 2.546943e-01 -4.112534e-01
    outer loop
      vertex   -2.014014e-03 -7.600616e-03 -5.000000e-03
      vertex   -2.419564e-03 -7.821702e-03 -6.000000e-03
      vertex   -2.055594e-03 -7.457732e-03 -5.000000e-03
    endloop
  endfacet
  facet normal 7.958403e-01 4.151634e-01 -4.407693e-01
    outer loop
      vertex   -2.055594e-03 -7.457732e-03 -5.000000e-03
      vertex   -2.419564e-03 -7.821702e-03 -6.000000e-03
      vertex   -2.487342e-03 -7.691776e-03 -6.000000e-03
    endloop
  endfacet
  facet normal 7.958403e-01 4.151634e-01 -4.407693e-01
    outer loop
      vertex   -2.055594e-03 -7.457732e-03 -5.000000e-03
      vertex   -2.487342e-03 -7.691776e-03 -6.000000e-03
      vertex   -2.123372e-03 -7.327806e-03 -5.000000e-03
    endloop
  endfacet
  facet normal 6.902649e-01 5.619646e-01 -4.557743e-01
    outer loop
      vertex   -2.123372e-03 -7.327806e-03 -5.000000e-03
      vertex   -2.487342e-03 -7.691776e-03 -6.000000e-03
      vertex   -2.579086e-03 -7.579086e-03 -6.000000e-03
    endloop
  endfacet
  facet normal 6.902649e-01 5.619646e-01 -4.557743e-01
    outer loop
      vertex   -2.123372e-03 -7.327806e-03 -5.000000e-03
      vertex   -2.579086e-03 -7.579086e-03 -6.000000e-03
      vertex   -2.215116e-03 -7.215116e-03 -5.000000e-03
    endloop
  endfacet
  facet normal 5.619646e-01 6.902649e-01 -4.557743e-01
    outer loop
      vertex   -2.215116e-03 -7.215116e-03 -5.000000e-03
      vertex   -2.579086e-03 -7.579086e-03 -6.000000e-03
      vertex   -2.327806e-03 -7.123372e-03 -5.000000e-03
    endloop
  endfacet
  facet normal 5.619646e-01 6.902649e-01 -4.557743e-01
    outer loop
      vertex   -2.327806e-03 -7.123372e-03 -5.000000e-03
      vertex   -2.579086e-03 -7.579086e-03 -6.000000e-03
      vertex   -2.691776e-03 -7.487342e-03 -6.000000e-03
    endloop
  endfacet
  facet normal 4.151634e-01 7.958403e-01 -4.407693e-01
    outer loop
      vertex   -2.327806e-03 -7.123372e-03 -5.000000e-03
      vertex   -2.691776e-03 -7.487342e-03 -6.000000e-03
      vertex   -2.457732e-03 -7.055594e-03 -5.000000e-03
    endloop
  endfacet
  facet normal 4.151634e-01 7.958403e-01 -4.407693e-01
    outer loop
      vertex   -2.457732e-03 -7.055594e-03 -5.000000e-03
      vertex   -2.691776e-03 -7.487342e-03 -6.000000e-03
      vertex   -2.821702e-03 -7.419564e-03 -6.000000e-03
    endloop
  endfacet
  facet normal 2.546943e-01 8.752151e-01 -4.112534e-01
    outer loop
      vertex   -2.457732e-03 -7.055594e-03 -5.000000e-03
      vertex   -2.821702e-03 -7.419564e-03 -6.000000e-03
      vertex   -2.600616e-03 -7.014014e-03 -5.000000e-03
    endloop
  endfacet
  facet normal 2.546943e-01 8.752151e-01 -4.112534e-01
    outer loop
      vertex   -2.600616e-03 -7.014014e-03 -5.000000e-03
      vertex   -2.821702e-03 -7.419564e-03 -6.000000e-03
      vertex   -2.964586e-03 -7.377984e-03 -6.000000e-03
    endloop
  endfacet
  facet normal 8.584010e-02 9.257762e-01 -3.681982e-01
    outer loop
      vertex   -2.600616e-03 -7.014014e-03 -5.000000e-03
      vertex   -2.964586e-03 -7.377984e-03 -6.000000e-03
      vertex   -2.751754e-03 -7.000000e-03 -5.000000e-03
    endloop
  endfacet
  facet normal 8.584010e-02 9.257762e-01 -3.681982e-01
    outer loop
      vertex   -2.751754e-03 -7.000000e-03 -5.000000e-03
      vertex   -2.964586e-03 -7.377984e-03 -6.000000e-03
      vertex   -3.115724e-03 -7.363970e-03 -6.000000e-03
    endloop
  endfacet
endsolid
